(7, 2, 1, 10, [0.17, 0.05, 0.02, 5.74E-3, 2.53E-3, 8.29E-3, 5.67E-3, 5.02E-3, 1.50E-4, 6.06E-4])
(11, 2, 1, 10, [0.17, 0.06, 0.03, 0.01, 6.08E-3, 1.93E-3, 8.35E-4, 3.00E-3, 5.00E-3, 7.15E-3])
(13, 2, 1, 10, [0.17, 0.06, 0.03, 0.01, 5.54E-3, 1.29E-3, 1.61E-3, 3.95E-3, 1.16E-3, 3.82E-3])
(17, 2, 1, 10, [4.59E-4, 0.06, 3.82E-4, 0.02, 4.82E-4, 4.64E-3, 6.96E-4, 1.09E-3, 1.09E-3, 6.02E-4])
(19, 2, 1, 10, [0.18, 0.06, 0.03, 0.02, 8.32E-3, 4.60E-3, 2.41E-3, 1.03E-3, 6.80E-5, 6.95E-4])
(23, 2, 1, 10, [0.18, 0.06, 0.03, 0.02, 8.55E-3, 4.87E-3, 2.74E-3, 1.44E-3, 5.80E-4, 4.32E-5])
(29, 2, 1, 10, [0.18, 0.06, 0.03, 0.02, 8.56E-3, 4.87E-3, 2.75E-3, 1.44E-3, 5.88E-4, 3.37E-5])
(31, 2, 1, 10, [0.18, 0.06, 0.03, 0.02, 8.72E-3, 5.07E-3, 2.99E-3, 1.75E-3, 9.66E-4, 4.48E-4])
(37, 2, 1, 10, [0.18, 0.06, 0.03, 0.02, 8.70E-3, 5.05E-3, 2.96E-3, 1.71E-3, 9.22E-4, 3.92E-4])
(41, 2, 1, 10, [3.15E-5, 0.06, 2.63E-5, 0.02, 3.31E-5, 5.17E-3, 4.79E-5, 1.89E-3, 7.47E-5, 6.86E-4])
(43, 2, 1, 10, [0.18, 0.06, 0.03, 0.02, 8.80E-3, 5.16E-3, 3.09E-3, 1.88E-3, 1.13E-3, 6.58E-4])
(47, 2, 1, 10, [0.18, 0.06, 0.03, 0.02, 8.81E-3, 5.17E-3, 3.11E-3, 1.89E-3, 1.15E-3, 6.87E-4])
(53, 2, 1, 10, [0.18, 0.06, 0.03, 0.02, 8.79E-3, 5.15E-3, 3.09E-3, 1.87E-3, 1.12E-3, 6.50E-4])
(59, 2, 1, 10, [0.18, 0.06, 0.03, 0.02, 8.82E-3, 5.19E-3, 3.13E-3, 1.92E-3, 1.19E-3, 7.34E-4])
(61, 2, 1, 10, [0.18, 0.06, 0.03, 0.02, 8.81E-3, 5.17E-3, 3.11E-3, 1.90E-3, 1.16E-3, 6.95E-4])
(67, 2, 1, 10, [0.18, 0.06, 0.03, 0.02, 8.83E-3, 5.19E-3, 3.14E-3, 1.93E-3, 1.20E-3, 7.49E-4])
(71, 2, 1, 10, [0.18, 0.06, 0.03, 0.02, 8.83E-3, 5.20E-3, 3.14E-3, 1.94E-3, 1.21E-3, 7.54E-4])
(73, 2, 1, 10, [1.66E-5, 0.06, 1.38E-5, 0.02, 1.74E-5, 5.19E-3, 2.52E-5, 1.92E-3, 3.93E-5, 7.31E-4])
(79, 2, 1, 10, [0.18, 0.06, 0.03, 0.02, 8.83E-3, 5.20E-3, 3.15E-3, 1.94E-3, 1.21E-3, 7.62E-4])
(83, 2, 1, 10, [0.18, 0.06, 0.03, 0.02, 8.83E-3, 5.20E-3, 3.15E-3, 1.94E-3, 1.21E-3, 7.64E-4])
(89, 2, 1, 10, [3.04E-6, 0.06, 2.54E-6, 0.02, 3.20E-6, 5.20E-3, 4.62E-6, 1.95E-3, 7.21E-6, 7.72E-4])
(97, 2, 1, 10, [7.05E-6, 0.06, 5.87E-6, 0.02, 7.40E-6, 5.20E-3, 1.07E-5, 1.94E-3, 1.67E-5, 7.60E-4])
(101, 2, 1, 10, [0.18, 0.06, 0.03, 0.02, 8.83E-3, 5.20E-3, 3.15E-3, 1.94E-3, 1.21E-3, 7.62E-4])
(103, 2, 1, 10, [0.18, 0.06, 0.03, 0.02, 8.84E-3, 5.20E-3, 3.15E-3, 1.95E-3, 1.22E-3, 7.72E-4])
(107, 2, 1, 10, [0.18, 0.06, 0.03, 0.02, 8.84E-3, 5.21E-3, 3.15E-3, 1.95E-3, 1.22E-3, 7.73E-4])
(109, 2, 1, 10, [0.18, 0.06, 0.03, 0.02, 8.83E-3, 5.20E-3, 3.15E-3, 1.94E-3, 1.22E-3, 7.66E-4])
(113, 2, 1, 10, [1.48E-6, 0.06, 1.24E-6, 0.02, 1.56E-6, 5.21E-3, 2.25E-6, 1.95E-3, 3.51E-6, 7.77E-4])
(127, 2, 1, 10, [0.18, 0.06, 0.03, 0.02, 8.84E-3, 5.21E-3, 3.15E-3, 1.95E-3, 1.22E-3, 7.77E-4])
(131, 2, 1, 10, [0.18, 0.06, 0.03, 0.02, 8.84E-3, 5.21E-3, 3.15E-3, 1.95E-3, 1.22E-3, 7.77E-4])
(137, 2, 1, 10, [8.31E-7, 0.06, 6.93E-7, 0.02, 8.73E-7, 5.21E-3, 1.26E-6, 1.95E-3, 1.97E-6, 7.79E-4])
(139, 2, 1, 10, [0.18, 0.06, 0.03, 0.02, 8.84E-3, 5.21E-3, 3.15E-3, 1.95E-3, 1.22E-3, 7.78E-4])
(149, 2, 1, 10, [0.18, 0.06, 0.03, 0.02, 8.84E-3, 5.21E-3, 3.15E-3, 1.95E-3, 1.22E-3, 7.75E-4])
(151, 2, 1, 10, [0.18, 0.06, 0.03, 0.02, 8.84E-3, 5.21E-3, 3.16E-3, 1.95E-3, 1.23E-3, 7.78E-4])
(157, 2, 1, 10, [0.18, 0.06, 0.03, 0.02, 8.84E-3, 5.21E-3, 3.15E-3, 1.95E-3, 1.22E-3, 7.76E-4])
(163, 2, 1, 10, [0.18, 0.06, 0.03, 0.02, 8.84E-3, 5.21E-3, 3.16E-3, 1.95E-3, 1.23E-3, 7.79E-4])
(167, 2, 1, 10, [0.18, 0.06, 0.03, 0.02, 8.84E-3, 5.21E-3, 3.16E-3, 1.95E-3, 1.23E-3, 7.79E-4])
(173, 2, 1, 10, [0.18, 0.06, 0.03, 0.02, 8.84E-3, 5.21E-3, 3.15E-3, 1.95E-3, 1.22E-3, 7.78E-4])
(179, 2, 1, 10, [0.18, 0.06, 0.03, 0.02, 8.84E-3, 5.21E-3, 3.16E-3, 1.95E-3, 1.23E-3, 7.80E-4])
(181, 2, 1, 10, [0.18, 0.06, 0.03, 0.02, 8.84E-3, 5.21E-3, 3.16E-3, 1.95E-3, 1.23E-3, 7.78E-4])
(191, 2, 1, 10, [0.18, 0.06, 0.03, 0.02, 8.84E-3, 5.21E-3, 3.16E-3, 1.95E-3, 1.23E-3, 7.80E-4])
(193, 2, 1, 10, [8.90E-7, 0.06, 7.42E-7, 0.02, 9.34E-7, 5.21E-3, 1.35E-6, 1.95E-3, 2.11E-6, 7.79E-4])
(197, 2, 1, 10, [0.18, 0.06, 0.03, 0.02, 8.84E-3, 5.21E-3, 3.16E-3, 1.95E-3, 1.23E-3, 7.79E-4])
(199, 2, 1, 10, [0.18, 0.06, 0.03, 0.02, 8.84E-3, 5.21E-3, 3.16E-3, 1.95E-3, 1.23E-3, 7.80E-4])
(211, 2, 1, 10, [0.18, 0.06, 0.03, 0.02, 8.84E-3, 5.21E-3, 3.16E-3, 1.95E-3, 1.23E-3, 7.80E-4])
(223, 2, 1, 10, [0.18, 0.06, 0.03, 0.02, 8.84E-3, 5.21E-3, 3.16E-3, 1.95E-3, 1.23E-3, 7.80E-4])
(227, 2, 1, 10, [0.18, 0.06, 0.03, 0.02, 8.84E-3, 5.21E-3, 3.16E-3, 1.95E-3, 1.23E-3, 7.80E-4])
(229, 2, 1, 10, [0.18, 0.06, 0.03, 0.02, 8.84E-3, 5.21E-3, 3.16E-3, 1.95E-3, 1.23E-3, 7.80E-4])
(233, 2, 1, 10, [1.68E-7, 0.06, 1.40E-7, 0.02, 1.77E-7, 5.21E-3, 2.56E-7, 1.95E-3, 3.99E-7, 7.81E-4])
(239, 2, 1, 10, [0.18, 0.06, 0.03, 0.02, 8.84E-3, 5.21E-3, 3.16E-3, 1.95E-3, 1.23E-3, 7.81E-4])
(241, 2, 1, 10, [0.35, 0.19, 0.12, 0.08, 0.05, 0.04, 0.03, 0.02, 0.01, 8.59E-3])
(251, 2, 1, 10, [0.18, 0.06, 0.03, 0.02, 8.84E-3, 5.21E-3, 3.16E-3, 1.95E-3, 1.23E-3, 7.81E-4])
(257, 2, 1, 10, [1.25E-7, 0.06, 1.05E-7, 0.02, 1.32E-7, 5.21E-3, 1.90E-7, 1.95E-3, 2.97E-7, 7.81E-4])
(263, 2, 1, 10, [0.18, 0.06, 0.03, 0.02, 8.84E-3, 5.21E-3, 3.16E-3, 1.95E-3, 1.23E-3, 7.81E-4])
(269, 2, 1, 10, [0.18, 0.06, 0.03, 0.02, 8.84E-3, 5.21E-3, 3.16E-3, 1.95E-3, 1.23E-3, 7.80E-4])
(271, 2, 1, 10, [0.18, 0.06, 0.03, 0.02, 8.84E-3, 5.21E-3, 3.16E-3, 1.95E-3, 1.23E-3, 7.81E-4])
(277, 2, 1, 10, [0.18, 0.06, 0.03, 0.02, 8.84E-3, 5.21E-3, 3.16E-3, 1.95E-3, 1.23E-3, 7.80E-4])
(281, 2, 1, 10, [9.59E-8, 0.06, 8.00E-8, 0.02, 1.01E-7, 5.21E-3, 1.46E-7, 1.95E-3, 2.27E-7, 7.81E-4])
(283, 2, 1, 10, [0.18, 0.06, 0.03, 0.02, 8.84E-3, 5.21E-3, 3.16E-3, 1.95E-3, 1.23E-3, 7.81E-4])
(293, 2, 1, 10, [0.18, 0.06, 0.03, 0.02, 8.84E-3, 5.21E-3, 3.16E-3, 1.95E-3, 1.23E-3, 7.80E-4])
(307, 2, 1, 10, [0.18, 0.06, 0.03, 0.02, 8.84E-3, 5.21E-3, 3.16E-3, 1.95E-3, 1.23E-3, 7.81E-4])
(311, 2, 1, 10, [0.18, 0.06, 0.03, 0.02, 8.84E-3, 5.21E-3, 3.16E-3, 1.95E-3, 1.23E-3, 7.81E-4])
(313, 2, 1, 10, [2.08E-7, 0.06, 1.74E-7, 0.02, 2.19E-7, 5.21E-3, 3.16E-7, 1.95E-3, 4.93E-7, 7.81E-4])
(317, 2, 1, 10, [0.18, 0.06, 0.03, 0.02, 8.84E-3, 5.21E-3, 3.16E-3, 1.95E-3, 1.23E-3, 7.81E-4])
(331, 2, 1, 10, [0.18, 0.06, 0.03, 0.02, 8.84E-3, 5.21E-3, 3.16E-3, 1.95E-3, 1.23E-3, 7.81E-4])
(337, 2, 1, 10, [1.67E-7, 0.06, 1.39E-7, 0.02, 1.75E-7, 5.21E-3, 2.53E-7, 1.95E-3, 3.95E-7, 7.81E-4])
(347, 2, 1, 10, [0.18, 0.06, 0.03, 0.02, 8.84E-3, 5.21E-3, 3.16E-3, 1.95E-3, 1.23E-3, 7.81E-4])
(349, 2, 1, 10, [0.18, 0.06, 0.03, 0.02, 8.84E-3, 5.21E-3, 3.16E-3, 1.95E-3, 1.23E-3, 7.81E-4])
(353, 2, 1, 10, [4.84E-8, 0.06, 4.03E-8, 0.02, 5.08E-8, 5.21E-3, 7.34E-8, 1.95E-3, 1.15E-7, 7.81E-4])
(359, 2, 1, 10, [0.18, 0.06, 0.03, 0.02, 8.84E-3, 5.21E-3, 3.16E-3, 1.95E-3, 1.23E-3, 7.81E-4])
(367, 2, 1, 10, [0.18, 0.06, 0.03, 0.02, 8.84E-3, 5.21E-3, 3.16E-3, 1.95E-3, 1.23E-3, 7.81E-4])
(373, 2, 1, 10, [0.18, 0.06, 0.03, 0.02, 8.84E-3, 5.21E-3, 3.16E-3, 1.95E-3, 1.23E-3, 7.81E-4])
(379, 2, 1, 10, [0.18, 0.06, 0.03, 0.02, 8.84E-3, 5.21E-3, 3.16E-3, 1.95E-3, 1.23E-3, 7.81E-4])
(383, 2, 1, 10, [0.18, 0.06, 0.03, 0.02, 8.84E-3, 5.21E-3, 3.16E-3, 1.95E-3, 1.23E-3, 7.81E-4])
(389, 2, 1, 10, [0.18, 0.06, 0.03, 0.02, 8.84E-3, 5.21E-3, 3.16E-3, 1.95E-3, 1.23E-3, 7.81E-4])
(397, 2, 1, 10, [0.18, 0.06, 0.03, 0.02, 8.84E-3, 5.21E-3, 3.16E-3, 1.95E-3, 1.23E-3, 7.81E-4])
(401, 2, 1, 10, [3.30E-8, 0.06, 2.75E-8, 0.02, 3.46E-8, 5.21E-3, 5.01E-8, 1.95E-3, 7.81E-8, 7.81E-4])
(409, 2, 1, 10, [0.35, 0.19, 0.12, 0.08, 0.05, 0.04, 0.03, 0.02, 0.01, 8.59E-3])
(419, 2, 1, 10, [0.18, 0.06, 0.03, 0.02, 8.84E-3, 5.21E-3, 3.16E-3, 1.95E-3, 1.23E-3, 7.81E-4])
(421, 2, 1, 10, [0.18, 0.06, 0.03, 0.02, 8.84E-3, 5.21E-3, 3.16E-3, 1.95E-3, 1.23E-3, 7.81E-4])
(431, 2, 1, 10, [0.18, 0.06, 0.03, 0.02, 8.84E-3, 5.21E-3, 3.16E-3, 1.95E-3, 1.23E-3, 7.81E-4])
(433, 2, 1, 10, [7.86E-8, 0.06, 6.55E-8, 0.02, 8.25E-8, 5.21E-3, 1.19E-7, 1.95E-3, 1.86E-7, 7.81E-4])
(439, 2, 1, 10, [0.18, 0.06, 0.03, 0.02, 8.84E-3, 5.21E-3, 3.16E-3, 1.95E-3, 1.23E-3, 7.81E-4])
(443, 2, 1, 10, [0.18, 0.06, 0.03, 0.02, 8.84E-3, 5.21E-3, 3.16E-3, 1.95E-3, 1.23E-3, 7.81E-4])
(449, 2, 1, 10, [2.35E-8, 0.06, 1.96E-8, 0.02, 2.47E-8, 5.21E-3, 3.57E-8, 1.95E-3, 5.56E-8, 7.81E-4])
(457, 2, 1, 10, [6.68E-8, 0.06, 5.57E-8, 0.02, 7.02E-8, 5.21E-3, 1.01E-7, 1.95E-3, 1.58E-7, 7.81E-4])
(461, 2, 1, 10, [0.18, 0.06, 0.03, 0.02, 8.84E-3, 5.21E-3, 3.16E-3, 1.95E-3, 1.23E-3, 7.81E-4])
(463, 2, 1, 10, [0.18, 0.06, 0.03, 0.02, 8.84E-3, 5.21E-3, 3.16E-3, 1.95E-3, 1.23E-3, 7.81E-4])
(467, 2, 1, 10, [0.18, 0.06, 0.03, 0.02, 8.84E-3, 5.21E-3, 3.16E-3, 1.95E-3, 1.23E-3, 7.81E-4])
(479, 2, 1, 10, [0.18, 0.06, 0.03, 0.02, 8.84E-3, 5.21E-3, 3.16E-3, 1.95E-3, 1.23E-3, 7.81E-4])
(487, 2, 1, 10, [0.18, 0.06, 0.03, 0.02, 8.84E-3, 5.21E-3, 3.16E-3, 1.95E-3, 1.23E-3, 7.81E-4])
(491, 2, 1, 10, [0.18, 0.06, 0.03, 0.02, 8.84E-3, 5.21E-3, 3.16E-3, 1.95E-3, 1.23E-3, 7.81E-4])
(499, 2, 1, 10, [0.18, 0.06, 0.03, 0.02, 8.84E-3, 5.21E-3, 3.16E-3, 1.95E-3, 1.23E-3, 7.81E-4])
(503, 2, 1, 10, [0.18, 0.06, 0.03, 0.02, 8.84E-3, 5.21E-3, 3.16E-3, 1.95E-3, 1.23E-3, 7.81E-4])
(509, 2, 1, 10, [0.18, 0.06, 0.03, 0.02, 8.84E-3, 5.21E-3, 3.16E-3, 1.95E-3, 1.23E-3, 7.81E-4])
(521, 2, 1, 10, [1.50E-8, 0.06, 1.25E-8, 0.02, 1.58E-8, 5.21E-3, 2.28E-8, 1.95E-3, 3.56E-8, 7.81E-4])
(523, 2, 1, 10, [0.18, 0.06, 0.03, 0.02, 8.84E-3, 5.21E-3, 3.16E-3, 1.95E-3, 1.23E-3, 7.81E-4])
(541, 2, 1, 10, [0.18, 0.06, 0.03, 0.02, 8.84E-3, 5.21E-3, 3.16E-3, 1.95E-3, 1.23E-3, 7.81E-4])
(547, 2, 1, 10, [0.18, 0.06, 0.03, 0.02, 8.84E-3, 5.21E-3, 3.16E-3, 1.95E-3, 1.23E-3, 7.81E-4])
(557, 2, 1, 10, [0.18, 0.06, 0.03, 0.02, 8.84E-3, 5.21E-3, 3.16E-3, 1.95E-3, 1.23E-3, 7.81E-4])
(563, 2, 1, 10, [0.18, 0.06, 0.03, 0.02, 8.84E-3, 5.21E-3, 3.16E-3, 1.95E-3, 1.23E-3, 7.81E-4])
(569, 2, 1, 10, [1.15E-8, 0.06, 9.61E-9, 0.02, 1.21E-8, 5.21E-3, 1.75E-8, 1.95E-3, 2.73E-8, 7.81E-4])
(571, 2, 1, 10, [0.18, 0.06, 0.03, 0.02, 8.84E-3, 5.21E-3, 3.16E-3, 1.95E-3, 1.23E-3, 7.81E-4])
(577, 2, 1, 10, [3.32E-8, 0.06, 2.77E-8, 0.02, 3.48E-8, 5.21E-3, 5.04E-8, 1.95E-3, 7.86E-8, 7.81E-4])
(587, 2, 1, 10, [0.18, 0.06, 0.03, 0.02, 8.84E-3, 5.21E-3, 3.16E-3, 1.95E-3, 1.23E-3, 7.81E-4])
(593, 2, 1, 10, [1.02E-8, 0.06, 8.49E-9, 0.02, 1.07E-8, 5.21E-3, 1.55E-8, 1.95E-3, 2.41E-8, 7.81E-4])
(599, 2, 1, 10, [0.18, 0.06, 0.03, 0.02, 8.84E-3, 5.21E-3, 3.16E-3, 1.95E-3, 1.23E-3, 7.81E-4])
(601, 2, 1, 10, [0.35, 0.19, 0.12, 0.08, 0.05, 0.04, 0.03, 0.02, 0.01, 8.59E-3])
(607, 2, 1, 10, [0.18, 0.06, 0.03, 0.02, 8.84E-3, 5.21E-3, 3.16E-3, 1.95E-3, 1.23E-3, 7.81E-4])
(613, 2, 1, 10, [0.18, 0.06, 0.03, 0.02, 8.84E-3, 5.21E-3, 3.16E-3, 1.95E-3, 1.23E-3, 7.81E-4])
(617, 2, 1, 10, [9.05E-9, 0.06, 7.54E-9, 0.02, 9.50E-9, 5.21E-3, 1.37E-8, 1.95E-3, 2.14E-8, 7.81E-4])
(619, 2, 1, 10, [0.18, 0.06, 0.03, 0.02, 8.84E-3, 5.21E-3, 3.16E-3, 1.95E-3, 1.23E-3, 7.81E-4])
(631, 2, 1, 10, [0.18, 0.06, 0.03, 0.02, 8.84E-3, 5.21E-3, 3.16E-3, 1.95E-3, 1.23E-3, 7.81E-4])
(641, 2, 1, 10, [8.07E-9, 0.06, 6.72E-9, 0.02, 8.47E-9, 5.21E-3, 1.22E-8, 1.95E-3, 1.91E-8, 7.81E-4])
(643, 2, 1, 10, [0.18, 0.06, 0.03, 0.02, 8.84E-3, 5.21E-3, 3.16E-3, 1.95E-3, 1.23E-3, 7.81E-4])
(647, 2, 1, 10, [0.18, 0.06, 0.03, 0.02, 8.84E-3, 5.21E-3, 3.16E-3, 1.95E-3, 1.23E-3, 7.81E-4])
(653, 2, 1, 10, [0.18, 0.06, 0.03, 0.02, 8.84E-3, 5.21E-3, 3.16E-3, 1.95E-3, 1.23E-3, 7.81E-4])
(659, 2, 1, 10, [0.18, 0.06, 0.03, 0.02, 8.84E-3, 5.21E-3, 3.16E-3, 1.95E-3, 1.23E-3, 7.81E-4])
(661, 2, 1, 10, [0.18, 0.06, 0.03, 0.02, 8.84E-3, 5.21E-3, 3.16E-3, 1.95E-3, 1.23E-3, 7.81E-4])
(673, 2, 1, 10, [2.09E-8, 0.06, 1.74E-8, 0.02, 2.20E-8, 5.21E-3, 3.17E-8, 1.95E-3, 4.95E-8, 7.81E-4])
(677, 2, 1, 10, [0.18, 0.06, 0.03, 0.02, 8.84E-3, 5.21E-3, 3.16E-3, 1.95E-3, 1.23E-3, 7.81E-4])
(683, 2, 1, 10, [0.18, 0.06, 0.03, 0.02, 8.84E-3, 5.21E-3, 3.16E-3, 1.95E-3, 1.23E-3, 7.81E-4])
(691, 2, 1, 10, [0.18, 0.06, 0.03, 0.02, 8.84E-3, 5.21E-3, 3.16E-3, 1.95E-3, 1.23E-3, 7.81E-4])
(701, 2, 1, 10, [0.18, 0.06, 0.03, 0.02, 8.84E-3, 5.21E-3, 3.16E-3, 1.95E-3, 1.23E-3, 7.81E-4])
(709, 2, 1, 10, [0.18, 0.06, 0.03, 0.02, 8.84E-3, 5.21E-3, 3.16E-3, 1.95E-3, 1.23E-3, 7.81E-4])
(719, 2, 1, 10, [0.18, 0.06, 0.03, 0.02, 8.84E-3, 5.21E-3, 3.16E-3, 1.95E-3, 1.23E-3, 7.81E-4])
(727, 2, 1, 10, [0.18, 0.06, 0.03, 0.02, 8.84E-3, 5.21E-3, 3.16E-3, 1.95E-3, 1.23E-3, 7.81E-4])
(733, 2, 1, 10, [0.18, 0.06, 0.03, 0.02, 8.84E-3, 5.21E-3, 3.16E-3, 1.95E-3, 1.23E-3, 7.81E-4])
(739, 2, 1, 10, [0.18, 0.06, 0.03, 0.02, 8.84E-3, 5.21E-3, 3.16E-3, 1.95E-3, 1.23E-3, 7.81E-4])
(743, 2, 1, 10, [0.18, 0.06, 0.03, 0.02, 8.84E-3, 5.21E-3, 3.16E-3, 1.95E-3, 1.23E-3, 7.81E-4])
(751, 2, 1, 10, [0.18, 0.06, 0.03, 0.02, 8.84E-3, 5.21E-3, 3.16E-3, 1.95E-3, 1.23E-3, 7.81E-4])
(757, 2, 1, 10, [0.18, 0.06, 0.03, 0.02, 8.84E-3, 5.21E-3, 3.16E-3, 1.95E-3, 1.23E-3, 7.81E-4])
(761, 2, 1, 10, [4.82E-9, 0.06, 4.02E-9, 0.02, 5.06E-9, 5.21E-3, 7.32E-9, 1.95E-3, 1.14E-8, 7.81E-4])
(769, 2, 1, 10, [0.35, 0.19, 0.12, 0.08, 0.05, 0.04, 0.03, 0.02, 0.01, 8.59E-3])
(773, 2, 1, 10, [0.18, 0.06, 0.03, 0.02, 8.84E-3, 5.21E-3, 3.16E-3, 1.95E-3, 1.23E-3, 7.81E-4])
(787, 2, 1, 10, [0.18, 0.06, 0.03, 0.02, 8.84E-3, 5.21E-3, 3.16E-3, 1.95E-3, 1.23E-3, 7.81E-4])
(797, 2, 1, 10, [0.18, 0.06, 0.03, 0.02, 8.84E-3, 5.21E-3, 3.16E-3, 1.95E-3, 1.23E-3, 7.81E-4])
(809, 2, 1, 10, [4.01E-9, 0.06, 3.34E-9, 0.02, 4.21E-9, 5.21E-3, 6.09E-9, 1.95E-3, 9.50E-9, 7.81E-4])
(811, 2, 1, 10, [0.18, 0.06, 0.03, 0.02, 8.84E-3, 5.21E-3, 3.16E-3, 1.95E-3, 1.23E-3, 7.81E-4])
(821, 2, 1, 10, [0.18, 0.06, 0.03, 0.02, 8.84E-3, 5.21E-3, 3.16E-3, 1.95E-3, 1.23E-3, 7.81E-4])
(823, 2, 1, 10, [0.18, 0.06, 0.03, 0.02, 8.84E-3, 5.21E-3, 3.16E-3, 1.95E-3, 1.23E-3, 7.81E-4])
(827, 2, 1, 10, [0.18, 0.06, 0.03, 0.02, 8.84E-3, 5.21E-3, 3.16E-3, 1.95E-3, 1.23E-3, 7.81E-4])
(829, 2, 1, 10, [0.18, 0.06, 0.03, 0.02, 8.84E-3, 5.21E-3, 3.16E-3, 1.95E-3, 1.23E-3, 7.81E-4])
(839, 2, 1, 10, [0.18, 0.06, 0.03, 0.02, 8.84E-3, 5.21E-3, 3.16E-3, 1.95E-3, 1.23E-3, 7.81E-4])
(853, 2, 1, 10, [0.18, 0.06, 0.03, 0.02, 8.84E-3, 5.21E-3, 3.16E-3, 1.95E-3, 1.23E-3, 7.81E-4])
(857, 2, 1, 10, [3.37E-9, 0.06, 2.81E-9, 0.02, 3.54E-9, 5.21E-3, 5.12E-9, 1.95E-3, 7.99E-9, 7.81E-4])
(859, 2, 1, 10, [0.18, 0.06, 0.03, 0.02, 8.84E-3, 5.21E-3, 3.16E-3, 1.95E-3, 1.23E-3, 7.81E-4])
(863, 2, 1, 10, [0.18, 0.06, 0.03, 0.02, 8.84E-3, 5.21E-3, 3.16E-3, 1.95E-3, 1.23E-3, 7.81E-4])
(877, 2, 1, 10, [0.18, 0.06, 0.03, 0.02, 8.84E-3, 5.21E-3, 3.16E-3, 1.95E-3, 1.23E-3, 7.81E-4])
(881, 2, 1, 10, [3.11E-9, 0.06, 2.59E-9, 0.02, 3.26E-9, 5.21E-3, 4.71E-9, 1.95E-3, 7.35E-9, 7.81E-4])
(883, 2, 1, 10, [0.18, 0.06, 0.03, 0.02, 8.84E-3, 5.21E-3, 3.16E-3, 1.95E-3, 1.23E-3, 7.81E-4])
(887, 2, 1, 10, [0.18, 0.06, 0.03, 0.02, 8.84E-3, 5.21E-3, 3.16E-3, 1.95E-3, 1.23E-3, 7.81E-4])
(907, 2, 1, 10, [0.18, 0.06, 0.03, 0.02, 8.84E-3, 5.21E-3, 3.16E-3, 1.95E-3, 1.23E-3, 7.81E-4])
(911, 2, 1, 10, [0.18, 0.06, 0.03, 0.02, 8.84E-3, 5.21E-3, 3.16E-3, 1.95E-3, 1.23E-3, 7.81E-4])
(919, 2, 1, 10, [0.18, 0.06, 0.03, 0.02, 8.84E-3, 5.21E-3, 3.16E-3, 1.95E-3, 1.23E-3, 7.81E-4])
(929, 2, 1, 10, [2.65E-9, 0.06, 2.21E-9, 0.02, 2.78E-9, 5.21E-3, 4.02E-9, 1.95E-3, 6.27E-9, 7.81E-4])
(937, 2, 1, 10, [7.74E-9, 0.06, 6.45E-9, 0.02, 8.13E-9, 5.21E-3, 1.18E-8, 1.95E-3, 1.83E-8, 7.81E-4])
(941, 2, 1, 10, [0.18, 0.06, 0.03, 0.02, 8.84E-3, 5.21E-3, 3.16E-3, 1.95E-3, 1.23E-3, 7.81E-4])
(947, 2, 1, 10, [0.18, 0.06, 0.03, 0.02, 8.84E-3, 5.21E-3, 3.16E-3, 1.95E-3, 1.23E-3, 7.81E-4])
(953, 2, 1, 10, [2.45E-9, 0.06, 2.04E-9, 0.02, 2.58E-9, 5.21E-3, 3.72E-9, 1.95E-3, 5.81E-9, 7.81E-4])
(967, 2, 1, 10, [0.18, 0.06, 0.03, 0.02, 8.84E-3, 5.21E-3, 3.16E-3, 1.95E-3, 1.23E-3, 7.81E-4])
(971, 2, 1, 10, [0.18, 0.06, 0.03, 0.02, 8.84E-3, 5.21E-3, 3.16E-3, 1.95E-3, 1.23E-3, 7.81E-4])
(977, 2, 1, 10, [2.28E-9, 0.06, 1.90E-9, 0.02, 2.39E-9, 5.21E-3, 3.46E-9, 1.95E-3, 5.39E-9, 7.81E-4])
(983, 2, 1, 10, [0.18, 0.06, 0.03, 0.02, 8.84E-3, 5.21E-3, 3.16E-3, 1.95E-3, 1.23E-3, 7.81E-4])
(991, 2, 1, 10, [0.18, 0.06, 0.03, 0.02, 8.84E-3, 5.21E-3, 3.16E-3, 1.95E-3, 1.23E-3, 7.81E-4])
(997, 2, 1, 10, [0.18, 0.06, 0.03, 0.02, 8.84E-3, 5.21E-3, 3.16E-3, 1.95E-3, 1.23E-3, 7.81E-4])
(1009, 2, 1, 10, [6.20E-9, 0.06, 5.17E-9, 0.02, 6.51E-9, 5.21E-3, 9.41E-9, 1.95E-3, 1.47E-8, 7.81E-4])
(1013, 2, 1, 10, [0.18, 0.06, 0.03, 0.02, 8.84E-3, 5.21E-3, 3.16E-3, 1.95E-3, 1.23E-3, 7.81E-4])
(1019, 2, 1, 10, [0.18, 0.06, 0.03, 0.02, 8.84E-3, 5.21E-3, 3.16E-3, 1.95E-3, 1.23E-3, 7.81E-4])
(1021, 2, 1, 10, [0.18, 0.06, 0.03, 0.02, 8.84E-3, 5.21E-3, 3.16E-3, 1.95E-3, 1.23E-3, 7.81E-4])
(1031, 2, 1, 10, [0.18, 0.06, 0.03, 0.02, 8.84E-3, 5.21E-3, 3.16E-3, 1.95E-3, 1.23E-3, 7.81E-4])
(1033, 2, 1, 10, [5.78E-9, 0.06, 4.82E-9, 0.02, 6.07E-9, 5.21E-3, 8.77E-9, 1.95E-3, 1.37E-8, 7.81E-4])
(1039, 2, 1, 10, [0.18, 0.06, 0.03, 0.02, 8.84E-3, 5.21E-3, 3.16E-3, 1.95E-3, 1.23E-3, 7.81E-4])
(1049, 2, 1, 10, [1.84E-9, 0.06, 1.53E-9, 0.02, 1.93E-9, 5.21E-3, 2.79E-9, 1.95E-3, 4.36E-9, 7.81E-4])
(1051, 2, 1, 10, [0.18, 0.06, 0.03, 0.02, 8.84E-3, 5.21E-3, 3.16E-3, 1.95E-3, 1.23E-3, 7.81E-4])
(1061, 2, 1, 10, [0.18, 0.06, 0.03, 0.02, 8.84E-3, 5.21E-3, 3.16E-3, 1.95E-3, 1.23E-3, 7.81E-4])
(1063, 2, 1, 10, [0.18, 0.06, 0.03, 0.02, 8.84E-3, 5.21E-3, 3.16E-3, 1.95E-3, 1.23E-3, 7.81E-4])
(1069, 2, 1, 10, [0.18, 0.06, 0.03, 0.02, 8.84E-3, 5.21E-3, 3.16E-3, 1.95E-3, 1.23E-3, 7.81E-4])
(1087, 2, 1, 10, [0.18, 0.06, 0.03, 0.02, 8.84E-3, 5.21E-3, 3.16E-3, 1.95E-3, 1.23E-3, 7.81E-4])
(1091, 2, 1, 10, [0.18, 0.06, 0.03, 0.02, 8.84E-3, 5.21E-3, 3.16E-3, 1.95E-3, 1.23E-3, 7.81E-4])
(1093, 2, 1, 10, [0.18, 0.06, 0.03, 0.02, 8.84E-3, 5.21E-3, 3.16E-3, 1.95E-3, 1.23E-3, 7.81E-4])
(1097, 2, 1, 10, [1.61E-9, 0.06, 1.34E-9, 0.02, 1.69E-9, 5.21E-3, 2.44E-9, 1.95E-3, 3.81E-9, 7.81E-4])
(1103, 2, 1, 10, [0.18, 0.06, 0.03, 0.02, 8.84E-3, 5.21E-3, 3.16E-3, 1.95E-3, 1.23E-3, 7.81E-4])
(1109, 2, 1, 10, [0.18, 0.06, 0.03, 0.02, 8.84E-3, 5.21E-3, 3.16E-3, 1.95E-3, 1.23E-3, 7.81E-4])
(1117, 2, 1, 10, [0.18, 0.06, 0.03, 0.02, 8.84E-3, 5.21E-3, 3.16E-3, 1.95E-3, 1.23E-3, 7.81E-4])
(1123, 2, 1, 10, [0.18, 0.06, 0.03, 0.02, 8.84E-3, 5.21E-3, 3.16E-3, 1.95E-3, 1.23E-3, 7.81E-4])
(1129, 2, 1, 10, [4.43E-9, 0.06, 3.69E-9, 0.02, 4.65E-9, 5.21E-3, 6.72E-9, 1.95E-3, 1.05E-8, 7.81E-4])
(1151, 2, 1, 10, [0.18, 0.06, 0.03, 0.02, 8.84E-3, 5.21E-3, 3.16E-3, 1.95E-3, 1.23E-3, 7.81E-4])
(1153, 2, 1, 10, [4.16E-9, 0.06, 3.46E-9, 0.02, 4.36E-9, 5.21E-3, 6.31E-9, 1.95E-3, 9.84E-9, 7.81E-4])
(1163, 2, 1, 10, [0.18, 0.06, 0.03, 0.02, 8.84E-3, 5.21E-3, 3.16E-3, 1.95E-3, 1.23E-3, 7.81E-4])
(1171, 2, 1, 10, [0.18, 0.06, 0.03, 0.02, 8.84E-3, 5.21E-3, 3.16E-3, 1.95E-3, 1.23E-3, 7.81E-4])
(1181, 2, 1, 10, [0.18, 0.06, 0.03, 0.02, 8.84E-3, 5.21E-3, 3.16E-3, 1.95E-3, 1.23E-3, 7.81E-4])
(1187, 2, 1, 10, [0.18, 0.06, 0.03, 0.02, 8.84E-3, 5.21E-3, 3.16E-3, 1.95E-3, 1.23E-3, 7.81E-4])
(1193, 2, 1, 10, [1.25E-9, 0.06, 1.04E-9, 0.02, 1.31E-9, 5.21E-3, 1.90E-9, 1.95E-3, 2.96E-9, 7.81E-4])
(1201, 2, 1, 10, [3.68E-9, 0.06, 3.06E-9, 0.02, 3.86E-9, 5.21E-3, 5.58E-9, 1.95E-3, 8.71E-9, 7.81E-4])
(1213, 2, 1, 10, [0.18, 0.06, 0.03, 0.02, 8.84E-3, 5.21E-3, 3.16E-3, 1.95E-3, 1.23E-3, 7.81E-4])
(1217, 2, 1, 10, [1.18E-9, 0.06, 9.82E-10, 0.02, 1.24E-9, 5.21E-3, 1.79E-9, 1.95E-3, 2.79E-9, 7.81E-4])
(1223, 2, 1, 10, [0.18, 0.06, 0.03, 0.02, 8.84E-3, 5.21E-3, 3.16E-3, 1.95E-3, 1.23E-3, 7.81E-4])
(1229, 2, 1, 10, [0.18, 0.06, 0.03, 0.02, 8.84E-3, 5.21E-3, 3.16E-3, 1.95E-3, 1.23E-3, 7.81E-4])
(1231, 2, 1, 10, [0.18, 0.06, 0.03, 0.02, 8.84E-3, 5.21E-3, 3.16E-3, 1.95E-3, 1.23E-3, 7.81E-4])
(1237, 2, 1, 10, [0.18, 0.06, 0.03, 0.02, 8.84E-3, 5.21E-3, 3.16E-3, 1.95E-3, 1.23E-3, 7.81E-4])
(1249, 2, 1, 10, [0.35, 0.19, 0.12, 0.08, 0.05, 0.04, 0.03, 0.02, 0.01, 8.59E-3])
(1259, 2, 1, 10, [0.18, 0.06, 0.03, 0.02, 8.84E-3, 5.21E-3, 3.16E-3, 1.95E-3, 1.23E-3, 7.81E-4])
(1277, 2, 1, 10, [0.18, 0.06, 0.03, 0.02, 8.84E-3, 5.21E-3, 3.16E-3, 1.95E-3, 1.23E-3, 7.81E-4])
(1279, 2, 1, 10, [0.18, 0.06, 0.03, 0.02, 8.84E-3, 5.21E-3, 3.16E-3, 1.95E-3, 1.23E-3, 7.81E-4])
(1283, 2, 1, 10, [0.18, 0.06, 0.03, 0.02, 8.84E-3, 5.21E-3, 3.16E-3, 1.95E-3, 1.23E-3, 7.81E-4])
(1289, 2, 1, 10, [9.91E-10, 0.06, 8.26E-10, 0.02, 1.04E-9, 5.21E-3, 1.50E-9, 1.95E-3, 2.35E-9, 7.81E-4])
(1291, 2, 1, 10, [0.18, 0.06, 0.03, 0.02, 8.84E-3, 5.21E-3, 3.16E-3, 1.95E-3, 1.23E-3, 7.81E-4])
(1297, 2, 1, 10, [2.92E-9, 0.06, 2.43E-9, 0.02, 3.07E-9, 5.21E-3, 4.43E-9, 1.95E-3, 6.91E-9, 7.81E-4])
(1301, 2, 1, 10, [0.18, 0.06, 0.03, 0.02, 8.84E-3, 5.21E-3, 3.16E-3, 1.95E-3, 1.23E-3, 7.81E-4])
(1303, 2, 1, 10, [0.18, 0.06, 0.03, 0.02, 8.84E-3, 5.21E-3, 3.16E-3, 1.95E-3, 1.23E-3, 7.81E-4])
(1307, 2, 1, 10, [0.18, 0.06, 0.03, 0.02, 8.84E-3, 5.21E-3, 3.16E-3, 1.95E-3, 1.23E-3, 7.81E-4])
(1319, 2, 1, 10, [0.18, 0.06, 0.03, 0.02, 8.84E-3, 5.21E-3, 3.16E-3, 1.95E-3, 1.23E-3, 7.81E-4])
(1321, 2, 1, 10, [0.35, 0.19, 0.12, 0.08, 0.05, 0.04, 0.03, 0.02, 0.01, 8.59E-3])
(1327, 2, 1, 10, [0.18, 0.06, 0.03, 0.02, 8.84E-3, 5.21E-3, 3.16E-3, 1.95E-3, 1.23E-3, 7.81E-4])
(1361, 2, 1, 10, [8.42E-10, 0.06, 7.02E-10, 0.02, 8.84E-10, 5.21E-3, 1.28E-9, 1.95E-3, 1.99E-9, 7.81E-4])
(1367, 2, 1, 10, [0.18, 0.06, 0.03, 0.02, 8.84E-3, 5.21E-3, 3.16E-3, 1.95E-3, 1.23E-3, 7.81E-4])
(1373, 2, 1, 10, [0.18, 0.06, 0.03, 0.02, 8.84E-3, 5.21E-3, 3.16E-3, 1.95E-3, 1.23E-3, 7.81E-4])
(1381, 2, 1, 10, [0.18, 0.06, 0.03, 0.02, 8.84E-3, 5.21E-3, 3.16E-3, 1.95E-3, 1.23E-3, 7.81E-4])
(1399, 2, 1, 10, [0.18, 0.06, 0.03, 0.02, 8.84E-3, 5.21E-3, 3.16E-3, 1.95E-3, 1.23E-3, 7.81E-4])
(1409, 2, 1, 10, [7.59E-10, 0.06, 6.32E-10, 0.02, 7.97E-10, 5.21E-3, 1.15E-9, 1.95E-3, 1.80E-9, 7.81E-4])
(1423, 2, 1, 10, [0.18, 0.06, 0.03, 0.02, 8.84E-3, 5.21E-3, 3.16E-3, 1.95E-3, 1.23E-3, 7.81E-4])
(1427, 2, 1, 10, [0.18, 0.06, 0.03, 0.02, 8.84E-3, 5.21E-3, 3.16E-3, 1.95E-3, 1.23E-3, 7.81E-4])
(1429, 2, 1, 10, [0.18, 0.06, 0.03, 0.02, 8.84E-3, 5.21E-3, 3.16E-3, 1.95E-3, 1.23E-3, 7.81E-4])
(1433, 2, 1, 10, [7.21E-10, 0.06, 6.01E-10, 0.02, 7.57E-10, 5.21E-3, 1.09E-9, 1.95E-3, 1.71E-9, 7.81E-4])
(1439, 2, 1, 10, [0.18, 0.06, 0.03, 0.02, 8.84E-3, 5.21E-3, 3.16E-3, 1.95E-3, 1.23E-3, 7.81E-4])
(1447, 2, 1, 10, [0.18, 0.06, 0.03, 0.02, 8.84E-3, 5.21E-3, 3.16E-3, 1.95E-3, 1.23E-3, 7.81E-4])
(1451, 2, 1, 10, [0.18, 0.06, 0.03, 0.02, 8.84E-3, 5.21E-3, 3.16E-3, 1.95E-3, 1.23E-3, 7.81E-4])
(1453, 2, 1, 10, [0.18, 0.06, 0.03, 0.02, 8.84E-3, 5.21E-3, 3.16E-3, 1.95E-3, 1.23E-3, 7.81E-4])
(1459, 2, 1, 10, [0.18, 0.06, 0.03, 0.02, 8.84E-3, 5.21E-3, 3.16E-3, 1.95E-3, 1.23E-3, 7.81E-4])
(1471, 2, 1, 10, [0.18, 0.06, 0.03, 0.02, 8.84E-3, 5.21E-3, 3.16E-3, 1.95E-3, 1.23E-3, 7.81E-4])
(1481, 2, 1, 10, [6.53E-10, 0.06, 5.45E-10, 0.02, 6.86E-10, 5.21E-3, 9.92E-10, 1.95E-3, 1.55E-9, 7.81E-4])
(1483, 2, 1, 10, [0.18, 0.06, 0.03, 0.02, 8.84E-3, 5.21E-3, 3.16E-3, 1.95E-3, 1.23E-3, 7.81E-4])
(1487, 2, 1, 10, [0.18, 0.06, 0.03, 0.02, 8.84E-3, 5.21E-3, 3.16E-3, 1.95E-3, 1.23E-3, 7.81E-4])
(1489, 2, 1, 10, [0.35, 0.19, 0.12, 0.08, 0.05, 0.04, 0.03, 0.02, 0.01, 8.59E-3])
(1493, 2, 1, 10, [0.18, 0.06, 0.03, 0.02, 8.84E-3, 5.21E-3, 3.16E-3, 1.95E-3, 1.23E-3, 7.81E-4])
(1499, 2, 1, 10, [0.18, 0.06, 0.03, 0.02, 8.84E-3, 5.21E-3, 3.16E-3, 1.95E-3, 1.23E-3, 7.81E-4])
(1511, 2, 1, 10, [0.18, 0.06, 0.03, 0.02, 8.84E-3, 5.21E-3, 3.16E-3, 1.95E-3, 1.23E-3, 7.81E-4])
(1523, 2, 1, 10, [0.18, 0.06, 0.03, 0.02, 8.84E-3, 5.21E-3, 3.16E-3, 1.95E-3, 1.23E-3, 7.81E-4])
(1531, 2, 1, 10, [0.18, 0.06, 0.03, 0.02, 8.84E-3, 5.21E-3, 3.16E-3, 1.95E-3, 1.23E-3, 7.81E-4])
(1543, 2, 1, 10, [0.18, 0.06, 0.03, 0.02, 8.84E-3, 5.21E-3, 3.16E-3, 1.95E-3, 1.23E-3, 7.81E-4])
(1549, 2, 1, 10, [0.18, 0.06, 0.03, 0.02, 8.84E-3, 5.21E-3, 3.16E-3, 1.95E-3, 1.23E-3, 7.81E-4])
(1553, 2, 1, 10, [5.67E-10, 0.06, 4.72E-10, 0.02, 5.95E-10, 5.21E-3, 8.60E-10, 1.95E-3, 1.34E-9, 7.81E-4])
(1559, 2, 1, 10, [0.18, 0.06, 0.03, 0.02, 8.84E-3, 5.21E-3, 3.16E-3, 1.95E-3, 1.23E-3, 7.81E-4])
(1567, 2, 1, 10, [0.18, 0.06, 0.03, 0.02, 8.84E-3, 5.21E-3, 3.16E-3, 1.95E-3, 1.23E-3, 7.81E-4])
(1571, 2, 1, 10, [0.18, 0.06, 0.03, 0.02, 8.84E-3, 5.21E-3, 3.16E-3, 1.95E-3, 1.23E-3, 7.81E-4])
(1579, 2, 1, 10, [0.18, 0.06, 0.03, 0.02, 8.84E-3, 5.21E-3, 3.16E-3, 1.95E-3, 1.23E-3, 7.81E-4])
(1583, 2, 1, 10, [0.18, 0.06, 0.03, 0.02, 8.84E-3, 5.21E-3, 3.16E-3, 1.95E-3, 1.23E-3, 7.81E-4])
(1597, 2, 1, 10, [0.18, 0.06, 0.03, 0.02, 8.84E-3, 5.21E-3, 3.16E-3, 1.95E-3, 1.23E-3, 7.81E-4])
(1601, 2, 1, 10, [5.17E-10, 0.06, 4.31E-10, 0.02, 5.43E-10, 5.21E-3, 7.85E-10, 1.95E-3, 1.22E-9, 7.81E-4])
(1607, 2, 1, 10, [0.18, 0.06, 0.03, 0.02, 8.84E-3, 5.21E-3, 3.16E-3, 1.95E-3, 1.23E-3, 7.81E-4])
(1609, 2, 1, 10, [0.35, 0.19, 0.12, 0.08, 0.05, 0.04, 0.03, 0.02, 0.01, 8.59E-3])
(1613, 2, 1, 10, [0.18, 0.06, 0.03, 0.02, 8.84E-3, 5.21E-3, 3.16E-3, 1.95E-3, 1.23E-3, 7.81E-4])
(1619, 2, 1, 10, [0.18, 0.06, 0.03, 0.02, 8.84E-3, 5.21E-3, 3.16E-3, 1.95E-3, 1.23E-3, 7.81E-4])
(1621, 2, 1, 10, [0.18, 0.06, 0.03, 0.02, 8.84E-3, 5.21E-3, 3.16E-3, 1.95E-3, 1.23E-3, 7.81E-4])
(1627, 2, 1, 10, [0.18, 0.06, 0.03, 0.02, 8.84E-3, 5.21E-3, 3.16E-3, 1.95E-3, 1.23E-3, 7.81E-4])
(1637, 2, 1, 10, [0.18, 0.06, 0.03, 0.02, 8.84E-3, 5.21E-3, 3.16E-3, 1.95E-3, 1.23E-3, 7.81E-4])
(1657, 2, 1, 10, [1.40E-9, 0.06, 1.17E-9, 0.02, 1.47E-9, 5.21E-3, 2.12E-9, 1.95E-3, 3.31E-9, 7.81E-4])
(1663, 2, 1, 10, [0.18, 0.06, 0.03, 0.02, 8.84E-3, 5.21E-3, 3.16E-3, 1.95E-3, 1.23E-3, 7.81E-4])
(1667, 2, 1, 10, [0.18, 0.06, 0.03, 0.02, 8.84E-3, 5.21E-3, 3.16E-3, 1.95E-3, 1.23E-3, 7.81E-4])
(1669, 2, 1, 10, [0.18, 0.06, 0.03, 0.02, 8.84E-3, 5.21E-3, 3.16E-3, 1.95E-3, 1.23E-3, 7.81E-4])
(1693, 2, 1, 10, [0.18, 0.06, 0.03, 0.02, 8.84E-3, 5.21E-3, 3.16E-3, 1.95E-3, 1.23E-3, 7.81E-4])
(1697, 2, 1, 10, [4.34E-10, 0.06, 3.62E-10, 0.02, 4.56E-10, 5.21E-3, 6.59E-10, 1.95E-3, 1.03E-9, 7.81E-4])
(1699, 2, 1, 10, [0.18, 0.06, 0.03, 0.02, 8.84E-3, 5.21E-3, 3.16E-3, 1.95E-3, 1.23E-3, 7.81E-4])
(1709, 2, 1, 10, [0.18, 0.06, 0.03, 0.02, 8.84E-3, 5.21E-3, 3.16E-3, 1.95E-3, 1.23E-3, 7.81E-4])
(1721, 2, 1, 10, [4.16E-10, 0.06, 3.47E-10, 0.02, 4.37E-10, 5.21E-3, 6.32E-10, 1.95E-3, 9.86E-10, 7.81E-4])
(1723, 2, 1, 10, [0.18, 0.06, 0.03, 0.02, 8.84E-3, 5.21E-3, 3.16E-3, 1.95E-3, 1.23E-3, 7.81E-4])
(1733, 2, 1, 10, [0.18, 0.06, 0.03, 0.02, 8.84E-3, 5.21E-3, 3.16E-3, 1.95E-3, 1.23E-3, 7.81E-4])
(1741, 2, 1, 10, [0.18, 0.06, 0.03, 0.02, 8.84E-3, 5.21E-3, 3.16E-3, 1.95E-3, 1.23E-3, 7.81E-4])
(1747, 2, 1, 10, [0.18, 0.06, 0.03, 0.02, 8.84E-3, 5.21E-3, 3.16E-3, 1.95E-3, 1.23E-3, 7.81E-4])
(1753, 2, 1, 10, [1.18E-9, 0.06, 9.85E-10, 0.02, 1.24E-9, 5.21E-3, 1.79E-9, 1.95E-3, 2.80E-9, 7.81E-4])
(1759, 2, 1, 10, [0.18, 0.06, 0.03, 0.02, 8.84E-3, 5.21E-3, 3.16E-3, 1.95E-3, 1.23E-3, 7.81E-4])
(1777, 2, 1, 10, [1.13E-9, 0.06, 9.46E-10, 0.02, 1.19E-9, 5.21E-3, 1.72E-9, 1.95E-3, 2.69E-9, 7.81E-4])
(1783, 2, 1, 10, [0.18, 0.06, 0.03, 0.02, 8.84E-3, 5.21E-3, 3.16E-3, 1.95E-3, 1.23E-3, 7.81E-4])
(1787, 2, 1, 10, [0.18, 0.06, 0.03, 0.02, 8.84E-3, 5.21E-3, 3.16E-3, 1.95E-3, 1.23E-3, 7.81E-4])
(1789, 2, 1, 10, [0.18, 0.06, 0.03, 0.02, 8.84E-3, 5.21E-3, 3.16E-3, 1.95E-3, 1.23E-3, 7.81E-4])
(1801, 2, 1, 10, [1.09E-9, 0.06, 9.08E-10, 0.02, 1.14E-9, 5.21E-3, 1.65E-9, 1.95E-3, 2.58E-9, 7.81E-4])
(1811, 2, 1, 10, [0.18, 0.06, 0.03, 0.02, 8.84E-3, 5.21E-3, 3.16E-3, 1.95E-3, 1.23E-3, 7.81E-4])
(1823, 2, 1, 10, [0.18, 0.06, 0.03, 0.02, 8.84E-3, 5.21E-3, 3.16E-3, 1.95E-3, 1.23E-3, 7.81E-4])
(1831, 2, 1, 10, [0.18, 0.06, 0.03, 0.02, 8.84E-3, 5.21E-3, 3.16E-3, 1.95E-3, 1.23E-3, 7.81E-4])
(1847, 2, 1, 10, [0.18, 0.06, 0.03, 0.02, 8.84E-3, 5.21E-3, 3.16E-3, 1.95E-3, 1.23E-3, 7.81E-4])
(1861, 2, 1, 10, [0.18, 0.06, 0.03, 0.02, 8.84E-3, 5.21E-3, 3.16E-3, 1.95E-3, 1.23E-3, 7.81E-4])
(1867, 2, 1, 10, [0.18, 0.06, 0.03, 0.02, 8.84E-3, 5.21E-3, 3.16E-3, 1.95E-3, 1.23E-3, 7.81E-4])
(1871, 2, 1, 10, [0.18, 0.06, 0.03, 0.02, 8.84E-3, 5.21E-3, 3.16E-3, 1.95E-3, 1.23E-3, 7.81E-4])
(1873, 2, 1, 10, [9.69E-10, 0.06, 8.08E-10, 0.02, 1.02E-9, 5.21E-3, 1.47E-9, 1.95E-3, 2.29E-9, 7.81E-4])
(1877, 2, 1, 10, [0.18, 0.06, 0.03, 0.02, 8.84E-3, 5.21E-3, 3.16E-3, 1.95E-3, 1.23E-3, 7.81E-4])
(1879, 2, 1, 10, [0.18, 0.06, 0.03, 0.02, 8.84E-3, 5.21E-3, 3.16E-3, 1.95E-3, 1.23E-3, 7.81E-4])
(1889, 2, 1, 10, [3.15E-10, 0.06, 2.62E-10, 0.02, 3.31E-10, 5.21E-3, 4.78E-10, 1.95E-3, 7.46E-10, 7.81E-4])
(1901, 2, 1, 10, [0.18, 0.06, 0.03, 0.02, 8.84E-3, 5.21E-3, 3.16E-3, 1.95E-3, 1.23E-3, 7.81E-4])
(1907, 2, 1, 10, [0.18, 0.06, 0.03, 0.02, 8.84E-3, 5.21E-3, 3.16E-3, 1.95E-3, 1.23E-3, 7.81E-4])
(1913, 2, 1, 10, [3.03E-10, 0.06, 2.53E-10, 0.02, 3.18E-10, 5.21E-3, 4.60E-10, 1.95E-3, 7.18E-10, 7.81E-4])
(1931, 2, 1, 10, [0.18, 0.06, 0.03, 0.02, 8.84E-3, 5.21E-3, 3.16E-3, 1.95E-3, 1.23E-3, 7.81E-4])
(1933, 2, 1, 10, [0.18, 0.06, 0.03, 0.02, 8.84E-3, 5.21E-3, 3.16E-3, 1.95E-3, 1.23E-3, 7.81E-4])
(1949, 2, 1, 10, [0.18, 0.06, 0.03, 0.02, 8.84E-3, 5.21E-3, 3.16E-3, 1.95E-3, 1.23E-3, 7.81E-4])
(1951, 2, 1, 10, [0.18, 0.06, 0.03, 0.02, 8.84E-3, 5.21E-3, 3.16E-3, 1.95E-3, 1.23E-3, 7.81E-4])
(1973, 2, 1, 10, [0.18, 0.06, 0.03, 0.02, 8.84E-3, 5.21E-3, 3.16E-3, 1.95E-3, 1.23E-3, 7.81E-4])
(1979, 2, 1, 10, [0.18, 0.06, 0.03, 0.02, 8.84E-3, 5.21E-3, 3.16E-3, 1.95E-3, 1.23E-3, 7.81E-4])
(1987, 2, 1, 10, [0.18, 0.06, 0.03, 0.02, 8.84E-3, 5.21E-3, 3.16E-3, 1.95E-3, 1.23E-3, 7.81E-4])
(1993, 2, 1, 10, [8.04E-10, 0.06, 6.70E-10, 0.02, 8.45E-10, 5.21E-3, 1.22E-9, 1.95E-3, 1.90E-9, 7.81E-4])
(1997, 2, 1, 10, [0.18, 0.06, 0.03, 0.02, 8.84E-3, 5.21E-3, 3.16E-3, 1.95E-3, 1.23E-3, 7.81E-4])
(1999, 2, 1, 10, [0.18, 0.06, 0.03, 0.02, 8.84E-3, 5.21E-3, 3.16E-3, 1.95E-3, 1.23E-3, 7.81E-4])
(2003, 2, 1, 10, [0.18, 0.06, 0.03, 0.02, 8.84E-3, 5.21E-3, 3.16E-3, 1.95E-3, 1.23E-3, 7.81E-4])
(2011, 2, 1, 10, [0.18, 0.06, 0.03, 0.02, 8.84E-3, 5.21E-3, 3.16E-3, 1.95E-3, 1.23E-3, 7.81E-4])
(2017, 2, 1, 10, [7.76E-10, 0.06, 6.47E-10, 0.02, 8.15E-10, 5.21E-3, 1.18E-9, 1.95E-3, 1.84E-9, 7.81E-4])
(2027, 2, 1, 10, [0.18, 0.06, 0.03, 0.02, 8.84E-3, 5.21E-3, 3.16E-3, 1.95E-3, 1.23E-3, 7.81E-4])
(2029, 2, 1, 10, [0.18, 0.06, 0.03, 0.02, 8.84E-3, 5.21E-3, 3.16E-3, 1.95E-3, 1.23E-3, 7.81E-4])
(2039, 2, 1, 10, [0.18, 0.06, 0.03, 0.02, 8.84E-3, 5.21E-3, 3.16E-3, 1.95E-3, 1.23E-3, 7.81E-4])
(2053, 2, 1, 10, [0.18, 0.06, 0.03, 0.02, 8.84E-3, 5.21E-3, 3.16E-3, 1.95E-3, 1.23E-3, 7.81E-4])
(2063, 2, 1, 10, [0.18, 0.06, 0.03, 0.02, 8.84E-3, 5.21E-3, 3.16E-3, 1.95E-3, 1.23E-3, 7.81E-4])
(2069, 2, 1, 10, [0.18, 0.06, 0.03, 0.02, 8.84E-3, 5.21E-3, 3.16E-3, 1.95E-3, 1.23E-3, 7.81E-4])
(2081, 2, 1, 10, [2.36E-10, 0.06, 1.96E-10, 0.02, 2.47E-10, 5.21E-3, 3.57E-10, 1.95E-3, 5.58E-10, 7.81E-4])
(2083, 2, 1, 10, [0.18, 0.06, 0.03, 0.02, 8.84E-3, 5.21E-3, 3.16E-3, 1.95E-3, 1.23E-3, 7.81E-4])
(2087, 2, 1, 10, [0.18, 0.06, 0.03, 0.02, 8.84E-3, 5.21E-3, 3.16E-3, 1.95E-3, 1.23E-3, 7.81E-4])
(2089, 2, 1, 10, [0.35, 0.19, 0.12, 0.08, 0.05, 0.04, 0.03, 0.02, 0.01, 8.59E-3])
(2099, 2, 1, 10, [0.18, 0.06, 0.03, 0.02, 8.84E-3, 5.21E-3, 3.16E-3, 1.95E-3, 1.23E-3, 7.81E-4])
(2111, 2, 1, 10, [0.18, 0.06, 0.03, 0.02, 8.84E-3, 5.21E-3, 3.16E-3, 1.95E-3, 1.23E-3, 7.81E-4])
(2113, 2, 1, 10, [6.75E-10, 0.06, 5.62E-10, 0.02, 7.09E-10, 5.21E-3, 1.02E-9, 1.95E-3, 1.60E-9, 7.81E-4])
(2129, 2, 1, 10, [2.20E-10, 0.06, 1.83E-10, 0.02, 2.31E-10, 5.21E-3, 3.34E-10, 1.95E-3, 5.21E-10, 7.81E-4])
(2131, 2, 1, 10, [0.18, 0.06, 0.03, 0.02, 8.84E-3, 5.21E-3, 3.16E-3, 1.95E-3, 1.23E-3, 7.81E-4])
(2137, 2, 1, 10, [6.52E-10, 0.06, 5.44E-10, 0.02, 6.85E-10, 5.21E-3, 9.90E-10, 1.95E-3, 1.54E-9, 7.81E-4])
(2141, 2, 1, 10, [0.18, 0.06, 0.03, 0.02, 8.84E-3, 5.21E-3, 3.16E-3, 1.95E-3, 1.23E-3, 7.81E-4])
(2143, 2, 1, 10, [0.18, 0.06, 0.03, 0.02, 8.84E-3, 5.21E-3, 3.16E-3, 1.95E-3, 1.23E-3, 7.81E-4])
(2153, 2, 1, 10, [2.13E-10, 0.06, 1.77E-10, 0.02, 2.23E-10, 5.21E-3, 3.23E-10, 1.95E-3, 5.04E-10, 7.81E-4])
(2161, 2, 1, 10, [0.35, 0.19, 0.12, 0.08, 0.05, 0.04, 0.03, 0.02, 0.01, 8.59E-3])
(2179, 2, 1, 10, [0.18, 0.06, 0.03, 0.02, 8.84E-3, 5.21E-3, 3.16E-3, 1.95E-3, 1.23E-3, 7.81E-4])
(2203, 2, 1, 10, [0.18, 0.06, 0.03, 0.02, 8.84E-3, 5.21E-3, 3.16E-3, 1.95E-3, 1.23E-3, 7.81E-4])
(2207, 2, 1, 10, [0.18, 0.06, 0.03, 0.02, 8.84E-3, 5.21E-3, 3.16E-3, 1.95E-3, 1.23E-3, 7.81E-4])
(2213, 2, 1, 10, [0.18, 0.06, 0.03, 0.02, 8.84E-3, 5.21E-3, 3.16E-3, 1.95E-3, 1.23E-3, 7.81E-4])
(2221, 2, 1, 10, [0.18, 0.06, 0.03, 0.02, 8.84E-3, 5.21E-3, 3.16E-3, 1.95E-3, 1.23E-3, 7.81E-4])
(2237, 2, 1, 10, [0.18, 0.06, 0.03, 0.02, 8.84E-3, 5.21E-3, 3.16E-3, 1.95E-3, 1.23E-3, 7.81E-4])
(2239, 2, 1, 10, [0.18, 0.06, 0.03, 0.02, 8.84E-3, 5.21E-3, 3.16E-3, 1.95E-3, 1.23E-3, 7.81E-4])
(2243, 2, 1, 10, [0.18, 0.06, 0.03, 0.02, 8.84E-3, 5.21E-3, 3.16E-3, 1.95E-3, 1.23E-3, 7.81E-4])
(2251, 2, 1, 10, [0.18, 0.06, 0.03, 0.02, 8.84E-3, 5.21E-3, 3.16E-3, 1.95E-3, 1.23E-3, 7.81E-4])
(2267, 2, 1, 10, [0.18, 0.06, 0.03, 0.02, 8.84E-3, 5.21E-3, 3.16E-3, 1.95E-3, 1.23E-3, 7.81E-4])
(2269, 2, 1, 10, [0.18, 0.06, 0.03, 0.02, 8.84E-3, 5.21E-3, 3.16E-3, 1.95E-3, 1.23E-3, 7.81E-4])
(2273, 2, 1, 10, [1.81E-10, 0.06, 1.51E-10, 0.02, 1.90E-10, 5.21E-3, 2.74E-10, 1.95E-3, 4.28E-10, 7.81E-4])
(2281, 2, 1, 10, [0.35, 0.19, 0.12, 0.08, 0.05, 0.04, 0.03, 0.02, 0.01, 8.59E-3])
(2287, 2, 1, 10, [0.18, 0.06, 0.03, 0.02, 8.84E-3, 5.21E-3, 3.16E-3, 1.95E-3, 1.23E-3, 7.81E-4])
(2293, 2, 1, 10, [0.18, 0.06, 0.03, 0.02, 8.84E-3, 5.21E-3, 3.16E-3, 1.95E-3, 1.23E-3, 7.81E-4])
(2297, 2, 1, 10, [1.75E-10, 0.06, 1.46E-10, 0.02, 1.84E-10, 5.21E-3, 2.66E-10, 1.95E-3, 4.15E-10, 7.81E-4])
(2309, 2, 1, 10, [0.18, 0.06, 0.03, 0.02, 8.84E-3, 5.21E-3, 3.16E-3, 1.95E-3, 1.23E-3, 7.81E-4])
(2311, 2, 1, 10, [0.18, 0.06, 0.03, 0.02, 8.84E-3, 5.21E-3, 3.16E-3, 1.95E-3, 1.23E-3, 7.81E-4])
(2333, 2, 1, 10, [0.18, 0.06, 0.03, 0.02, 8.84E-3, 5.21E-3, 3.16E-3, 1.95E-3, 1.23E-3, 7.81E-4])
(2339, 2, 1, 10, [0.18, 0.06, 0.03, 0.02, 8.84E-3, 5.21E-3, 3.16E-3, 1.95E-3, 1.23E-3, 7.81E-4])
(2341, 2, 1, 10, [0.18, 0.06, 0.03, 0.02, 8.84E-3, 5.21E-3, 3.16E-3, 1.95E-3, 1.23E-3, 7.81E-4])
(2347, 2, 1, 10, [0.18, 0.06, 0.03, 0.02, 8.84E-3, 5.21E-3, 3.16E-3, 1.95E-3, 1.23E-3, 7.81E-4])
(2351, 2, 1, 10, [0.18, 0.06, 0.03, 0.02, 8.84E-3, 5.21E-3, 3.16E-3, 1.95E-3, 1.23E-3, 7.81E-4])
(2357, 2, 1, 10, [0.18, 0.06, 0.03, 0.02, 8.84E-3, 5.21E-3, 3.16E-3, 1.95E-3, 1.23E-3, 7.81E-4])
(2371, 2, 1, 10, [0.18, 0.06, 0.03, 0.02, 8.84E-3, 5.21E-3, 3.16E-3, 1.95E-3, 1.23E-3, 7.81E-4])
(2377, 2, 1, 10, [4.74E-10, 0.06, 3.95E-10, 0.02, 4.98E-10, 5.21E-3, 7.20E-10, 1.95E-3, 1.12E-9, 7.81E-4])
(2381, 2, 1, 10, [0.18, 0.06, 0.03, 0.02, 8.84E-3, 5.21E-3, 3.16E-3, 1.95E-3, 1.23E-3, 7.81E-4])
(2383, 2, 1, 10, [0.18, 0.06, 0.03, 0.02, 8.84E-3, 5.21E-3, 3.16E-3, 1.95E-3, 1.23E-3, 7.81E-4])
(2389, 2, 1, 10, [0.18, 0.06, 0.03, 0.02, 8.84E-3, 5.21E-3, 3.16E-3, 1.95E-3, 1.23E-3, 7.81E-4])
(2393, 2, 1, 10, [1.55E-10, 0.06, 1.29E-10, 0.02, 1.63E-10, 5.21E-3, 2.35E-10, 1.95E-3, 3.67E-10, 7.81E-4])
(2399, 2, 1, 10, [0.18, 0.06, 0.03, 0.02, 8.84E-3, 5.21E-3, 3.16E-3, 1.95E-3, 1.23E-3, 7.81E-4])
(2411, 2, 1, 10, [0.18, 0.06, 0.03, 0.02, 8.84E-3, 5.21E-3, 3.16E-3, 1.95E-3, 1.23E-3, 7.81E-4])
(2417, 2, 1, 10, [1.50E-10, 0.06, 1.25E-10, 0.02, 1.58E-10, 5.21E-3, 2.28E-10, 1.95E-3, 3.56E-10, 7.81E-4])
(2423, 2, 1, 10, [0.18, 0.06, 0.03, 0.02, 8.84E-3, 5.21E-3, 3.16E-3, 1.95E-3, 1.23E-3, 7.81E-4])
(2437, 2, 1, 10, [0.18, 0.06, 0.03, 0.02, 8.84E-3, 5.21E-3, 3.16E-3, 1.95E-3, 1.23E-3, 7.81E-4])
(2441, 2, 1, 10, [1.46E-10, 0.06, 1.22E-10, 0.02, 1.53E-10, 5.21E-3, 2.21E-10, 1.95E-3, 3.46E-10, 7.81E-4])
(2447, 2, 1, 10, [0.18, 0.06, 0.03, 0.02, 8.84E-3, 5.21E-3, 3.16E-3, 1.95E-3, 1.23E-3, 7.81E-4])
(2459, 2, 1, 10, [0.18, 0.06, 0.03, 0.02, 8.84E-3, 5.21E-3, 3.16E-3, 1.95E-3, 1.23E-3, 7.81E-4])
(2467, 2, 1, 10, [0.18, 0.06, 0.03, 0.02, 8.84E-3, 5.21E-3, 3.16E-3, 1.95E-3, 1.23E-3, 7.81E-4])
(2473, 2, 1, 10, [4.21E-10, 0.06, 3.51E-10, 0.02, 4.42E-10, 5.21E-3, 6.39E-10, 1.95E-3, 9.97E-10, 7.81E-4])
(2477, 2, 1, 10, [0.18, 0.06, 0.03, 0.02, 8.84E-3, 5.21E-3, 3.16E-3, 1.95E-3, 1.23E-3, 7.81E-4])
(2503, 2, 1, 10, [0.18, 0.06, 0.03, 0.02, 8.84E-3, 5.21E-3, 3.16E-3, 1.95E-3, 1.23E-3, 7.81E-4])
(2521, 2, 1, 10, [3.97E-10, 0.06, 3.31E-10, 0.02, 4.17E-10, 5.21E-3, 6.03E-10, 1.95E-3, 9.41E-10, 7.81E-4])
(2531, 2, 1, 10, [0.18, 0.06, 0.03, 0.02, 8.84E-3, 5.21E-3, 3.16E-3, 1.95E-3, 1.23E-3, 7.81E-4])
(2539, 2, 1, 10, [0.18, 0.06, 0.03, 0.02, 8.84E-3, 5.21E-3, 3.16E-3, 1.95E-3, 1.23E-3, 7.81E-4])
(2543, 2, 1, 10, [0.18, 0.06, 0.03, 0.02, 8.84E-3, 5.21E-3, 3.16E-3, 1.95E-3, 1.23E-3, 7.81E-4])
(2549, 2, 1, 10, [0.18, 0.06, 0.03, 0.02, 8.84E-3, 5.21E-3, 3.16E-3, 1.95E-3, 1.23E-3, 7.81E-4])
(2551, 2, 1, 10, [0.18, 0.06, 0.03, 0.02, 8.84E-3, 5.21E-3, 3.16E-3, 1.95E-3, 1.23E-3, 7.81E-4])
(2557, 2, 1, 10, [0.18, 0.06, 0.03, 0.02, 8.84E-3, 5.21E-3, 3.16E-3, 1.95E-3, 1.23E-3, 7.81E-4])
(2579, 2, 1, 10, [0.18, 0.06, 0.03, 0.02, 8.84E-3, 5.21E-3, 3.16E-3, 1.95E-3, 1.23E-3, 7.81E-4])
(2591, 2, 1, 10, [0.18, 0.06, 0.03, 0.02, 8.84E-3, 5.21E-3, 3.16E-3, 1.95E-3, 1.23E-3, 7.81E-4])
(2593, 2, 1, 10, [3.65E-10, 0.06, 3.04E-10, 0.02, 3.83E-10, 5.21E-3, 5.54E-10, 1.95E-3, 8.65E-10, 7.81E-4])
(2609, 2, 1, 10, [1.19E-10, 0.06, 9.96E-11, 0.02, 1.25E-10, 5.21E-3, 1.81E-10, 1.95E-3, 2.83E-10, 7.81E-4])
(2617, 2, 1, 10, [3.55E-10, 0.06, 2.96E-10, 0.02, 3.73E-10, 5.21E-3, 5.39E-10, 1.95E-3, 8.41E-10, 7.81E-4])
(2621, 2, 1, 10, [0.18, 0.06, 0.03, 0.02, 8.84E-3, 5.21E-3, 3.16E-3, 1.95E-3, 1.23E-3, 7.81E-4])
(2633, 2, 1, 10, [1.16E-10, 0.06, 9.69E-11, 0.02, 1.22E-10, 5.21E-3, 1.76E-10, 1.95E-3, 2.75E-10, 7.81E-4])
(2647, 2, 1, 10, [0.18, 0.06, 0.03, 0.02, 8.84E-3, 5.21E-3, 3.16E-3, 1.95E-3, 1.23E-3, 7.81E-4])
(2657, 2, 1, 10, [1.13E-10, 0.06, 9.43E-11, 0.02, 1.19E-10, 5.21E-3, 1.72E-10, 1.95E-3, 2.68E-10, 7.81E-4])
(2659, 2, 1, 10, [0.18, 0.06, 0.03, 0.02, 8.84E-3, 5.21E-3, 3.16E-3, 1.95E-3, 1.23E-3, 7.81E-4])
(2663, 2, 1, 10, [0.18, 0.06, 0.03, 0.02, 8.84E-3, 5.21E-3, 3.16E-3, 1.95E-3, 1.23E-3, 7.81E-4])
(2671, 2, 1, 10, [0.18, 0.06, 0.03, 0.02, 8.84E-3, 5.21E-3, 3.16E-3, 1.95E-3, 1.23E-3, 7.81E-4])
(2677, 2, 1, 10, [0.18, 0.06, 0.03, 0.02, 8.84E-3, 5.21E-3, 3.16E-3, 1.95E-3, 1.23E-3, 7.81E-4])
(2683, 2, 1, 10, [0.18, 0.06, 0.03, 0.02, 8.84E-3, 5.21E-3, 3.16E-3, 1.95E-3, 1.23E-3, 7.81E-4])
(2687, 2, 1, 10, [0.18, 0.06, 0.03, 0.02, 8.84E-3, 5.21E-3, 3.16E-3, 1.95E-3, 1.23E-3, 7.81E-4])
(2689, 2, 1, 10, [3.27E-10, 0.06, 2.73E-10, 0.02, 3.44E-10, 5.21E-3, 4.97E-10, 1.95E-3, 7.75E-10, 7.81E-4])
(2693, 2, 1, 10, [0.18, 0.06, 0.03, 0.02, 8.84E-3, 5.21E-3, 3.16E-3, 1.95E-3, 1.23E-3, 7.81E-4])
(2699, 2, 1, 10, [0.18, 0.06, 0.03, 0.02, 8.84E-3, 5.21E-3, 3.16E-3, 1.95E-3, 1.23E-3, 7.81E-4])
(2707, 2, 1, 10, [0.18, 0.06, 0.03, 0.02, 8.84E-3, 5.21E-3, 3.16E-3, 1.95E-3, 1.23E-3, 7.81E-4])
(2711, 2, 1, 10, [0.18, 0.06, 0.03, 0.02, 8.84E-3, 5.21E-3, 3.16E-3, 1.95E-3, 1.23E-3, 7.81E-4])
(2713, 2, 1, 10, [3.19E-10, 0.06, 2.66E-10, 0.02, 3.35E-10, 5.21E-3, 4.84E-10, 1.95E-3, 7.55E-10, 7.81E-4])
(2719, 2, 1, 10, [0.18, 0.06, 0.03, 0.02, 8.84E-3, 5.21E-3, 3.16E-3, 1.95E-3, 1.23E-3, 7.81E-4])
(2729, 2, 1, 10, [1.04E-10, 0.06, 8.70E-11, 0.02, 1.10E-10, 5.21E-3, 1.58E-10, 1.95E-3, 2.47E-10, 7.81E-4])
(2731, 2, 1, 10, [0.18, 0.06, 0.03, 0.02, 8.84E-3, 5.21E-3, 3.16E-3, 1.95E-3, 1.23E-3, 7.81E-4])
(2741, 2, 1, 10, [0.18, 0.06, 0.03, 0.02, 8.84E-3, 5.21E-3, 3.16E-3, 1.95E-3, 1.23E-3, 7.81E-4])
(2749, 2, 1, 10, [0.18, 0.06, 0.03, 0.02, 8.84E-3, 5.21E-3, 3.16E-3, 1.95E-3, 1.23E-3, 7.81E-4])
(2753, 2, 1, 10, [1.02E-10, 0.06, 8.48E-11, 0.02, 1.07E-10, 5.21E-3, 1.54E-10, 1.95E-3, 2.41E-10, 7.81E-4])
(2767, 2, 1, 10, [0.18, 0.06, 0.03, 0.02, 8.84E-3, 5.21E-3, 3.16E-3, 1.95E-3, 1.23E-3, 7.81E-4])
(2777, 2, 1, 10, [9.91E-11, 0.06, 8.26E-11, 0.02, 1.04E-10, 5.21E-3, 1.50E-10, 1.95E-3, 2.35E-10, 7.81E-4])
(2789, 2, 1, 10, [0.18, 0.06, 0.03, 0.02, 8.84E-3, 5.21E-3, 3.16E-3, 1.95E-3, 1.23E-3, 7.81E-4])
(2791, 2, 1, 10, [0.18, 0.06, 0.03, 0.02, 8.84E-3, 5.21E-3, 3.16E-3, 1.95E-3, 1.23E-3, 7.81E-4])
(2797, 2, 1, 10, [0.18, 0.06, 0.03, 0.02, 8.84E-3, 5.21E-3, 3.16E-3, 1.95E-3, 1.23E-3, 7.81E-4])
(2801, 2, 1, 10, [9.66E-11, 0.06, 8.05E-11, 0.02, 1.01E-10, 5.21E-3, 1.47E-10, 1.95E-3, 2.29E-10, 7.81E-4])
(2803, 2, 1, 10, [0.18, 0.06, 0.03, 0.02, 8.84E-3, 5.21E-3, 3.16E-3, 1.95E-3, 1.23E-3, 7.81E-4])
(2819, 2, 1, 10, [0.18, 0.06, 0.03, 0.02, 8.84E-3, 5.21E-3, 3.16E-3, 1.95E-3, 1.23E-3, 7.81E-4])
(2833, 2, 1, 10, [2.80E-10, 0.06, 2.33E-10, 0.02, 2.94E-10, 5.21E-3, 4.25E-10, 1.95E-3, 6.63E-10, 7.81E-4])
(2837, 2, 1, 10, [0.18, 0.06, 0.03, 0.02, 8.84E-3, 5.21E-3, 3.16E-3, 1.95E-3, 1.23E-3, 7.81E-4])
(2843, 2, 1, 10, [0.18, 0.06, 0.03, 0.02, 8.84E-3, 5.21E-3, 3.16E-3, 1.95E-3, 1.23E-3, 7.81E-4])
(2851, 2, 1, 10, [0.18, 0.06, 0.03, 0.02, 8.84E-3, 5.21E-3, 3.16E-3, 1.95E-3, 1.23E-3, 7.81E-4])
(2857, 2, 1, 10, [2.73E-10, 0.06, 2.27E-10, 0.02, 2.87E-10, 5.21E-3, 4.14E-10, 1.95E-3, 6.46E-10, 7.81E-4])
(2861, 2, 1, 10, [0.18, 0.06, 0.03, 0.02, 8.84E-3, 5.21E-3, 3.16E-3, 1.95E-3, 1.23E-3, 7.81E-4])
(2879, 2, 1, 10, [0.18, 0.06, 0.03, 0.02, 8.84E-3, 5.21E-3, 3.16E-3, 1.95E-3, 1.23E-3, 7.81E-4])
(2887, 2, 1, 10, [0.18, 0.06, 0.03, 0.02, 8.84E-3, 5.21E-3, 3.16E-3, 1.95E-3, 1.23E-3, 7.81E-4])
(2897, 2, 1, 10, [8.73E-11, 0.06, 7.27E-11, 0.02, 9.16E-11, 5.21E-3, 1.32E-10, 1.95E-3, 2.07E-10, 7.81E-4])
(2903, 2, 1, 10, [0.18, 0.06, 0.03, 0.02, 8.84E-3, 5.21E-3, 3.16E-3, 1.95E-3, 1.23E-3, 7.81E-4])
(2909, 2, 1, 10, [0.18, 0.06, 0.03, 0.02, 8.84E-3, 5.21E-3, 3.16E-3, 1.95E-3, 1.23E-3, 7.81E-4])
(2917, 2, 1, 10, [0.18, 0.06, 0.03, 0.02, 8.84E-3, 5.21E-3, 3.16E-3, 1.95E-3, 1.23E-3, 7.81E-4])
(2927, 2, 1, 10, [0.18, 0.06, 0.03, 0.02, 8.84E-3, 5.21E-3, 3.16E-3, 1.95E-3, 1.23E-3, 7.81E-4])
(2939, 2, 1, 10, [0.18, 0.06, 0.03, 0.02, 8.84E-3, 5.21E-3, 3.16E-3, 1.95E-3, 1.23E-3, 7.81E-4])
(2953, 2, 1, 10, [2.47E-10, 0.06, 2.06E-10, 0.02, 2.60E-10, 5.21E-3, 3.75E-10, 1.95E-3, 5.85E-10, 7.81E-4])
(2957, 2, 1, 10, [0.18, 0.06, 0.03, 0.02, 8.84E-3, 5.21E-3, 3.16E-3, 1.95E-3, 1.23E-3, 7.81E-4])
(2963, 2, 1, 10, [0.18, 0.06, 0.03, 0.02, 8.84E-3, 5.21E-3, 3.16E-3, 1.95E-3, 1.23E-3, 7.81E-4])
(2969, 2, 1, 10, [8.11E-11, 0.06, 6.76E-11, 0.02, 8.51E-11, 5.21E-3, 1.23E-10, 1.95E-3, 1.92E-10, 7.81E-4])
(2971, 2, 1, 10, [0.18, 0.06, 0.03, 0.02, 8.84E-3, 5.21E-3, 3.16E-3, 1.95E-3, 1.23E-3, 7.81E-4])
(2999, 2, 1, 10, [0.18, 0.06, 0.03, 0.02, 8.84E-3, 5.21E-3, 3.16E-3, 1.95E-3, 1.23E-3, 7.81E-4])
(3001, 2, 1, 10, [0.35, 0.19, 0.12, 0.08, 0.05, 0.04, 0.03, 0.02, 0.01, 8.59E-3])
(3011, 2, 1, 10, [0.18, 0.06, 0.03, 0.02, 8.84E-3, 5.21E-3, 3.16E-3, 1.95E-3, 1.23E-3, 7.81E-4])
(3019, 2, 1, 10, [0.18, 0.06, 0.03, 0.02, 8.84E-3, 5.21E-3, 3.16E-3, 1.95E-3, 1.23E-3, 7.81E-4])
(3023, 2, 1, 10, [0.18, 0.06, 0.03, 0.02, 8.84E-3, 5.21E-3, 3.16E-3, 1.95E-3, 1.23E-3, 7.81E-4])
(3037, 2, 1, 10, [0.18, 0.06, 0.03, 0.02, 8.84E-3, 5.21E-3, 3.16E-3, 1.95E-3, 1.23E-3, 7.81E-4])
(3041, 2, 1, 10, [7.55E-11, 0.06, 6.29E-11, 0.02, 7.92E-11, 5.21E-3, 1.15E-10, 1.95E-3, 1.79E-10, 7.81E-4])
(3049, 2, 1, 10, [2.25E-10, 0.06, 1.87E-10, 0.02, 2.36E-10, 5.21E-3, 3.41E-10, 1.95E-3, 5.32E-10, 7.81E-4])
(3061, 2, 1, 10, [0.18, 0.06, 0.03, 0.02, 8.84E-3, 5.21E-3, 3.16E-3, 1.95E-3, 1.23E-3, 7.81E-4])
(3067, 2, 1, 10, [0.18, 0.06, 0.03, 0.02, 8.84E-3, 5.21E-3, 3.16E-3, 1.95E-3, 1.23E-3, 7.81E-4])
(3079, 2, 1, 10, [0.18, 0.06, 0.03, 0.02, 8.84E-3, 5.21E-3, 3.16E-3, 1.95E-3, 1.23E-3, 7.81E-4])
(3083, 2, 1, 10, [0.18, 0.06, 0.03, 0.02, 8.84E-3, 5.21E-3, 3.16E-3, 1.95E-3, 1.23E-3, 7.81E-4])
(3089, 2, 1, 10, [7.20E-11, 0.06, 6.00E-11, 0.02, 7.56E-11, 5.21E-3, 1.09E-10, 1.95E-3, 1.70E-10, 7.81E-4])
(3109, 2, 1, 10, [0.18, 0.06, 0.03, 0.02, 8.84E-3, 5.21E-3, 3.16E-3, 1.95E-3, 1.23E-3, 7.81E-4])
(3119, 2, 1, 10, [0.18, 0.06, 0.03, 0.02, 8.84E-3, 5.21E-3, 3.16E-3, 1.95E-3, 1.23E-3, 7.81E-4])
(3121, 2, 1, 10, [0.35, 0.19, 0.12, 0.08, 0.05, 0.04, 0.03, 0.02, 0.01, 8.59E-3])
(3137, 2, 1, 10, [6.87E-11, 0.06, 5.73E-11, 0.02, 7.22E-11, 5.21E-3, 1.04E-10, 1.95E-3, 1.63E-10, 7.81E-4])
(3163, 2, 1, 10, [0.18, 0.06, 0.03, 0.02, 8.84E-3, 5.21E-3, 3.16E-3, 1.95E-3, 1.23E-3, 7.81E-4])
(3167, 2, 1, 10, [0.18, 0.06, 0.03, 0.02, 8.84E-3, 5.21E-3, 3.16E-3, 1.95E-3, 1.23E-3, 7.81E-4])
(3169, 2, 1, 10, [0.35, 0.19, 0.12, 0.08, 0.05, 0.04, 0.03, 0.02, 0.01, 8.59E-3])
(3181, 2, 1, 10, [0.18, 0.06, 0.03, 0.02, 8.84E-3, 5.21E-3, 3.16E-3, 1.95E-3, 1.23E-3, 7.81E-4])
(3187, 2, 1, 10, [0.18, 0.06, 0.03, 0.02, 8.84E-3, 5.21E-3, 3.16E-3, 1.95E-3, 1.23E-3, 7.81E-4])
(3191, 2, 1, 10, [0.18, 0.06, 0.03, 0.02, 8.84E-3, 5.21E-3, 3.16E-3, 1.95E-3, 1.23E-3, 7.81E-4])
(3203, 2, 1, 10, [0.18, 0.06, 0.03, 0.02, 8.84E-3, 5.21E-3, 3.16E-3, 1.95E-3, 1.23E-3, 7.81E-4])
(3209, 2, 1, 10, [6.42E-11, 0.06, 5.35E-11, 0.02, 6.74E-11, 5.21E-3, 9.75E-11, 1.95E-3, 1.52E-10, 7.81E-4])
(3217, 2, 1, 10, [1.91E-10, 0.06, 1.59E-10, 0.02, 2.01E-10, 5.21E-3, 2.90E-10, 1.95E-3, 4.53E-10, 7.81E-4])
(3221, 2, 1, 10, [0.18, 0.06, 0.03, 0.02, 8.84E-3, 5.21E-3, 3.16E-3, 1.95E-3, 1.23E-3, 7.81E-4])
(3229, 2, 1, 10, [0.18, 0.06, 0.03, 0.02, 8.84E-3, 5.21E-3, 3.16E-3, 1.95E-3, 1.23E-3, 7.81E-4])
(3251, 2, 1, 10, [0.18, 0.06, 0.03, 0.02, 8.84E-3, 5.21E-3, 3.16E-3, 1.95E-3, 1.23E-3, 7.81E-4])
(3253, 2, 1, 10, [0.18, 0.06, 0.03, 0.02, 8.84E-3, 5.21E-3, 3.16E-3, 1.95E-3, 1.23E-3, 7.81E-4])
(3257, 2, 1, 10, [6.14E-11, 0.06, 5.12E-11, 0.02, 6.45E-11, 5.21E-3, 9.32E-11, 1.95E-3, 1.45E-10, 7.81E-4])
(3259, 2, 1, 10, [0.18, 0.06, 0.03, 0.02, 8.84E-3, 5.21E-3, 3.16E-3, 1.95E-3, 1.23E-3, 7.81E-4])
(3271, 2, 1, 10, [0.18, 0.06, 0.03, 0.02, 8.84E-3, 5.21E-3, 3.16E-3, 1.95E-3, 1.23E-3, 7.81E-4])
(3299, 2, 1, 10, [0.18, 0.06, 0.03, 0.02, 8.84E-3, 5.21E-3, 3.16E-3, 1.95E-3, 1.23E-3, 7.81E-4])
(3301, 2, 1, 10, [0.18, 0.06, 0.03, 0.02, 8.84E-3, 5.21E-3, 3.16E-3, 1.95E-3, 1.23E-3, 7.81E-4])
(3307, 2, 1, 10, [0.18, 0.06, 0.03, 0.02, 8.84E-3, 5.21E-3, 3.16E-3, 1.95E-3, 1.23E-3, 7.81E-4])
(3313, 2, 1, 10, [1.75E-10, 0.06, 1.46E-10, 0.02, 1.84E-10, 5.21E-3, 2.66E-10, 1.95E-3, 4.15E-10, 7.81E-4])
(3319, 2, 1, 10, [0.18, 0.06, 0.03, 0.02, 8.84E-3, 5.21E-3, 3.16E-3, 1.95E-3, 1.23E-3, 7.81E-4])
(3323, 2, 1, 10, [0.18, 0.06, 0.03, 0.02, 8.84E-3, 5.21E-3, 3.16E-3, 1.95E-3, 1.23E-3, 7.81E-4])
(3329, 2, 1, 10, [5.75E-11, 0.06, 4.79E-11, 0.02, 6.04E-11, 5.21E-3, 8.73E-11, 1.95E-3, 1.36E-10, 7.81E-4])
(3331, 2, 1, 10, [0.18, 0.06, 0.03, 0.02, 8.84E-3, 5.21E-3, 3.16E-3, 1.95E-3, 1.23E-3, 7.81E-4])
(3343, 2, 1, 10, [0.18, 0.06, 0.03, 0.02, 8.84E-3, 5.21E-3, 3.16E-3, 1.95E-3, 1.23E-3, 7.81E-4])
(3347, 2, 1, 10, [0.18, 0.06, 0.03, 0.02, 8.84E-3, 5.21E-3, 3.16E-3, 1.95E-3, 1.23E-3, 7.81E-4])
(3359, 2, 1, 10, [0.18, 0.06, 0.03, 0.02, 8.84E-3, 5.21E-3, 3.16E-3, 1.95E-3, 1.23E-3, 7.81E-4])
(3361, 2, 1, 10, [1.68E-10, 0.06, 1.40E-10, 0.02, 1.76E-10, 5.21E-3, 2.54E-10, 1.95E-3, 3.97E-10, 7.81E-4])
(3371, 2, 1, 10, [0.18, 0.06, 0.03, 0.02, 8.84E-3, 5.21E-3, 3.16E-3, 1.95E-3, 1.23E-3, 7.81E-4])
(3373, 2, 1, 10, [0.18, 0.06, 0.03, 0.02, 8.84E-3, 5.21E-3, 3.16E-3, 1.95E-3, 1.23E-3, 7.81E-4])
(3389, 2, 1, 10, [0.18, 0.06, 0.03, 0.02, 8.84E-3, 5.21E-3, 3.16E-3, 1.95E-3, 1.23E-3, 7.81E-4])
(3391, 2, 1, 10, [0.18, 0.06, 0.03, 0.02, 8.84E-3, 5.21E-3, 3.16E-3, 1.95E-3, 1.23E-3, 7.81E-4])
(3407, 2, 1, 10, [0.18, 0.06, 0.03, 0.02, 8.84E-3, 5.21E-3, 3.16E-3, 1.95E-3, 1.23E-3, 7.81E-4])
(3413, 2, 1, 10, [0.18, 0.06, 0.03, 0.02, 8.84E-3, 5.21E-3, 3.16E-3, 1.95E-3, 1.23E-3, 7.81E-4])
(3433, 2, 1, 10, [1.57E-10, 0.06, 1.31E-10, 0.02, 1.65E-10, 5.21E-3, 2.39E-10, 1.95E-3, 3.73E-10, 7.81E-4])
(3449, 2, 1, 10, [5.17E-11, 0.06, 4.31E-11, 0.02, 5.43E-11, 5.21E-3, 7.85E-11, 1.95E-3, 1.22E-10, 7.81E-4])
(3457, 2, 1, 10, [1.54E-10, 0.06, 1.28E-10, 0.02, 1.62E-10, 5.21E-3, 2.34E-10, 1.95E-3, 3.65E-10, 7.81E-4])
(3461, 2, 1, 10, [0.18, 0.06, 0.03, 0.02, 8.84E-3, 5.21E-3, 3.16E-3, 1.95E-3, 1.23E-3, 7.81E-4])
(3463, 2, 1, 10, [0.18, 0.06, 0.03, 0.02, 8.84E-3, 5.21E-3, 3.16E-3, 1.95E-3, 1.23E-3, 7.81E-4])
(3467, 2, 1, 10, [0.18, 0.06, 0.03, 0.02, 8.84E-3, 5.21E-3, 3.16E-3, 1.95E-3, 1.23E-3, 7.81E-4])
(3469, 2, 1, 10, [0.18, 0.06, 0.03, 0.02, 8.84E-3, 5.21E-3, 3.16E-3, 1.95E-3, 1.23E-3, 7.81E-4])
(3491, 2, 1, 10, [0.18, 0.06, 0.03, 0.02, 8.84E-3, 5.21E-3, 3.16E-3, 1.95E-3, 1.23E-3, 7.81E-4])
(3499, 2, 1, 10, [0.18, 0.06, 0.03, 0.02, 8.84E-3, 5.21E-3, 3.16E-3, 1.95E-3, 1.23E-3, 7.81E-4])
(3511, 2, 1, 10, [0.18, 0.06, 0.03, 0.02, 8.84E-3, 5.21E-3, 3.16E-3, 1.95E-3, 1.23E-3, 7.81E-4])
(3517, 2, 1, 10, [0.18, 0.06, 0.03, 0.02, 8.84E-3, 5.21E-3, 3.16E-3, 1.95E-3, 1.23E-3, 7.81E-4])
(3527, 2, 1, 10, [0.18, 0.06, 0.03, 0.02, 8.84E-3, 5.21E-3, 3.16E-3, 1.95E-3, 1.23E-3, 7.81E-4])
(3529, 2, 1, 10, [1.45E-10, 0.06, 1.21E-10, 0.02, 1.52E-10, 5.21E-3, 2.20E-10, 1.95E-3, 3.43E-10, 7.81E-4])
(3533, 2, 1, 10, [0.18, 0.06, 0.03, 0.02, 8.84E-3, 5.21E-3, 3.16E-3, 1.95E-3, 1.23E-3, 7.81E-4])
(3539, 2, 1, 10, [0.18, 0.06, 0.03, 0.02, 8.84E-3, 5.21E-3, 3.16E-3, 1.95E-3, 1.23E-3, 7.81E-4])
(3541, 2, 1, 10, [0.18, 0.06, 0.03, 0.02, 8.84E-3, 5.21E-3, 3.16E-3, 1.95E-3, 1.23E-3, 7.81E-4])
(3547, 2, 1, 10, [0.18, 0.06, 0.03, 0.02, 8.84E-3, 5.21E-3, 3.16E-3, 1.95E-3, 1.23E-3, 7.81E-4])
(3557, 2, 1, 10, [0.18, 0.06, 0.03, 0.02, 8.84E-3, 5.21E-3, 3.16E-3, 1.95E-3, 1.23E-3, 7.81E-4])
(3559, 2, 1, 10, [0.18, 0.06, 0.03, 0.02, 8.84E-3, 5.21E-3, 3.16E-3, 1.95E-3, 1.23E-3, 7.81E-4])
(3571, 2, 1, 10, [0.18, 0.06, 0.03, 0.02, 8.84E-3, 5.21E-3, 3.16E-3, 1.95E-3, 1.23E-3, 7.81E-4])
(3581, 2, 1, 10, [0.18, 0.06, 0.03, 0.02, 8.84E-3, 5.21E-3, 3.16E-3, 1.95E-3, 1.23E-3, 7.81E-4])
(3583, 2, 1, 10, [0.18, 0.06, 0.03, 0.02, 8.84E-3, 5.21E-3, 3.16E-3, 1.95E-3, 1.23E-3, 7.81E-4])
(3593, 2, 1, 10, [4.57E-11, 0.06, 3.81E-11, 0.02, 4.80E-11, 5.21E-3, 6.94E-11, 1.95E-3, 1.08E-10, 7.81E-4])
(3607, 2, 1, 10, [0.18, 0.06, 0.03, 0.02, 8.84E-3, 5.21E-3, 3.16E-3, 1.95E-3, 1.23E-3, 7.81E-4])
(3613, 2, 1, 10, [0.18, 0.06, 0.03, 0.02, 8.84E-3, 5.21E-3, 3.16E-3, 1.95E-3, 1.23E-3, 7.81E-4])
(3617, 2, 1, 10, [4.48E-11, 0.06, 3.74E-11, 0.02, 4.71E-11, 5.21E-3, 6.81E-11, 1.95E-3, 1.06E-10, 7.81E-4])
(3623, 2, 1, 10, [0.18, 0.06, 0.03, 0.02, 8.84E-3, 5.21E-3, 3.16E-3, 1.95E-3, 1.23E-3, 7.81E-4])
(3631, 2, 1, 10, [0.18, 0.06, 0.03, 0.02, 8.84E-3, 5.21E-3, 3.16E-3, 1.95E-3, 1.23E-3, 7.81E-4])
(3637, 2, 1, 10, [0.18, 0.06, 0.03, 0.02, 8.84E-3, 5.21E-3, 3.16E-3, 1.95E-3, 1.23E-3, 7.81E-4])
(3643, 2, 1, 10, [0.18, 0.06, 0.03, 0.02, 8.84E-3, 5.21E-3, 3.16E-3, 1.95E-3, 1.23E-3, 7.81E-4])
(3659, 2, 1, 10, [0.18, 0.06, 0.03, 0.02, 8.84E-3, 5.21E-3, 3.16E-3, 1.95E-3, 1.23E-3, 7.81E-4])
(3671, 2, 1, 10, [0.18, 0.06, 0.03, 0.02, 8.84E-3, 5.21E-3, 3.16E-3, 1.95E-3, 1.23E-3, 7.81E-4])
(3673, 2, 1, 10, [1.28E-10, 0.06, 1.07E-10, 0.02, 1.35E-10, 5.21E-3, 1.95E-10, 1.95E-3, 3.04E-10, 7.81E-4])
(3677, 2, 1, 10, [0.18, 0.06, 0.03, 0.02, 8.84E-3, 5.21E-3, 3.16E-3, 1.95E-3, 1.23E-3, 7.81E-4])
(3691, 2, 1, 10, [0.18, 0.06, 0.03, 0.02, 8.84E-3, 5.21E-3, 3.16E-3, 1.95E-3, 1.23E-3, 7.81E-4])
(3697, 2, 1, 10, [1.26E-10, 0.06, 1.05E-10, 0.02, 1.32E-10, 5.21E-3, 1.91E-10, 1.95E-3, 2.98E-10, 7.81E-4])
(3701, 2, 1, 10, [0.18, 0.06, 0.03, 0.02, 8.84E-3, 5.21E-3, 3.16E-3, 1.95E-3, 1.23E-3, 7.81E-4])
(3709, 2, 1, 10, [0.18, 0.06, 0.03, 0.02, 8.84E-3, 5.21E-3, 3.16E-3, 1.95E-3, 1.23E-3, 7.81E-4])
(3719, 2, 1, 10, [0.18, 0.06, 0.03, 0.02, 8.84E-3, 5.21E-3, 3.16E-3, 1.95E-3, 1.23E-3, 7.81E-4])
(3727, 2, 1, 10, [0.18, 0.06, 0.03, 0.02, 8.84E-3, 5.21E-3, 3.16E-3, 1.95E-3, 1.23E-3, 7.81E-4])
(3733, 2, 1, 10, [0.18, 0.06, 0.03, 0.02, 8.84E-3, 5.21E-3, 3.16E-3, 1.95E-3, 1.23E-3, 7.81E-4])
(3739, 2, 1, 10, [0.18, 0.06, 0.03, 0.02, 8.84E-3, 5.21E-3, 3.16E-3, 1.95E-3, 1.23E-3, 7.81E-4])
(3761, 2, 1, 10, [3.99E-11, 0.06, 3.32E-11, 0.02, 4.19E-11, 5.21E-3, 6.05E-11, 1.95E-3, 9.45E-11, 7.81E-4])
(3767, 2, 1, 10, [0.18, 0.06, 0.03, 0.02, 8.84E-3, 5.21E-3, 3.16E-3, 1.95E-3, 1.23E-3, 7.81E-4])
(3769, 2, 1, 10, [0.35, 0.19, 0.12, 0.08, 0.05, 0.04, 0.03, 0.02, 0.01, 8.59E-3])
(3779, 2, 1, 10, [0.18, 0.06, 0.03, 0.02, 8.84E-3, 5.21E-3, 3.16E-3, 1.95E-3, 1.23E-3, 7.81E-4])
(3793, 2, 1, 10, [1.17E-10, 0.06, 9.72E-11, 0.02, 1.22E-10, 5.21E-3, 1.77E-10, 1.95E-3, 2.76E-10, 7.81E-4])
(3797, 2, 1, 10, [0.18, 0.06, 0.03, 0.02, 8.84E-3, 5.21E-3, 3.16E-3, 1.95E-3, 1.23E-3, 7.81E-4])
(3803, 2, 1, 10, [0.18, 0.06, 0.03, 0.02, 8.84E-3, 5.21E-3, 3.16E-3, 1.95E-3, 1.23E-3, 7.81E-4])
(3821, 2, 1, 10, [0.18, 0.06, 0.03, 0.02, 8.84E-3, 5.21E-3, 3.16E-3, 1.95E-3, 1.23E-3, 7.81E-4])
(3823, 2, 1, 10, [0.18, 0.06, 0.03, 0.02, 8.84E-3, 5.21E-3, 3.16E-3, 1.95E-3, 1.23E-3, 7.81E-4])
(3833, 2, 1, 10, [3.77E-11, 0.06, 3.14E-11, 0.02, 3.96E-11, 5.21E-3, 5.72E-11, 1.95E-3, 8.92E-11, 7.81E-4])
(3847, 2, 1, 10, [0.18, 0.06, 0.03, 0.02, 8.84E-3, 5.21E-3, 3.16E-3, 1.95E-3, 1.23E-3, 7.81E-4])
(3851, 2, 1, 10, [0.18, 0.06, 0.03, 0.02, 8.84E-3, 5.21E-3, 3.16E-3, 1.95E-3, 1.23E-3, 7.81E-4])
(3853, 2, 1, 10, [0.18, 0.06, 0.03, 0.02, 8.84E-3, 5.21E-3, 3.16E-3, 1.95E-3, 1.23E-3, 7.81E-4])
(3863, 2, 1, 10, [0.18, 0.06, 0.03, 0.02, 8.84E-3, 5.21E-3, 3.16E-3, 1.95E-3, 1.23E-3, 7.81E-4])
(3877, 2, 1, 10, [0.18, 0.06, 0.03, 0.02, 8.84E-3, 5.21E-3, 3.16E-3, 1.95E-3, 1.23E-3, 7.81E-4])
(3881, 2, 1, 10, [3.63E-11, 0.06, 3.02E-11, 0.02, 3.81E-11, 5.21E-3, 5.51E-11, 1.95E-3, 8.60E-11, 7.81E-4])
(3889, 2, 1, 10, [1.08E-10, 0.06, 9.02E-11, 0.02, 1.14E-10, 5.21E-3, 1.64E-10, 1.95E-3, 2.56E-10, 7.81E-4])
(3907, 2, 1, 10, [0.18, 0.06, 0.03, 0.02, 8.84E-3, 5.21E-3, 3.16E-3, 1.95E-3, 1.23E-3, 7.81E-4])
(3911, 2, 1, 10, [0.18, 0.06, 0.03, 0.02, 8.84E-3, 5.21E-3, 3.16E-3, 1.95E-3, 1.23E-3, 7.81E-4])
(3917, 2, 1, 10, [0.18, 0.06, 0.03, 0.02, 8.84E-3, 5.21E-3, 3.16E-3, 1.95E-3, 1.23E-3, 7.81E-4])
(3919, 2, 1, 10, [0.18, 0.06, 0.03, 0.02, 8.84E-3, 5.21E-3, 3.16E-3, 1.95E-3, 1.23E-3, 7.81E-4])
(3923, 2, 1, 10, [0.18, 0.06, 0.03, 0.02, 8.84E-3, 5.21E-3, 3.16E-3, 1.95E-3, 1.23E-3, 7.81E-4])
(3929, 2, 1, 10, [3.50E-11, 0.06, 2.92E-11, 0.02, 3.67E-11, 5.21E-3, 5.31E-11, 1.95E-3, 8.28E-11, 7.81E-4])
(3931, 2, 1, 10, [0.18, 0.06, 0.03, 0.02, 8.84E-3, 5.21E-3, 3.16E-3, 1.95E-3, 1.23E-3, 7.81E-4])
(3943, 2, 1, 10, [0.18, 0.06, 0.03, 0.02, 8.84E-3, 5.21E-3, 3.16E-3, 1.95E-3, 1.23E-3, 7.81E-4])
(3947, 2, 1, 10, [0.18, 0.06, 0.03, 0.02, 8.84E-3, 5.21E-3, 3.16E-3, 1.95E-3, 1.23E-3, 7.81E-4])
(3967, 2, 1, 10, [0.18, 0.06, 0.03, 0.02, 8.84E-3, 5.21E-3, 3.16E-3, 1.95E-3, 1.23E-3, 7.81E-4])
(3989, 2, 1, 10, [0.18, 0.06, 0.03, 0.02, 8.84E-3, 5.21E-3, 3.16E-3, 1.95E-3, 1.23E-3, 7.81E-4])
(4001, 2, 1, 10, [3.31E-11, 0.06, 2.76E-11, 0.02, 3.48E-11, 5.21E-3, 5.03E-11, 1.95E-3, 7.85E-11, 7.81E-4])
(4003, 2, 1, 10, [0.18, 0.06, 0.03, 0.02, 8.84E-3, 5.21E-3, 3.16E-3, 1.95E-3, 1.23E-3, 7.81E-4])
(4007, 2, 1, 10, [0.18, 0.06, 0.03, 0.02, 8.84E-3, 5.21E-3, 3.16E-3, 1.95E-3, 1.23E-3, 7.81E-4])
(4013, 2, 1, 10, [0.18, 0.06, 0.03, 0.02, 8.84E-3, 5.21E-3, 3.16E-3, 1.95E-3, 1.23E-3, 7.81E-4])
(4019, 2, 1, 10, [0.18, 0.06, 0.03, 0.02, 8.84E-3, 5.21E-3, 3.16E-3, 1.95E-3, 1.23E-3, 7.81E-4])
(4021, 2, 1, 10, [0.18, 0.06, 0.03, 0.02, 8.84E-3, 5.21E-3, 3.16E-3, 1.95E-3, 1.23E-3, 7.81E-4])
(4027, 2, 1, 10, [0.18, 0.06, 0.03, 0.02, 8.84E-3, 5.21E-3, 3.16E-3, 1.95E-3, 1.23E-3, 7.81E-4])
(4049, 2, 1, 10, [3.20E-11, 0.06, 2.66E-11, 0.02, 3.36E-11, 5.21E-3, 4.85E-11, 1.95E-3, 7.57E-11, 7.81E-4])
(4051, 2, 1, 10, [0.18, 0.06, 0.03, 0.02, 8.84E-3, 5.21E-3, 3.16E-3, 1.95E-3, 1.23E-3, 7.81E-4])
(4057, 2, 1, 10, [9.53E-11, 0.06, 7.94E-11, 0.02, 1.00E-10, 5.21E-3, 1.45E-10, 1.95E-3, 2.26E-10, 7.81E-4])
(4073, 2, 1, 10, [3.14E-11, 0.06, 2.62E-11, 0.02, 3.30E-11, 5.21E-3, 4.77E-11, 1.95E-3, 7.44E-11, 7.81E-4])
(4079, 2, 1, 10, [0.18, 0.06, 0.03, 0.02, 8.84E-3, 5.21E-3, 3.16E-3, 1.95E-3, 1.23E-3, 7.81E-4])
(4091, 2, 1, 10, [0.18, 0.06, 0.03, 0.02, 8.84E-3, 5.21E-3, 3.16E-3, 1.95E-3, 1.23E-3, 7.81E-4])
(4093, 2, 1, 10, [0.18, 0.06, 0.03, 0.02, 8.84E-3, 5.21E-3, 3.16E-3, 1.95E-3, 1.23E-3, 7.81E-4])
(4099, 2, 1, 10, [0.18, 0.06, 0.03, 0.02, 8.84E-3, 5.21E-3, 3.16E-3, 1.95E-3, 1.23E-3, 7.81E-4])
(4111, 2, 1, 10, [0.18, 0.06, 0.03, 0.02, 8.84E-3, 5.21E-3, 3.16E-3, 1.95E-3, 1.23E-3, 7.81E-4])
(4127, 2, 1, 10, [0.18, 0.06, 0.03, 0.02, 8.84E-3, 5.21E-3, 3.16E-3, 1.95E-3, 1.23E-3, 7.81E-4])
(4129, 2, 1, 10, [0.35, 0.19, 0.12, 0.08, 0.05, 0.04, 0.03, 0.02, 0.01, 8.59E-3])
(4133, 2, 1, 10, [0.18, 0.06, 0.03, 0.02, 8.84E-3, 5.21E-3, 3.16E-3, 1.95E-3, 1.23E-3, 7.81E-4])
(4139, 2, 1, 10, [0.18, 0.06, 0.03, 0.02, 8.84E-3, 5.21E-3, 3.16E-3, 1.95E-3, 1.23E-3, 7.81E-4])
(4153, 2, 1, 10, [8.89E-11, 0.06, 7.41E-11, 0.02, 9.33E-11, 5.21E-3, 1.35E-10, 1.95E-3, 2.10E-10, 7.81E-4])
(4157, 2, 1, 10, [0.18, 0.06, 0.03, 0.02, 8.84E-3, 5.21E-3, 3.16E-3, 1.95E-3, 1.23E-3, 7.81E-4])
(4159, 2, 1, 10, [0.18, 0.06, 0.03, 0.02, 8.84E-3, 5.21E-3, 3.16E-3, 1.95E-3, 1.23E-3, 7.81E-4])
(4177, 2, 1, 10, [8.73E-11, 0.06, 7.28E-11, 0.02, 9.17E-11, 5.21E-3, 1.33E-10, 1.95E-3, 2.07E-10, 7.81E-4])
(4201, 2, 1, 10, [8.59E-11, 0.06, 7.15E-11, 0.02, 9.01E-11, 5.21E-3, 1.30E-10, 1.95E-3, 2.03E-10, 7.81E-4])
(4211, 2, 1, 10, [0.18, 0.06, 0.03, 0.02, 8.84E-3, 5.21E-3, 3.16E-3, 1.95E-3, 1.23E-3, 7.81E-4])
(4217, 2, 1, 10, [2.83E-11, 0.06, 2.36E-11, 0.02, 2.97E-11, 5.21E-3, 4.29E-11, 1.95E-3, 6.70E-11, 7.81E-4])
(4219, 2, 1, 10, [0.18, 0.06, 0.03, 0.02, 8.84E-3, 5.21E-3, 3.16E-3, 1.95E-3, 1.23E-3, 7.81E-4])
(4229, 2, 1, 10, [0.18, 0.06, 0.03, 0.02, 8.84E-3, 5.21E-3, 3.16E-3, 1.95E-3, 1.23E-3, 7.81E-4])
(4231, 2, 1, 10, [0.18, 0.06, 0.03, 0.02, 8.84E-3, 5.21E-3, 3.16E-3, 1.95E-3, 1.23E-3, 7.81E-4])
(4241, 2, 1, 10, [2.78E-11, 0.06, 2.32E-11, 0.02, 2.92E-11, 5.21E-3, 4.22E-11, 1.95E-3, 6.59E-11, 7.81E-4])
(4243, 2, 1, 10, [0.18, 0.06, 0.03, 0.02, 8.84E-3, 5.21E-3, 3.16E-3, 1.95E-3, 1.23E-3, 7.81E-4])
(4253, 2, 1, 10, [0.18, 0.06, 0.03, 0.02, 8.84E-3, 5.21E-3, 3.16E-3, 1.95E-3, 1.23E-3, 7.81E-4])
(4259, 2, 1, 10, [0.18, 0.06, 0.03, 0.02, 8.84E-3, 5.21E-3, 3.16E-3, 1.95E-3, 1.23E-3, 7.81E-4])
(4261, 2, 1, 10, [0.18, 0.06, 0.03, 0.02, 8.84E-3, 5.21E-3, 3.16E-3, 1.95E-3, 1.23E-3, 7.81E-4])
(4271, 2, 1, 10, [0.18, 0.06, 0.03, 0.02, 8.84E-3, 5.21E-3, 3.16E-3, 1.95E-3, 1.23E-3, 7.81E-4])
(4273, 2, 1, 10, [8.16E-11, 0.06, 6.80E-11, 0.02, 8.57E-11, 5.21E-3, 1.24E-10, 1.95E-3, 1.93E-10, 7.81E-4])
(4283, 2, 1, 10, [0.18, 0.06, 0.03, 0.02, 8.84E-3, 5.21E-3, 3.16E-3, 1.95E-3, 1.23E-3, 7.81E-4])
(4289, 2, 1, 10, [2.69E-11, 0.06, 2.24E-11, 0.02, 2.82E-11, 5.21E-3, 4.08E-11, 1.95E-3, 6.37E-11, 7.81E-4])
(4297, 2, 1, 10, [8.02E-11, 0.06, 6.69E-11, 0.02, 8.42E-11, 5.21E-3, 1.22E-10, 1.95E-3, 1.90E-10, 7.81E-4])
(4327, 2, 1, 10, [0.18, 0.06, 0.03, 0.02, 8.84E-3, 5.21E-3, 3.16E-3, 1.95E-3, 1.23E-3, 7.81E-4])
(4337, 2, 1, 10, [2.60E-11, 0.06, 2.17E-11, 0.02, 2.73E-11, 5.21E-3, 3.95E-11, 1.95E-3, 6.16E-11, 7.81E-4])
(4339, 2, 1, 10, [0.18, 0.06, 0.03, 0.02, 8.84E-3, 5.21E-3, 3.16E-3, 1.95E-3, 1.23E-3, 7.81E-4])
(4349, 2, 1, 10, [0.18, 0.06, 0.03, 0.02, 8.84E-3, 5.21E-3, 3.16E-3, 1.95E-3, 1.23E-3, 7.81E-4])
(4357, 2, 1, 10, [0.18, 0.06, 0.03, 0.02, 8.84E-3, 5.21E-3, 3.16E-3, 1.95E-3, 1.23E-3, 7.81E-4])
(4363, 2, 1, 10, [0.18, 0.06, 0.03, 0.02, 8.84E-3, 5.21E-3, 3.16E-3, 1.95E-3, 1.23E-3, 7.81E-4])
(4373, 2, 1, 10, [0.18, 0.06, 0.03, 0.02, 8.84E-3, 5.21E-3, 3.16E-3, 1.95E-3, 1.23E-3, 7.81E-4])
(4391, 2, 1, 10, [0.18, 0.06, 0.03, 0.02, 8.84E-3, 5.21E-3, 3.16E-3, 1.95E-3, 1.23E-3, 7.81E-4])
(4397, 2, 1, 10, [0.18, 0.06, 0.03, 0.02, 8.84E-3, 5.21E-3, 3.16E-3, 1.95E-3, 1.23E-3, 7.81E-4])
(4409, 2, 1, 10, [2.48E-11, 0.06, 2.06E-11, 0.02, 2.60E-11, 5.21E-3, 3.76E-11, 1.95E-3, 5.86E-11, 7.81E-4])
(4421, 2, 1, 10, [0.18, 0.06, 0.03, 0.02, 8.84E-3, 5.21E-3, 3.16E-3, 1.95E-3, 1.23E-3, 7.81E-4])
(4423, 2, 1, 10, [0.18, 0.06, 0.03, 0.02, 8.84E-3, 5.21E-3, 3.16E-3, 1.95E-3, 1.23E-3, 7.81E-4])
(4441, 2, 1, 10, [0.35, 0.19, 0.12, 0.08, 0.05, 0.04, 0.03, 0.02, 0.01, 8.59E-3])
(4447, 2, 1, 10, [0.18, 0.06, 0.03, 0.02, 8.84E-3, 5.21E-3, 3.16E-3, 1.95E-3, 1.23E-3, 7.81E-4])
(4451, 2, 1, 10, [0.18, 0.06, 0.03, 0.02, 8.84E-3, 5.21E-3, 3.16E-3, 1.95E-3, 1.23E-3, 7.81E-4])
(4457, 2, 1, 10, [2.40E-11, 0.06, 2.00E-11, 0.02, 2.52E-11, 5.21E-3, 3.64E-11, 1.95E-3, 5.68E-11, 7.81E-4])
(4463, 2, 1, 10, [0.18, 0.06, 0.03, 0.02, 8.84E-3, 5.21E-3, 3.16E-3, 1.95E-3, 1.23E-3, 7.81E-4])
(4481, 2, 1, 10, [2.36E-11, 0.06, 1.97E-11, 0.02, 2.48E-11, 5.21E-3, 3.58E-11, 1.95E-3, 5.58E-11, 7.81E-4])
(4483, 2, 1, 10, [0.18, 0.06, 0.03, 0.02, 8.84E-3, 5.21E-3, 3.16E-3, 1.95E-3, 1.23E-3, 7.81E-4])
(4493, 2, 1, 10, [0.18, 0.06, 0.03, 0.02, 8.84E-3, 5.21E-3, 3.16E-3, 1.95E-3, 1.23E-3, 7.81E-4])
(4507, 2, 1, 10, [0.18, 0.06, 0.03, 0.02, 8.84E-3, 5.21E-3, 3.16E-3, 1.95E-3, 1.23E-3, 7.81E-4])
(4513, 2, 1, 10, [6.93E-11, 0.06, 5.77E-11, 0.02, 7.27E-11, 5.21E-3, 1.05E-10, 1.95E-3, 1.64E-10, 7.81E-4])
(4517, 2, 1, 10, [0.18, 0.06, 0.03, 0.02, 8.84E-3, 5.21E-3, 3.16E-3, 1.95E-3, 1.23E-3, 7.81E-4])
(4519, 2, 1, 10, [0.18, 0.06, 0.03, 0.02, 8.84E-3, 5.21E-3, 3.16E-3, 1.95E-3, 1.23E-3, 7.81E-4])
(4523, 2, 1, 10, [0.18, 0.06, 0.03, 0.02, 8.84E-3, 5.21E-3, 3.16E-3, 1.95E-3, 1.23E-3, 7.81E-4])
(4547, 2, 1, 10, [0.18, 0.06, 0.03, 0.02, 8.84E-3, 5.21E-3, 3.16E-3, 1.95E-3, 1.23E-3, 7.81E-4])
(4549, 2, 1, 10, [0.18, 0.06, 0.03, 0.02, 8.84E-3, 5.21E-3, 3.16E-3, 1.95E-3, 1.23E-3, 7.81E-4])
(4561, 2, 1, 10, [6.71E-11, 0.06, 5.59E-11, 0.02, 7.04E-11, 5.21E-3, 1.02E-10, 1.95E-3, 1.59E-10, 7.81E-4])
(4567, 2, 1, 10, [0.18, 0.06, 0.03, 0.02, 8.84E-3, 5.21E-3, 3.16E-3, 1.95E-3, 1.23E-3, 7.81E-4])
(4583, 2, 1, 10, [0.18, 0.06, 0.03, 0.02, 8.84E-3, 5.21E-3, 3.16E-3, 1.95E-3, 1.23E-3, 7.81E-4])
(4591, 2, 1, 10, [0.18, 0.06, 0.03, 0.02, 8.84E-3, 5.21E-3, 3.16E-3, 1.95E-3, 1.23E-3, 7.81E-4])
(4597, 2, 1, 10, [0.18, 0.06, 0.03, 0.02, 8.84E-3, 5.21E-3, 3.16E-3, 1.95E-3, 1.23E-3, 7.81E-4])
(4603, 2, 1, 10, [0.18, 0.06, 0.03, 0.02, 8.84E-3, 5.21E-3, 3.16E-3, 1.95E-3, 1.23E-3, 7.81E-4])
(4621, 2, 1, 10, [0.18, 0.06, 0.03, 0.02, 8.84E-3, 5.21E-3, 3.16E-3, 1.95E-3, 1.23E-3, 7.81E-4])
(4637, 2, 1, 10, [0.18, 0.06, 0.03, 0.02, 8.84E-3, 5.21E-3, 3.16E-3, 1.95E-3, 1.23E-3, 7.81E-4])
(4639, 2, 1, 10, [0.18, 0.06, 0.03, 0.02, 8.84E-3, 5.21E-3, 3.16E-3, 1.95E-3, 1.23E-3, 7.81E-4])
(4643, 2, 1, 10, [0.18, 0.06, 0.03, 0.02, 8.84E-3, 5.21E-3, 3.16E-3, 1.95E-3, 1.23E-3, 7.81E-4])
(4649, 2, 1, 10, [2.11E-11, 0.06, 1.76E-11, 0.02, 2.22E-11, 5.21E-3, 3.21E-11, 1.95E-3, 5.00E-11, 7.81E-4])
(4651, 2, 1, 10, [0.18, 0.06, 0.03, 0.02, 8.84E-3, 5.21E-3, 3.16E-3, 1.95E-3, 1.23E-3, 7.81E-4])
(4657, 2, 1, 10, [6.30E-11, 0.06, 5.25E-11, 0.02, 6.62E-11, 5.21E-3, 9.57E-11, 1.95E-3, 1.49E-10, 7.81E-4])
(4663, 2, 1, 10, [0.18, 0.06, 0.03, 0.02, 8.84E-3, 5.21E-3, 3.16E-3, 1.95E-3, 1.23E-3, 7.81E-4])
(4673, 2, 1, 10, [2.08E-11, 0.06, 1.73E-11, 0.02, 2.18E-11, 5.21E-3, 3.16E-11, 1.95E-3, 4.92E-11, 7.81E-4])
(4679, 2, 1, 10, [0.18, 0.06, 0.03, 0.02, 8.84E-3, 5.21E-3, 3.16E-3, 1.95E-3, 1.23E-3, 7.81E-4])
(4691, 2, 1, 10, [0.18, 0.06, 0.03, 0.02, 8.84E-3, 5.21E-3, 3.16E-3, 1.95E-3, 1.23E-3, 7.81E-4])
(4703, 2, 1, 10, [0.18, 0.06, 0.03, 0.02, 8.84E-3, 5.21E-3, 3.16E-3, 1.95E-3, 1.23E-3, 7.81E-4])
(4721, 2, 1, 10, [2.02E-11, 0.06, 1.68E-11, 0.02, 2.12E-11, 5.21E-3, 3.06E-11, 1.95E-3, 4.78E-11, 7.81E-4])
(4723, 2, 1, 10, [0.18, 0.06, 0.03, 0.02, 8.84E-3, 5.21E-3, 3.16E-3, 1.95E-3, 1.23E-3, 7.81E-4])
(4729, 2, 1, 10, [6.02E-11, 0.06, 5.02E-11, 0.02, 6.32E-11, 5.21E-3, 9.14E-11, 1.95E-3, 1.43E-10, 7.81E-4])
(4733, 2, 1, 10, [0.18, 0.06, 0.03, 0.02, 8.84E-3, 5.21E-3, 3.16E-3, 1.95E-3, 1.23E-3, 7.81E-4])
(4751, 2, 1, 10, [0.18, 0.06, 0.03, 0.02, 8.84E-3, 5.21E-3, 3.16E-3, 1.95E-3, 1.23E-3, 7.81E-4])
(4759, 2, 1, 10, [0.18, 0.06, 0.03, 0.02, 8.84E-3, 5.21E-3, 3.16E-3, 1.95E-3, 1.23E-3, 7.81E-4])
(4783, 2, 1, 10, [0.18, 0.06, 0.03, 0.02, 8.84E-3, 5.21E-3, 3.16E-3, 1.95E-3, 1.23E-3, 7.81E-4])
(4787, 2, 1, 10, [0.18, 0.06, 0.03, 0.02, 8.84E-3, 5.21E-3, 3.16E-3, 1.95E-3, 1.23E-3, 7.81E-4])
(4789, 2, 1, 10, [0.18, 0.06, 0.03, 0.02, 8.84E-3, 5.21E-3, 3.16E-3, 1.95E-3, 1.23E-3, 7.81E-4])
(4793, 2, 1, 10, [1.93E-11, 0.06, 1.61E-11, 0.02, 2.02E-11, 5.21E-3, 2.92E-11, 1.95E-3, 4.56E-11, 7.81E-4])
(4799, 2, 1, 10, [0.18, 0.06, 0.03, 0.02, 8.84E-3, 5.21E-3, 3.16E-3, 1.95E-3, 1.23E-3, 7.81E-4])
(4801, 2, 1, 10, [0.35, 0.19, 0.12, 0.08, 0.05, 0.04, 0.03, 0.02, 0.01, 8.59E-3])
(4813, 2, 1, 10, [0.18, 0.06, 0.03, 0.02, 8.84E-3, 5.21E-3, 3.16E-3, 1.95E-3, 1.23E-3, 7.81E-4])
(4817, 2, 1, 10, [1.90E-11, 0.06, 1.58E-11, 0.02, 1.99E-11, 5.21E-3, 2.88E-11, 1.95E-3, 4.50E-11, 7.81E-4])
(4831, 2, 1, 10, [0.18, 0.06, 0.03, 0.02, 8.84E-3, 5.21E-3, 3.16E-3, 1.95E-3, 1.23E-3, 7.81E-4])
(4861, 2, 1, 10, [0.18, 0.06, 0.03, 0.02, 8.84E-3, 5.21E-3, 3.16E-3, 1.95E-3, 1.23E-3, 7.81E-4])
(4871, 2, 1, 10, [0.18, 0.06, 0.03, 0.02, 8.84E-3, 5.21E-3, 3.16E-3, 1.95E-3, 1.23E-3, 7.81E-4])
(4877, 2, 1, 10, [0.18, 0.06, 0.03, 0.02, 8.84E-3, 5.21E-3, 3.16E-3, 1.95E-3, 1.23E-3, 7.81E-4])
(4889, 2, 1, 10, [1.82E-11, 0.06, 1.51E-11, 0.02, 1.91E-11, 5.21E-3, 2.76E-11, 1.95E-3, 4.30E-11, 7.81E-4])
(4903, 2, 1, 10, [0.18, 0.06, 0.03, 0.02, 8.84E-3, 5.21E-3, 3.16E-3, 1.95E-3, 1.23E-3, 7.81E-4])
(4909, 2, 1, 10, [0.18, 0.06, 0.03, 0.02, 8.84E-3, 5.21E-3, 3.16E-3, 1.95E-3, 1.23E-3, 7.81E-4])
(4919, 2, 1, 10, [0.18, 0.06, 0.03, 0.02, 8.84E-3, 5.21E-3, 3.16E-3, 1.95E-3, 1.23E-3, 7.81E-4])
(4931, 2, 1, 10, [0.18, 0.06, 0.03, 0.02, 8.84E-3, 5.21E-3, 3.16E-3, 1.95E-3, 1.23E-3, 7.81E-4])
(4933, 2, 1, 10, [0.18, 0.06, 0.03, 0.02, 8.84E-3, 5.21E-3, 3.16E-3, 1.95E-3, 1.23E-3, 7.81E-4])
(4937, 2, 1, 10, [1.76E-11, 0.06, 1.47E-11, 0.02, 1.85E-11, 5.21E-3, 2.68E-11, 1.95E-3, 4.18E-11, 7.81E-4])
(4943, 2, 1, 10, [0.18, 0.06, 0.03, 0.02, 8.84E-3, 5.21E-3, 3.16E-3, 1.95E-3, 1.23E-3, 7.81E-4])
(4951, 2, 1, 10, [0.18, 0.06, 0.03, 0.02, 8.84E-3, 5.21E-3, 3.16E-3, 1.95E-3, 1.23E-3, 7.81E-4])
(4957, 2, 1, 10, [0.18, 0.06, 0.03, 0.02, 8.84E-3, 5.21E-3, 3.16E-3, 1.95E-3, 1.23E-3, 7.81E-4])
(4967, 2, 1, 10, [0.18, 0.06, 0.03, 0.02, 8.84E-3, 5.21E-3, 3.16E-3, 1.95E-3, 1.23E-3, 7.81E-4])
(4969, 2, 1, 10, [0.35, 0.19, 0.12, 0.08, 0.05, 0.04, 0.03, 0.02, 0.01, 8.59E-3])
(4973, 2, 1, 10, [0.18, 0.06, 0.03, 0.02, 8.84E-3, 5.21E-3, 3.16E-3, 1.95E-3, 1.23E-3, 7.81E-4])
(4987, 2, 1, 10, [0.18, 0.06, 0.03, 0.02, 8.84E-3, 5.21E-3, 3.16E-3, 1.95E-3, 1.23E-3, 7.81E-4])
(4993, 2, 1, 10, [5.11E-11, 0.06, 4.26E-11, 0.02, 5.37E-11, 5.21E-3, 7.76E-11, 1.95E-3, 1.21E-10, 7.81E-4])
(4999, 2, 1, 10, [0.18, 0.06, 0.03, 0.02, 8.84E-3, 5.21E-3, 3.16E-3, 1.95E-3, 1.23E-3, 7.81E-4])
(5003, 2, 1, 10, [0.18, 0.06, 0.03, 0.02, 8.84E-3, 5.21E-3, 3.16E-3, 1.95E-3, 1.23E-3, 7.81E-4])
(5009, 2, 1, 10, [1.69E-11, 0.06, 1.41E-11, 0.02, 1.77E-11, 5.21E-3, 2.56E-11, 1.95E-3, 4.00E-11, 7.81E-4])
(5011, 2, 1, 10, [0.18, 0.06, 0.03, 0.02, 8.84E-3, 5.21E-3, 3.16E-3, 1.95E-3, 1.23E-3, 7.81E-4])
(5021, 2, 1, 10, [0.18, 0.06, 0.03, 0.02, 8.84E-3, 5.21E-3, 3.16E-3, 1.95E-3, 1.23E-3, 7.81E-4])
(5023, 2, 1, 10, [0.18, 0.06, 0.03, 0.02, 8.84E-3, 5.21E-3, 3.16E-3, 1.95E-3, 1.23E-3, 7.81E-4])
(5039, 2, 1, 10, [0.18, 0.06, 0.03, 0.02, 8.84E-3, 5.21E-3, 3.16E-3, 1.95E-3, 1.23E-3, 7.81E-4])
(5051, 2, 1, 10, [0.18, 0.06, 0.03, 0.02, 8.84E-3, 5.21E-3, 3.16E-3, 1.95E-3, 1.23E-3, 7.81E-4])
(5059, 2, 1, 10, [0.18, 0.06, 0.03, 0.02, 8.84E-3, 5.21E-3, 3.16E-3, 1.95E-3, 1.23E-3, 7.81E-4])
(5077, 2, 1, 10, [0.18, 0.06, 0.03, 0.02, 8.84E-3, 5.21E-3, 3.16E-3, 1.95E-3, 1.23E-3, 7.81E-4])
(5081, 2, 1, 10, [1.62E-11, 0.06, 1.35E-11, 0.02, 1.70E-11, 5.21E-3, 2.46E-11, 1.95E-3, 3.83E-11, 7.81E-4])
(5087, 2, 1, 10, [0.18, 0.06, 0.03, 0.02, 8.84E-3, 5.21E-3, 3.16E-3, 1.95E-3, 1.23E-3, 7.81E-4])
(5099, 2, 1, 10, [0.18, 0.06, 0.03, 0.02, 8.84E-3, 5.21E-3, 3.16E-3, 1.95E-3, 1.23E-3, 7.81E-4])
(5101, 2, 1, 10, [0.18, 0.06, 0.03, 0.02, 8.84E-3, 5.21E-3, 3.16E-3, 1.95E-3, 1.23E-3, 7.81E-4])
(5107, 2, 1, 10, [0.18, 0.06, 0.03, 0.02, 8.84E-3, 5.21E-3, 3.16E-3, 1.95E-3, 1.23E-3, 7.81E-4])
(5113, 2, 1, 10, [4.76E-11, 0.06, 3.97E-11, 0.02, 5.00E-11, 5.21E-3, 7.23E-11, 1.95E-3, 1.13E-10, 7.81E-4])
(5119, 2, 1, 10, [0.18, 0.06, 0.03, 0.02, 8.84E-3, 5.21E-3, 3.16E-3, 1.95E-3, 1.23E-3, 7.81E-4])
(5147, 2, 1, 10, [0.18, 0.06, 0.03, 0.02, 8.84E-3, 5.21E-3, 3.16E-3, 1.95E-3, 1.23E-3, 7.81E-4])
(5153, 2, 1, 10, [1.55E-11, 0.06, 1.29E-11, 0.02, 1.63E-11, 5.21E-3, 2.35E-11, 1.95E-3, 3.67E-11, 7.81E-4])
(5167, 2, 1, 10, [0.18, 0.06, 0.03, 0.02, 8.84E-3, 5.21E-3, 3.16E-3, 1.95E-3, 1.23E-3, 7.81E-4])
(5171, 2, 1, 10, [0.18, 0.06, 0.03, 0.02, 8.84E-3, 5.21E-3, 3.16E-3, 1.95E-3, 1.23E-3, 7.81E-4])
(5179, 2, 1, 10, [0.18, 0.06, 0.03, 0.02, 8.84E-3, 5.21E-3, 3.16E-3, 1.95E-3, 1.23E-3, 7.81E-4])
(5189, 2, 1, 10, [0.18, 0.06, 0.03, 0.02, 8.84E-3, 5.21E-3, 3.16E-3, 1.95E-3, 1.23E-3, 7.81E-4])
(5197, 2, 1, 10, [0.18, 0.06, 0.03, 0.02, 8.84E-3, 5.21E-3, 3.16E-3, 1.95E-3, 1.23E-3, 7.81E-4])
(5209, 2, 1, 10, [4.50E-11, 0.06, 3.75E-11, 0.02, 4.73E-11, 5.21E-3, 6.84E-11, 1.95E-3, 1.07E-10, 7.81E-4])
(5227, 2, 1, 10, [0.18, 0.06, 0.03, 0.02, 8.84E-3, 5.21E-3, 3.16E-3, 1.95E-3, 1.23E-3, 7.81E-4])
(5231, 2, 1, 10, [0.18, 0.06, 0.03, 0.02, 8.84E-3, 5.21E-3, 3.16E-3, 1.95E-3, 1.23E-3, 7.81E-4])
(5233, 2, 1, 10, [4.44E-11, 0.06, 3.70E-11, 0.02, 4.66E-11, 5.21E-3, 6.74E-11, 1.95E-3, 1.05E-10, 7.81E-4])
(5237, 2, 1, 10, [0.18, 0.06, 0.03, 0.02, 8.84E-3, 5.21E-3, 3.16E-3, 1.95E-3, 1.23E-3, 7.81E-4])
(5261, 2, 1, 10, [0.18, 0.06, 0.03, 0.02, 8.84E-3, 5.21E-3, 3.16E-3, 1.95E-3, 1.23E-3, 7.81E-4])
(5273, 2, 1, 10, [1.45E-11, 0.06, 1.21E-11, 0.02, 1.52E-11, 5.21E-3, 2.20E-11, 1.95E-3, 3.43E-11, 7.81E-4])
(5279, 2, 1, 10, [0.18, 0.06, 0.03, 0.02, 8.84E-3, 5.21E-3, 3.16E-3, 1.95E-3, 1.23E-3, 7.81E-4])
(5281, 2, 1, 10, [0.35, 0.19, 0.12, 0.08, 0.05, 0.04, 0.03, 0.02, 0.01, 8.59E-3])
(5297, 2, 1, 10, [1.43E-11, 0.06, 1.19E-11, 0.02, 1.50E-11, 5.21E-3, 2.17E-11, 1.95E-3, 3.38E-11, 7.81E-4])
(5303, 2, 1, 10, [0.18, 0.06, 0.03, 0.02, 8.84E-3, 5.21E-3, 3.16E-3, 1.95E-3, 1.23E-3, 7.81E-4])
(5309, 2, 1, 10, [0.18, 0.06, 0.03, 0.02, 8.84E-3, 5.21E-3, 3.16E-3, 1.95E-3, 1.23E-3, 7.81E-4])
(5323, 2, 1, 10, [0.18, 0.06, 0.03, 0.02, 8.84E-3, 5.21E-3, 3.16E-3, 1.95E-3, 1.23E-3, 7.81E-4])
(5333, 2, 1, 10, [0.18, 0.06, 0.03, 0.02, 8.84E-3, 5.21E-3, 3.16E-3, 1.95E-3, 1.23E-3, 7.81E-4])
(5347, 2, 1, 10, [0.18, 0.06, 0.03, 0.02, 8.84E-3, 5.21E-3, 3.16E-3, 1.95E-3, 1.23E-3, 7.81E-4])
(5351, 2, 1, 10, [0.18, 0.06, 0.03, 0.02, 8.84E-3, 5.21E-3, 3.16E-3, 1.95E-3, 1.23E-3, 7.81E-4])
(5381, 2, 1, 10, [0.18, 0.06, 0.03, 0.02, 8.84E-3, 5.21E-3, 3.16E-3, 1.95E-3, 1.23E-3, 7.81E-4])
(5387, 2, 1, 10, [0.18, 0.06, 0.03, 0.02, 8.84E-3, 5.21E-3, 3.16E-3, 1.95E-3, 1.23E-3, 7.81E-4])
(5393, 2, 1, 10, [1.35E-11, 0.06, 1.13E-11, 0.02, 1.42E-11, 5.21E-3, 2.05E-11, 1.95E-3, 3.20E-11, 7.81E-4])
(5399, 2, 1, 10, [0.18, 0.06, 0.03, 0.02, 8.84E-3, 5.21E-3, 3.16E-3, 1.95E-3, 1.23E-3, 7.81E-4])
(5407, 2, 1, 10, [0.18, 0.06, 0.03, 0.02, 8.84E-3, 5.21E-3, 3.16E-3, 1.95E-3, 1.23E-3, 7.81E-4])
(5413, 2, 1, 10, [0.18, 0.06, 0.03, 0.02, 8.84E-3, 5.21E-3, 3.16E-3, 1.95E-3, 1.23E-3, 7.81E-4])
(5417, 2, 1, 10, [1.33E-11, 0.06, 1.11E-11, 0.02, 1.40E-11, 5.21E-3, 2.03E-11, 1.95E-3, 3.16E-11, 7.81E-4])
(5419, 2, 1, 10, [0.18, 0.06, 0.03, 0.02, 8.84E-3, 5.21E-3, 3.16E-3, 1.95E-3, 1.23E-3, 7.81E-4])
(5431, 2, 1, 10, [0.18, 0.06, 0.03, 0.02, 8.84E-3, 5.21E-3, 3.16E-3, 1.95E-3, 1.23E-3, 7.81E-4])
(5437, 2, 1, 10, [0.18, 0.06, 0.03, 0.02, 8.84E-3, 5.21E-3, 3.16E-3, 1.95E-3, 1.23E-3, 7.81E-4])
(5441, 2, 1, 10, [1.32E-11, 0.06, 1.10E-11, 0.02, 1.38E-11, 5.21E-3, 2.00E-11, 1.95E-3, 3.12E-11, 7.81E-4])
(5443, 2, 1, 10, [0.18, 0.06, 0.03, 0.02, 8.84E-3, 5.21E-3, 3.16E-3, 1.95E-3, 1.23E-3, 7.81E-4])
(5449, 2, 1, 10, [0.35, 0.19, 0.12, 0.08, 0.05, 0.04, 0.03, 0.02, 0.01, 8.59E-3])
(5471, 2, 1, 10, [0.18, 0.06, 0.03, 0.02, 8.84E-3, 5.21E-3, 3.16E-3, 1.95E-3, 1.23E-3, 7.81E-4])
(5477, 2, 1, 10, [0.18, 0.06, 0.03, 0.02, 8.84E-3, 5.21E-3, 3.16E-3, 1.95E-3, 1.23E-3, 7.81E-4])
(5479, 2, 1, 10, [0.18, 0.06, 0.03, 0.02, 8.84E-3, 5.21E-3, 3.16E-3, 1.95E-3, 1.23E-3, 7.81E-4])
(5483, 2, 1, 10, [0.18, 0.06, 0.03, 0.02, 8.84E-3, 5.21E-3, 3.16E-3, 1.95E-3, 1.23E-3, 7.81E-4])
(5501, 2, 1, 10, [0.18, 0.06, 0.03, 0.02, 8.84E-3, 5.21E-3, 3.16E-3, 1.95E-3, 1.23E-3, 7.81E-4])
(5503, 2, 1, 10, [0.18, 0.06, 0.03, 0.02, 8.84E-3, 5.21E-3, 3.16E-3, 1.95E-3, 1.23E-3, 7.81E-4])
(5507, 2, 1, 10, [0.18, 0.06, 0.03, 0.02, 8.84E-3, 5.21E-3, 3.16E-3, 1.95E-3, 1.23E-3, 7.81E-4])
(5519, 2, 1, 10, [0.18, 0.06, 0.03, 0.02, 8.84E-3, 5.21E-3, 3.16E-3, 1.95E-3, 1.23E-3, 7.81E-4])
(5521, 2, 1, 10, [0.35, 0.19, 0.12, 0.08, 0.05, 0.04, 0.03, 0.02, 0.01, 8.59E-3])
(5527, 2, 1, 10, [0.18, 0.06, 0.03, 0.02, 8.84E-3, 5.21E-3, 3.16E-3, 1.95E-3, 1.23E-3, 7.81E-4])
(5531, 2, 1, 10, [0.18, 0.06, 0.03, 0.02, 8.84E-3, 5.21E-3, 3.16E-3, 1.95E-3, 1.23E-3, 7.81E-4])
(5557, 2, 1, 10, [0.18, 0.06, 0.03, 0.02, 8.84E-3, 5.21E-3, 3.16E-3, 1.95E-3, 1.23E-3, 7.81E-4])
(5563, 2, 1, 10, [0.18, 0.06, 0.03, 0.02, 8.84E-3, 5.21E-3, 3.16E-3, 1.95E-3, 1.23E-3, 7.81E-4])
(5569, 2, 1, 10, [3.69E-11, 0.06, 3.07E-11, 0.02, 3.87E-11, 5.21E-3, 5.59E-11, 1.95E-3, 8.73E-11, 7.81E-4])
(5573, 2, 1, 10, [0.18, 0.06, 0.03, 0.02, 8.84E-3, 5.21E-3, 3.16E-3, 1.95E-3, 1.23E-3, 7.81E-4])
(5581, 2, 1, 10, [0.18, 0.06, 0.03, 0.02, 8.84E-3, 5.21E-3, 3.16E-3, 1.95E-3, 1.23E-3, 7.81E-4])
(5591, 2, 1, 10, [0.18, 0.06, 0.03, 0.02, 8.84E-3, 5.21E-3, 3.16E-3, 1.95E-3, 1.23E-3, 7.81E-4])
(5623, 2, 1, 10, [0.18, 0.06, 0.03, 0.02, 8.84E-3, 5.21E-3, 3.16E-3, 1.95E-3, 1.23E-3, 7.81E-4])
(5639, 2, 1, 10, [0.18, 0.06, 0.03, 0.02, 8.84E-3, 5.21E-3, 3.16E-3, 1.95E-3, 1.23E-3, 7.81E-4])
(5641, 2, 1, 10, [0.35, 0.19, 0.12, 0.08, 0.05, 0.04, 0.03, 0.02, 0.01, 8.59E-3])
(5647, 2, 1, 10, [0.18, 0.06, 0.03, 0.02, 8.84E-3, 5.21E-3, 3.16E-3, 1.95E-3, 1.23E-3, 7.81E-4])
(5651, 2, 1, 10, [0.18, 0.06, 0.03, 0.02, 8.84E-3, 5.21E-3, 3.16E-3, 1.95E-3, 1.23E-3, 7.81E-4])
(5653, 2, 1, 10, [0.18, 0.06, 0.03, 0.02, 8.84E-3, 5.21E-3, 3.16E-3, 1.95E-3, 1.23E-3, 7.81E-4])
(5657, 2, 1, 10, [1.17E-11, 0.06, 9.77E-12, 0.02, 1.23E-11, 5.21E-3, 1.78E-11, 1.95E-3, 2.78E-11, 7.81E-4])
(5659, 2, 1, 10, [0.18, 0.06, 0.03, 0.02, 8.84E-3, 5.21E-3, 3.16E-3, 1.95E-3, 1.23E-3, 7.81E-4])
(5669, 2, 1, 10, [0.18, 0.06, 0.03, 0.02, 8.84E-3, 5.21E-3, 3.16E-3, 1.95E-3, 1.23E-3, 7.81E-4])
(5683, 2, 1, 10, [0.18, 0.06, 0.03, 0.02, 8.84E-3, 5.21E-3, 3.16E-3, 1.95E-3, 1.23E-3, 7.81E-4])
(5689, 2, 1, 10, [0.35, 0.19, 0.12, 0.08, 0.05, 0.04, 0.03, 0.02, 0.01, 8.59E-3])
(5693, 2, 1, 10, [0.18, 0.06, 0.03, 0.02, 8.84E-3, 5.21E-3, 3.16E-3, 1.95E-3, 1.23E-3, 7.81E-4])
(5701, 2, 1, 10, [0.18, 0.06, 0.03, 0.02, 8.84E-3, 5.21E-3, 3.16E-3, 1.95E-3, 1.23E-3, 7.81E-4])
(5711, 2, 1, 10, [0.18, 0.06, 0.03, 0.02, 8.84E-3, 5.21E-3, 3.16E-3, 1.95E-3, 1.23E-3, 7.81E-4])
(5717, 2, 1, 10, [0.18, 0.06, 0.03, 0.02, 8.84E-3, 5.21E-3, 3.16E-3, 1.95E-3, 1.23E-3, 7.81E-4])
(5737, 2, 1, 10, [3.37E-11, 0.06, 2.81E-11, 0.02, 3.54E-11, 5.21E-3, 5.12E-11, 1.95E-3, 7.98E-11, 7.81E-4])
(5741, 2, 1, 10, [0.18, 0.06, 0.03, 0.02, 8.84E-3, 5.21E-3, 3.16E-3, 1.95E-3, 1.23E-3, 7.81E-4])
(5743, 2, 1, 10, [0.18, 0.06, 0.03, 0.02, 8.84E-3, 5.21E-3, 3.16E-3, 1.95E-3, 1.23E-3, 7.81E-4])
(5749, 2, 1, 10, [0.18, 0.06, 0.03, 0.02, 8.84E-3, 5.21E-3, 3.16E-3, 1.95E-3, 1.23E-3, 7.81E-4])
(5779, 2, 1, 10, [0.18, 0.06, 0.03, 0.02, 8.84E-3, 5.21E-3, 3.16E-3, 1.95E-3, 1.23E-3, 7.81E-4])
(5783, 2, 1, 10, [0.18, 0.06, 0.03, 0.02, 8.84E-3, 5.21E-3, 3.16E-3, 1.95E-3, 1.23E-3, 7.81E-4])
(5791, 2, 1, 10, [0.18, 0.06, 0.03, 0.02, 8.84E-3, 5.21E-3, 3.16E-3, 1.95E-3, 1.23E-3, 7.81E-4])
(5801, 2, 1, 10, [1.09E-11, 0.06, 9.06E-12, 0.02, 1.14E-11, 5.21E-3, 1.65E-11, 1.95E-3, 2.57E-11, 7.81E-4])
(5807, 2, 1, 10, [0.18, 0.06, 0.03, 0.02, 8.84E-3, 5.21E-3, 3.16E-3, 1.95E-3, 1.23E-3, 7.81E-4])
(5813, 2, 1, 10, [0.18, 0.06, 0.03, 0.02, 8.84E-3, 5.21E-3, 3.16E-3, 1.95E-3, 1.23E-3, 7.81E-4])
(5821, 2, 1, 10, [0.18, 0.06, 0.03, 0.02, 8.84E-3, 5.21E-3, 3.16E-3, 1.95E-3, 1.23E-3, 7.81E-4])
(5827, 2, 1, 10, [0.18, 0.06, 0.03, 0.02, 8.84E-3, 5.21E-3, 3.16E-3, 1.95E-3, 1.23E-3, 7.81E-4])
(5839, 2, 1, 10, [0.18, 0.06, 0.03, 0.02, 8.84E-3, 5.21E-3, 3.16E-3, 1.95E-3, 1.23E-3, 7.81E-4])
(5843, 2, 1, 10, [0.18, 0.06, 0.03, 0.02, 8.84E-3, 5.21E-3, 3.16E-3, 1.95E-3, 1.23E-3, 7.81E-4])
(5849, 2, 1, 10, [1.06E-11, 0.06, 8.84E-12, 0.02, 1.11E-11, 5.21E-3, 1.61E-11, 1.95E-3, 2.51E-11, 7.81E-4])
(5851, 2, 1, 10, [0.18, 0.06, 0.03, 0.02, 8.84E-3, 5.21E-3, 3.16E-3, 1.95E-3, 1.23E-3, 7.81E-4])
(5857, 2, 1, 10, [3.17E-11, 0.06, 2.64E-11, 0.02, 3.33E-11, 5.21E-3, 4.81E-11, 1.95E-3, 7.50E-11, 7.81E-4])
(5861, 2, 1, 10, [0.18, 0.06, 0.03, 0.02, 8.84E-3, 5.21E-3, 3.16E-3, 1.95E-3, 1.23E-3, 7.81E-4])
(5867, 2, 1, 10, [0.18, 0.06, 0.03, 0.02, 8.84E-3, 5.21E-3, 3.16E-3, 1.95E-3, 1.23E-3, 7.81E-4])
(5869, 2, 1, 10, [0.18, 0.06, 0.03, 0.02, 8.84E-3, 5.21E-3, 3.16E-3, 1.95E-3, 1.23E-3, 7.81E-4])
(5879, 2, 1, 10, [0.18, 0.06, 0.03, 0.02, 8.84E-3, 5.21E-3, 3.16E-3, 1.95E-3, 1.23E-3, 7.81E-4])
(5881, 2, 1, 10, [3.13E-11, 0.06, 2.61E-11, 0.02, 3.29E-11, 5.21E-3, 4.75E-11, 1.95E-3, 7.41E-11, 7.81E-4])
(5897, 2, 1, 10, [1.03E-11, 0.06, 8.62E-12, 0.02, 1.09E-11, 5.21E-3, 1.57E-11, 1.95E-3, 2.45E-11, 7.81E-4])
(5903, 2, 1, 10, [0.18, 0.06, 0.03, 0.02, 8.84E-3, 5.21E-3, 3.16E-3, 1.95E-3, 1.23E-3, 7.81E-4])
(5923, 2, 1, 10, [0.18, 0.06, 0.03, 0.02, 8.84E-3, 5.21E-3, 3.16E-3, 1.95E-3, 1.23E-3, 7.81E-4])
(5927, 2, 1, 10, [0.18, 0.06, 0.03, 0.02, 8.84E-3, 5.21E-3, 3.16E-3, 1.95E-3, 1.23E-3, 7.81E-4])
(5939, 2, 1, 10, [0.18, 0.06, 0.03, 0.02, 8.84E-3, 5.21E-3, 3.16E-3, 1.95E-3, 1.23E-3, 7.81E-4])
(5953, 2, 1, 10, [3.02E-11, 0.06, 2.51E-11, 0.02, 3.17E-11, 5.21E-3, 4.58E-11, 1.95E-3, 7.14E-11, 7.81E-4])
(5981, 2, 1, 10, [0.18, 0.06, 0.03, 0.02, 8.84E-3, 5.21E-3, 3.16E-3, 1.95E-3, 1.23E-3, 7.81E-4])
(5987, 2, 1, 10, [0.18, 0.06, 0.03, 0.02, 8.84E-3, 5.21E-3, 3.16E-3, 1.95E-3, 1.23E-3, 7.81E-4])
(6007, 2, 1, 10, [0.18, 0.06, 0.03, 0.02, 8.84E-3, 5.21E-3, 3.16E-3, 1.95E-3, 1.23E-3, 7.81E-4])
(6011, 2, 1, 10, [0.18, 0.06, 0.03, 0.02, 8.84E-3, 5.21E-3, 3.16E-3, 1.95E-3, 1.23E-3, 7.81E-4])
(6029, 2, 1, 10, [0.18, 0.06, 0.03, 0.02, 8.84E-3, 5.21E-3, 3.16E-3, 1.95E-3, 1.23E-3, 7.81E-4])
(6037, 2, 1, 10, [0.18, 0.06, 0.03, 0.02, 8.84E-3, 5.21E-3, 3.16E-3, 1.95E-3, 1.23E-3, 7.81E-4])
(6043, 2, 1, 10, [0.18, 0.06, 0.03, 0.02, 8.84E-3, 5.21E-3, 3.16E-3, 1.95E-3, 1.23E-3, 7.81E-4])
(6047, 2, 1, 10, [0.18, 0.06, 0.03, 0.02, 8.84E-3, 5.21E-3, 3.16E-3, 1.95E-3, 1.23E-3, 7.81E-4])
(6053, 2, 1, 10, [0.18, 0.06, 0.03, 0.02, 8.84E-3, 5.21E-3, 3.16E-3, 1.95E-3, 1.23E-3, 7.81E-4])
(6067, 2, 1, 10, [0.18, 0.06, 0.03, 0.02, 8.84E-3, 5.21E-3, 3.16E-3, 1.95E-3, 1.23E-3, 7.81E-4])
(6073, 2, 1, 10, [2.84E-11, 0.06, 2.37E-11, 0.02, 2.98E-11, 5.21E-3, 4.31E-11, 1.95E-3, 6.73E-11, 7.81E-4])
(6079, 2, 1, 10, [0.18, 0.06, 0.03, 0.02, 8.84E-3, 5.21E-3, 3.16E-3, 1.95E-3, 1.23E-3, 7.81E-4])
(6089, 2, 1, 10, [9.40E-12, 0.06, 7.83E-12, 0.02, 9.87E-12, 5.21E-3, 1.43E-11, 1.95E-3, 2.23E-11, 7.81E-4])
(6091, 2, 1, 10, [0.18, 0.06, 0.03, 0.02, 8.84E-3, 5.21E-3, 3.16E-3, 1.95E-3, 1.23E-3, 7.81E-4])
(6101, 2, 1, 10, [0.18, 0.06, 0.03, 0.02, 8.84E-3, 5.21E-3, 3.16E-3, 1.95E-3, 1.23E-3, 7.81E-4])
(6113, 2, 1, 10, [9.29E-12, 0.06, 7.74E-12, 0.02, 9.75E-12, 5.21E-3, 1.41E-11, 1.95E-3, 2.20E-11, 7.81E-4])
(6121, 2, 1, 10, [0.35, 0.19, 0.12, 0.08, 0.05, 0.04, 0.03, 0.02, 0.01, 8.59E-3])
(6131, 2, 1, 10, [0.18, 0.06, 0.03, 0.02, 8.84E-3, 5.21E-3, 3.16E-3, 1.95E-3, 1.23E-3, 7.81E-4])
(6133, 2, 1, 10, [0.18, 0.06, 0.03, 0.02, 8.84E-3, 5.21E-3, 3.16E-3, 1.95E-3, 1.23E-3, 7.81E-4])
(6143, 2, 1, 10, [0.18, 0.06, 0.03, 0.02, 8.84E-3, 5.21E-3, 3.16E-3, 1.95E-3, 1.23E-3, 7.81E-4])
(6151, 2, 1, 10, [0.18, 0.06, 0.03, 0.02, 8.84E-3, 5.21E-3, 3.16E-3, 1.95E-3, 1.23E-3, 7.81E-4])
(6163, 2, 1, 10, [0.18, 0.06, 0.03, 0.02, 8.84E-3, 5.21E-3, 3.16E-3, 1.95E-3, 1.23E-3, 7.81E-4])
(6173, 2, 1, 10, [0.18, 0.06, 0.03, 0.02, 8.84E-3, 5.21E-3, 3.16E-3, 1.95E-3, 1.23E-3, 7.81E-4])
(6197, 2, 1, 10, [0.18, 0.06, 0.03, 0.02, 8.84E-3, 5.21E-3, 3.16E-3, 1.95E-3, 1.23E-3, 7.81E-4])
(6199, 2, 1, 10, [0.18, 0.06, 0.03, 0.02, 8.84E-3, 5.21E-3, 3.16E-3, 1.95E-3, 1.23E-3, 7.81E-4])
(6203, 2, 1, 10, [0.18, 0.06, 0.03, 0.02, 8.84E-3, 5.21E-3, 3.16E-3, 1.95E-3, 1.23E-3, 7.81E-4])
(6211, 2, 1, 10, [0.18, 0.06, 0.03, 0.02, 8.84E-3, 5.21E-3, 3.16E-3, 1.95E-3, 1.23E-3, 7.81E-4])
(6217, 2, 1, 10, [2.65E-11, 0.06, 2.21E-11, 0.02, 2.78E-11, 5.21E-3, 4.02E-11, 1.95E-3, 6.27E-11, 7.81E-4])
(6221, 2, 1, 10, [0.18, 0.06, 0.03, 0.02, 8.84E-3, 5.21E-3, 3.16E-3, 1.95E-3, 1.23E-3, 7.81E-4])
(6229, 2, 1, 10, [0.18, 0.06, 0.03, 0.02, 8.84E-3, 5.21E-3, 3.16E-3, 1.95E-3, 1.23E-3, 7.81E-4])
(6247, 2, 1, 10, [0.18, 0.06, 0.03, 0.02, 8.84E-3, 5.21E-3, 3.16E-3, 1.95E-3, 1.23E-3, 7.81E-4])
(6257, 2, 1, 10, [8.66E-12, 0.06, 7.22E-12, 0.02, 9.09E-12, 5.21E-3, 1.31E-11, 1.95E-3, 2.05E-11, 7.81E-4])
(6263, 2, 1, 10, [0.18, 0.06, 0.03, 0.02, 8.84E-3, 5.21E-3, 3.16E-3, 1.95E-3, 1.23E-3, 7.81E-4])
(6269, 2, 1, 10, [0.18, 0.06, 0.03, 0.02, 8.84E-3, 5.21E-3, 3.16E-3, 1.95E-3, 1.23E-3, 7.81E-4])
(6271, 2, 1, 10, [0.18, 0.06, 0.03, 0.02, 8.84E-3, 5.21E-3, 3.16E-3, 1.95E-3, 1.23E-3, 7.81E-4])
(6277, 2, 1, 10, [0.18, 0.06, 0.03, 0.02, 8.84E-3, 5.21E-3, 3.16E-3, 1.95E-3, 1.23E-3, 7.81E-4])
(6287, 2, 1, 10, [0.18, 0.06, 0.03, 0.02, 8.84E-3, 5.21E-3, 3.16E-3, 1.95E-3, 1.23E-3, 7.81E-4])
(6299, 2, 1, 10, [0.18, 0.06, 0.03, 0.02, 8.84E-3, 5.21E-3, 3.16E-3, 1.95E-3, 1.23E-3, 7.81E-4])
(6301, 2, 1, 10, [0.18, 0.06, 0.03, 0.02, 8.84E-3, 5.21E-3, 3.16E-3, 1.95E-3, 1.23E-3, 7.81E-4])
(6311, 2, 1, 10, [0.18, 0.06, 0.03, 0.02, 8.84E-3, 5.21E-3, 3.16E-3, 1.95E-3, 1.23E-3, 7.81E-4])
(6317, 2, 1, 10, [0.18, 0.06, 0.03, 0.02, 8.84E-3, 5.21E-3, 3.16E-3, 1.95E-3, 1.23E-3, 7.81E-4])
(6323, 2, 1, 10, [0.18, 0.06, 0.03, 0.02, 8.84E-3, 5.21E-3, 3.16E-3, 1.95E-3, 1.23E-3, 7.81E-4])
(6329, 2, 1, 10, [8.37E-12, 0.06, 6.97E-12, 0.02, 8.79E-12, 5.21E-3, 1.27E-11, 1.95E-3, 1.98E-11, 7.81E-4])
(6337, 2, 1, 10, [2.50E-11, 0.06, 2.08E-11, 0.02, 2.63E-11, 5.21E-3, 3.80E-11, 1.95E-3, 5.92E-11, 7.81E-4])
(6343, 2, 1, 10, [0.18, 0.06, 0.03, 0.02, 8.84E-3, 5.21E-3, 3.16E-3, 1.95E-3, 1.23E-3, 7.81E-4])
(6353, 2, 1, 10, [8.27E-12, 0.06, 6.90E-12, 0.02, 8.69E-12, 5.21E-3, 1.26E-11, 1.95E-3, 1.96E-11, 7.81E-4])
(6359, 2, 1, 10, [0.18, 0.06, 0.03, 0.02, 8.84E-3, 5.21E-3, 3.16E-3, 1.95E-3, 1.23E-3, 7.81E-4])
(6361, 2, 1, 10, [0.35, 0.19, 0.12, 0.08, 0.05, 0.04, 0.03, 0.02, 0.01, 8.59E-3])
(6367, 2, 1, 10, [0.18, 0.06, 0.03, 0.02, 8.84E-3, 5.21E-3, 3.16E-3, 1.95E-3, 1.23E-3, 7.81E-4])
(6373, 2, 1, 10, [0.18, 0.06, 0.03, 0.02, 8.84E-3, 5.21E-3, 3.16E-3, 1.95E-3, 1.23E-3, 7.81E-4])
(6379, 2, 1, 10, [0.18, 0.06, 0.03, 0.02, 8.84E-3, 5.21E-3, 3.16E-3, 1.95E-3, 1.23E-3, 7.81E-4])
(6389, 2, 1, 10, [0.18, 0.06, 0.03, 0.02, 8.84E-3, 5.21E-3, 3.16E-3, 1.95E-3, 1.23E-3, 7.81E-4])
(6397, 2, 1, 10, [0.18, 0.06, 0.03, 0.02, 8.84E-3, 5.21E-3, 3.16E-3, 1.95E-3, 1.23E-3, 7.81E-4])
(6421, 2, 1, 10, [0.18, 0.06, 0.03, 0.02, 8.84E-3, 5.21E-3, 3.16E-3, 1.95E-3, 1.23E-3, 7.81E-4])
(6427, 2, 1, 10, [0.18, 0.06, 0.03, 0.02, 8.84E-3, 5.21E-3, 3.16E-3, 1.95E-3, 1.23E-3, 7.81E-4])
(6449, 2, 1, 10, [7.91E-12, 0.06, 6.59E-12, 0.02, 8.31E-12, 5.21E-3, 1.20E-11, 1.95E-3, 1.87E-11, 7.81E-4])
(6451, 2, 1, 10, [0.18, 0.06, 0.03, 0.02, 8.84E-3, 5.21E-3, 3.16E-3, 1.95E-3, 1.23E-3, 7.81E-4])
(6469, 2, 1, 10, [0.18, 0.06, 0.03, 0.02, 8.84E-3, 5.21E-3, 3.16E-3, 1.95E-3, 1.23E-3, 7.81E-4])
(6473, 2, 1, 10, [7.82E-12, 0.06, 6.52E-12, 0.02, 8.21E-12, 5.21E-3, 1.19E-11, 1.95E-3, 1.85E-11, 7.81E-4])
(6481, 2, 1, 10, [0.35, 0.19, 0.12, 0.08, 0.05, 0.04, 0.03, 0.02, 0.01, 8.59E-3])
(6491, 2, 1, 10, [0.18, 0.06, 0.03, 0.02, 8.84E-3, 5.21E-3, 3.16E-3, 1.95E-3, 1.23E-3, 7.81E-4])
(6521, 2, 1, 10, [7.65E-12, 0.06, 6.38E-12, 0.02, 8.03E-12, 5.21E-3, 1.16E-11, 1.95E-3, 1.81E-11, 7.81E-4])
(6529, 2, 1, 10, [0.35, 0.19, 0.12, 0.08, 0.05, 0.04, 0.03, 0.02, 0.01, 8.59E-3])
(6547, 2, 1, 10, [0.18, 0.06, 0.03, 0.02, 8.84E-3, 5.21E-3, 3.16E-3, 1.95E-3, 1.23E-3, 7.81E-4])
(6551, 2, 1, 10, [0.18, 0.06, 0.03, 0.02, 8.84E-3, 5.21E-3, 3.16E-3, 1.95E-3, 1.23E-3, 7.81E-4])
(6553, 2, 1, 10, [2.26E-11, 0.06, 1.88E-11, 0.02, 2.37E-11, 5.21E-3, 3.43E-11, 1.95E-3, 5.36E-11, 7.81E-4])
(6563, 2, 1, 10, [0.18, 0.06, 0.03, 0.02, 8.84E-3, 5.21E-3, 3.16E-3, 1.95E-3, 1.23E-3, 7.81E-4])
(6569, 2, 1, 10, [7.48E-12, 0.06, 6.24E-12, 0.02, 7.86E-12, 5.21E-3, 1.14E-11, 1.95E-3, 1.77E-11, 7.81E-4])
(6571, 2, 1, 10, [0.18, 0.06, 0.03, 0.02, 8.84E-3, 5.21E-3, 3.16E-3, 1.95E-3, 1.23E-3, 7.81E-4])
(6577, 2, 1, 10, [2.24E-11, 0.06, 1.86E-11, 0.02, 2.35E-11, 5.21E-3, 3.40E-11, 1.95E-3, 5.30E-11, 7.81E-4])
(6581, 2, 1, 10, [0.18, 0.06, 0.03, 0.02, 8.84E-3, 5.21E-3, 3.16E-3, 1.95E-3, 1.23E-3, 7.81E-4])
(6599, 2, 1, 10, [0.18, 0.06, 0.03, 0.02, 8.84E-3, 5.21E-3, 3.16E-3, 1.95E-3, 1.23E-3, 7.81E-4])
(6607, 2, 1, 10, [0.18, 0.06, 0.03, 0.02, 8.84E-3, 5.21E-3, 3.16E-3, 1.95E-3, 1.23E-3, 7.81E-4])
(6619, 2, 1, 10, [0.18, 0.06, 0.03, 0.02, 8.84E-3, 5.21E-3, 3.16E-3, 1.95E-3, 1.23E-3, 7.81E-4])
(6637, 2, 1, 10, [0.18, 0.06, 0.03, 0.02, 8.84E-3, 5.21E-3, 3.16E-3, 1.95E-3, 1.23E-3, 7.81E-4])
(6653, 2, 1, 10, [0.18, 0.06, 0.03, 0.02, 8.84E-3, 5.21E-3, 3.16E-3, 1.95E-3, 1.23E-3, 7.81E-4])
(6659, 2, 1, 10, [0.18, 0.06, 0.03, 0.02, 8.84E-3, 5.21E-3, 3.16E-3, 1.95E-3, 1.23E-3, 7.81E-4])
(6661, 2, 1, 10, [0.18, 0.06, 0.03, 0.02, 8.84E-3, 5.21E-3, 3.16E-3, 1.95E-3, 1.23E-3, 7.81E-4])
(6673, 2, 1, 10, [2.14E-11, 0.06, 1.79E-11, 0.02, 2.25E-11, 5.21E-3, 3.25E-11, 1.95E-3, 5.07E-11, 7.81E-4])
(6679, 2, 1, 10, [0.18, 0.06, 0.03, 0.02, 8.84E-3, 5.21E-3, 3.16E-3, 1.95E-3, 1.23E-3, 7.81E-4])
(6689, 2, 1, 10, [7.09E-12, 0.06, 5.91E-12, 0.02, 7.44E-12, 5.21E-3, 1.08E-11, 1.95E-3, 1.68E-11, 7.81E-4])
(6691, 2, 1, 10, [0.18, 0.06, 0.03, 0.02, 8.84E-3, 5.21E-3, 3.16E-3, 1.95E-3, 1.23E-3, 7.81E-4])
(6701, 2, 1, 10, [0.18, 0.06, 0.03, 0.02, 8.84E-3, 5.21E-3, 3.16E-3, 1.95E-3, 1.23E-3, 7.81E-4])
(6703, 2, 1, 10, [0.18, 0.06, 0.03, 0.02, 8.84E-3, 5.21E-3, 3.16E-3, 1.95E-3, 1.23E-3, 7.81E-4])
(6709, 2, 1, 10, [0.18, 0.06, 0.03, 0.02, 8.84E-3, 5.21E-3, 3.16E-3, 1.95E-3, 1.23E-3, 7.81E-4])
(6719, 2, 1, 10, [0.18, 0.06, 0.03, 0.02, 8.84E-3, 5.21E-3, 3.16E-3, 1.95E-3, 1.23E-3, 7.81E-4])
(6733, 2, 1, 10, [0.18, 0.06, 0.03, 0.02, 8.84E-3, 5.21E-3, 3.16E-3, 1.95E-3, 1.23E-3, 7.81E-4])
(6737, 2, 1, 10, [6.94E-12, 0.06, 5.78E-12, 0.02, 7.29E-12, 5.21E-3, 1.05E-11, 1.95E-3, 1.64E-11, 7.81E-4])
(6761, 2, 1, 10, [6.86E-12, 0.06, 5.72E-12, 0.02, 7.21E-12, 5.21E-3, 1.04E-11, 1.95E-3, 1.63E-11, 7.81E-4])
(6763, 2, 1, 10, [0.18, 0.06, 0.03, 0.02, 8.84E-3, 5.21E-3, 3.16E-3, 1.95E-3, 1.23E-3, 7.81E-4])
(6779, 2, 1, 10, [0.18, 0.06, 0.03, 0.02, 8.84E-3, 5.21E-3, 3.16E-3, 1.95E-3, 1.23E-3, 7.81E-4])
(6781, 2, 1, 10, [0.18, 0.06, 0.03, 0.02, 8.84E-3, 5.21E-3, 3.16E-3, 1.95E-3, 1.23E-3, 7.81E-4])
(6791, 2, 1, 10, [0.18, 0.06, 0.03, 0.02, 8.84E-3, 5.21E-3, 3.16E-3, 1.95E-3, 1.23E-3, 7.81E-4])
(6793, 2, 1, 10, [2.03E-11, 0.06, 1.69E-11, 0.02, 2.13E-11, 5.21E-3, 3.08E-11, 1.95E-3, 4.81E-11, 7.81E-4])
(6803, 2, 1, 10, [0.18, 0.06, 0.03, 0.02, 8.84E-3, 5.21E-3, 3.16E-3, 1.95E-3, 1.23E-3, 7.81E-4])
(6823, 2, 1, 10, [0.18, 0.06, 0.03, 0.02, 8.84E-3, 5.21E-3, 3.16E-3, 1.95E-3, 1.23E-3, 7.81E-4])
(6827, 2, 1, 10, [0.18, 0.06, 0.03, 0.02, 8.84E-3, 5.21E-3, 3.16E-3, 1.95E-3, 1.23E-3, 7.81E-4])
(6829, 2, 1, 10, [0.18, 0.06, 0.03, 0.02, 8.84E-3, 5.21E-3, 3.16E-3, 1.95E-3, 1.23E-3, 7.81E-4])
(6833, 2, 1, 10, [6.65E-12, 0.06, 5.54E-12, 0.02, 6.98E-12, 5.21E-3, 1.01E-11, 1.95E-3, 1.57E-11, 7.81E-4])
(6841, 2, 1, 10, [1.99E-11, 0.06, 1.66E-11, 0.02, 2.09E-11, 5.21E-3, 3.02E-11, 1.95E-3, 4.71E-11, 7.81E-4])
(6857, 2, 1, 10, [6.58E-12, 0.06, 5.48E-12, 0.02, 6.91E-12, 5.21E-3, 9.99E-12, 1.95E-3, 1.56E-11, 7.81E-4])
(6863, 2, 1, 10, [0.18, 0.06, 0.03, 0.02, 8.84E-3, 5.21E-3, 3.16E-3, 1.95E-3, 1.23E-3, 7.81E-4])
(6869, 2, 1, 10, [0.18, 0.06, 0.03, 0.02, 8.84E-3, 5.21E-3, 3.16E-3, 1.95E-3, 1.23E-3, 7.81E-4])
(6871, 2, 1, 10, [0.18, 0.06, 0.03, 0.02, 8.84E-3, 5.21E-3, 3.16E-3, 1.95E-3, 1.23E-3, 7.81E-4])
(6883, 2, 1, 10, [0.18, 0.06, 0.03, 0.02, 8.84E-3, 5.21E-3, 3.16E-3, 1.95E-3, 1.23E-3, 7.81E-4])
(6899, 2, 1, 10, [0.18, 0.06, 0.03, 0.02, 8.84E-3, 5.21E-3, 3.16E-3, 1.95E-3, 1.23E-3, 7.81E-4])
(6907, 2, 1, 10, [0.18, 0.06, 0.03, 0.02, 8.84E-3, 5.21E-3, 3.16E-3, 1.95E-3, 1.23E-3, 7.81E-4])
(6911, 2, 1, 10, [0.18, 0.06, 0.03, 0.02, 8.84E-3, 5.21E-3, 3.16E-3, 1.95E-3, 1.23E-3, 7.81E-4])
(6917, 2, 1, 10, [0.18, 0.06, 0.03, 0.02, 8.84E-3, 5.21E-3, 3.16E-3, 1.95E-3, 1.23E-3, 7.81E-4])
(6947, 2, 1, 10, [0.18, 0.06, 0.03, 0.02, 8.84E-3, 5.21E-3, 3.16E-3, 1.95E-3, 1.23E-3, 7.81E-4])
(6949, 2, 1, 10, [0.18, 0.06, 0.03, 0.02, 8.84E-3, 5.21E-3, 3.16E-3, 1.95E-3, 1.23E-3, 7.81E-4])
(6959, 2, 1, 10, [0.18, 0.06, 0.03, 0.02, 8.84E-3, 5.21E-3, 3.16E-3, 1.95E-3, 1.23E-3, 7.81E-4])
(6961, 2, 1, 10, [0.35, 0.19, 0.12, 0.08, 0.05, 0.04, 0.03, 0.02, 0.01, 8.59E-3])
(6967, 2, 1, 10, [0.18, 0.06, 0.03, 0.02, 8.84E-3, 5.21E-3, 3.16E-3, 1.95E-3, 1.23E-3, 7.81E-4])
(6971, 2, 1, 10, [0.18, 0.06, 0.03, 0.02, 8.84E-3, 5.21E-3, 3.16E-3, 1.95E-3, 1.23E-3, 7.81E-4])
(6977, 2, 1, 10, [6.25E-12, 0.06, 5.21E-12, 0.02, 6.56E-12, 5.21E-3, 9.48E-12, 1.95E-3, 1.48E-11, 7.81E-4])
(6983, 2, 1, 10, [0.18, 0.06, 0.03, 0.02, 8.84E-3, 5.21E-3, 3.16E-3, 1.95E-3, 1.23E-3, 7.81E-4])
(6991, 2, 1, 10, [0.18, 0.06, 0.03, 0.02, 8.84E-3, 5.21E-3, 3.16E-3, 1.95E-3, 1.23E-3, 7.81E-4])
(6997, 2, 1, 10, [0.18, 0.06, 0.03, 0.02, 8.84E-3, 5.21E-3, 3.16E-3, 1.95E-3, 1.23E-3, 7.81E-4])
(7001, 2, 1, 10, [6.18E-12, 0.06, 5.15E-12, 0.02, 6.49E-12, 5.21E-3, 9.38E-12, 1.95E-3, 1.46E-11, 7.81E-4])
(7013, 2, 1, 10, [0.18, 0.06, 0.03, 0.02, 8.84E-3, 5.21E-3, 3.16E-3, 1.95E-3, 1.23E-3, 7.81E-4])
(7019, 2, 1, 10, [0.18, 0.06, 0.03, 0.02, 8.84E-3, 5.21E-3, 3.16E-3, 1.95E-3, 1.23E-3, 7.81E-4])
(7027, 2, 1, 10, [0.18, 0.06, 0.03, 0.02, 8.84E-3, 5.21E-3, 3.16E-3, 1.95E-3, 1.23E-3, 7.81E-4])
(7039, 2, 1, 10, [0.18, 0.06, 0.03, 0.02, 8.84E-3, 5.21E-3, 3.16E-3, 1.95E-3, 1.23E-3, 7.81E-4])
(7043, 2, 1, 10, [0.18, 0.06, 0.03, 0.02, 8.84E-3, 5.21E-3, 3.16E-3, 1.95E-3, 1.23E-3, 7.81E-4])
(7057, 2, 1, 10, [1.81E-11, 0.06, 1.51E-11, 0.02, 1.90E-11, 5.21E-3, 2.75E-11, 1.95E-3, 4.29E-11, 7.81E-4])
(7069, 2, 1, 10, [0.18, 0.06, 0.03, 0.02, 8.84E-3, 5.21E-3, 3.16E-3, 1.95E-3, 1.23E-3, 7.81E-4])
(7079, 2, 1, 10, [0.18, 0.06, 0.03, 0.02, 8.84E-3, 5.21E-3, 3.16E-3, 1.95E-3, 1.23E-3, 7.81E-4])
(7103, 2, 1, 10, [0.18, 0.06, 0.03, 0.02, 8.84E-3, 5.21E-3, 3.16E-3, 1.95E-3, 1.23E-3, 7.81E-4])
(7109, 2, 1, 10, [0.18, 0.06, 0.03, 0.02, 8.84E-3, 5.21E-3, 3.16E-3, 1.95E-3, 1.23E-3, 7.81E-4])
(7121, 2, 1, 10, [5.88E-12, 0.06, 4.90E-12, 0.02, 6.17E-12, 5.21E-3, 8.92E-12, 1.95E-3, 1.39E-11, 7.81E-4])
(7127, 2, 1, 10, [0.18, 0.06, 0.03, 0.02, 8.84E-3, 5.21E-3, 3.16E-3, 1.95E-3, 1.23E-3, 7.81E-4])
(7129, 2, 1, 10, [0.35, 0.19, 0.12, 0.08, 0.05, 0.04, 0.03, 0.02, 0.01, 8.59E-3])
(7151, 2, 1, 10, [0.18, 0.06, 0.03, 0.02, 8.84E-3, 5.21E-3, 3.16E-3, 1.95E-3, 1.23E-3, 7.81E-4])
(7159, 2, 1, 10, [0.18, 0.06, 0.03, 0.02, 8.84E-3, 5.21E-3, 3.16E-3, 1.95E-3, 1.23E-3, 7.81E-4])
(7177, 2, 1, 10, [1.72E-11, 0.06, 1.43E-11, 0.02, 1.81E-11, 5.21E-3, 2.61E-11, 1.95E-3, 4.08E-11, 7.81E-4])
(7187, 2, 1, 10, [0.18, 0.06, 0.03, 0.02, 8.84E-3, 5.21E-3, 3.16E-3, 1.95E-3, 1.23E-3, 7.81E-4])
(7193, 2, 1, 10, [5.70E-12, 0.06, 4.75E-12, 0.02, 5.99E-12, 5.21E-3, 8.65E-12, 1.95E-3, 1.35E-11, 7.81E-4])
(7207, 2, 1, 10, [0.18, 0.06, 0.03, 0.02, 8.84E-3, 5.21E-3, 3.16E-3, 1.95E-3, 1.23E-3, 7.81E-4])
(7211, 2, 1, 10, [0.18, 0.06, 0.03, 0.02, 8.84E-3, 5.21E-3, 3.16E-3, 1.95E-3, 1.23E-3, 7.81E-4])
(7213, 2, 1, 10, [0.18, 0.06, 0.03, 0.02, 8.84E-3, 5.21E-3, 3.16E-3, 1.95E-3, 1.23E-3, 7.81E-4])
(7219, 2, 1, 10, [0.18, 0.06, 0.03, 0.02, 8.84E-3, 5.21E-3, 3.16E-3, 1.95E-3, 1.23E-3, 7.81E-4])
(7229, 2, 1, 10, [0.18, 0.06, 0.03, 0.02, 8.84E-3, 5.21E-3, 3.16E-3, 1.95E-3, 1.23E-3, 7.81E-4])
(7237, 2, 1, 10, [0.18, 0.06, 0.03, 0.02, 8.84E-3, 5.21E-3, 3.16E-3, 1.95E-3, 1.23E-3, 7.81E-4])
(7243, 2, 1, 10, [0.18, 0.06, 0.03, 0.02, 8.84E-3, 5.21E-3, 3.16E-3, 1.95E-3, 1.23E-3, 7.81E-4])
(7247, 2, 1, 10, [0.18, 0.06, 0.03, 0.02, 8.84E-3, 5.21E-3, 3.16E-3, 1.95E-3, 1.23E-3, 7.81E-4])
(7253, 2, 1, 10, [0.18, 0.06, 0.03, 0.02, 8.84E-3, 5.21E-3, 3.16E-3, 1.95E-3, 1.23E-3, 7.81E-4])
(7283, 2, 1, 10, [0.18, 0.06, 0.03, 0.02, 8.84E-3, 5.21E-3, 3.16E-3, 1.95E-3, 1.23E-3, 7.81E-4])
(7297, 2, 1, 10, [1.64E-11, 0.06, 1.37E-11, 0.02, 1.72E-11, 5.21E-3, 2.49E-11, 1.95E-3, 3.88E-11, 7.81E-4])
(7307, 2, 1, 10, [0.18, 0.06, 0.03, 0.02, 8.84E-3, 5.21E-3, 3.16E-3, 1.95E-3, 1.23E-3, 7.81E-4])
(7309, 2, 1, 10, [0.18, 0.06, 0.03, 0.02, 8.84E-3, 5.21E-3, 3.16E-3, 1.95E-3, 1.23E-3, 7.81E-4])
(7321, 2, 1, 10, [0.35, 0.19, 0.12, 0.08, 0.05, 0.04, 0.03, 0.02, 0.01, 8.59E-3])
(7331, 2, 1, 10, [0.18, 0.06, 0.03, 0.02, 8.84E-3, 5.21E-3, 3.16E-3, 1.95E-3, 1.23E-3, 7.81E-4])
(7333, 2, 1, 10, [0.18, 0.06, 0.03, 0.02, 8.84E-3, 5.21E-3, 3.16E-3, 1.95E-3, 1.23E-3, 7.81E-4])
(7349, 2, 1, 10, [0.18, 0.06, 0.03, 0.02, 8.84E-3, 5.21E-3, 3.16E-3, 1.95E-3, 1.23E-3, 7.81E-4])
(7351, 2, 1, 10, [0.18, 0.06, 0.03, 0.02, 8.84E-3, 5.21E-3, 3.16E-3, 1.95E-3, 1.23E-3, 7.81E-4])
(7369, 2, 1, 10, [0.35, 0.19, 0.12, 0.08, 0.05, 0.04, 0.03, 0.02, 0.01, 8.59E-3])
(7393, 2, 1, 10, [1.58E-11, 0.06, 1.31E-11, 0.02, 1.65E-11, 5.21E-3, 2.39E-11, 1.95E-3, 3.73E-11, 7.81E-4])
(7411, 2, 1, 10, [0.18, 0.06, 0.03, 0.02, 8.84E-3, 5.21E-3, 3.16E-3, 1.95E-3, 1.23E-3, 7.81E-4])
(7417, 2, 1, 10, [1.56E-11, 0.06, 1.30E-11, 0.02, 1.64E-11, 5.21E-3, 2.37E-11, 1.95E-3, 3.69E-11, 7.81E-4])
(7433, 2, 1, 10, [5.17E-12, 0.06, 4.31E-12, 0.02, 5.42E-12, 5.21E-3, 7.84E-12, 1.95E-3, 1.22E-11, 7.81E-4])
(7451, 2, 1, 10, [0.18, 0.06, 0.03, 0.02, 8.84E-3, 5.21E-3, 3.16E-3, 1.95E-3, 1.23E-3, 7.81E-4])
(7457, 2, 1, 10, [5.12E-12, 0.06, 4.26E-12, 0.02, 5.37E-12, 5.21E-3, 7.77E-12, 1.95E-3, 1.21E-11, 7.81E-4])
(7459, 2, 1, 10, [0.18, 0.06, 0.03, 0.02, 8.84E-3, 5.21E-3, 3.16E-3, 1.95E-3, 1.23E-3, 7.81E-4])
(7477, 2, 1, 10, [0.18, 0.06, 0.03, 0.02, 8.84E-3, 5.21E-3, 3.16E-3, 1.95E-3, 1.23E-3, 7.81E-4])
(7481, 2, 1, 10, [5.07E-12, 0.06, 4.22E-12, 0.02, 5.32E-12, 5.21E-3, 7.69E-12, 1.95E-3, 1.20E-11, 7.81E-4])
(7487, 2, 1, 10, [0.18, 0.06, 0.03, 0.02, 8.84E-3, 5.21E-3, 3.16E-3, 1.95E-3, 1.23E-3, 7.81E-4])
(7489, 2, 1, 10, [0.35, 0.19, 0.12, 0.08, 0.05, 0.04, 0.03, 0.02, 0.01, 8.59E-3])
(7499, 2, 1, 10, [0.18, 0.06, 0.03, 0.02, 8.84E-3, 5.21E-3, 3.16E-3, 1.95E-3, 1.23E-3, 7.81E-4])
(7507, 2, 1, 10, [0.18, 0.06, 0.03, 0.02, 8.84E-3, 5.21E-3, 3.16E-3, 1.95E-3, 1.23E-3, 7.81E-4])
(7517, 2, 1, 10, [0.18, 0.06, 0.03, 0.02, 8.84E-3, 5.21E-3, 3.16E-3, 1.95E-3, 1.23E-3, 7.81E-4])
(7523, 2, 1, 10, [0.18, 0.06, 0.03, 0.02, 8.84E-3, 5.21E-3, 3.16E-3, 1.95E-3, 1.23E-3, 7.81E-4])
(7529, 2, 1, 10, [4.97E-12, 0.06, 4.14E-12, 0.02, 5.22E-12, 5.21E-3, 7.55E-12, 1.95E-3, 1.18E-11, 7.81E-4])
(7537, 2, 1, 10, [1.49E-11, 0.06, 1.24E-11, 0.02, 1.56E-11, 5.21E-3, 2.26E-11, 1.95E-3, 3.52E-11, 7.81E-4])
(7541, 2, 1, 10, [0.18, 0.06, 0.03, 0.02, 8.84E-3, 5.21E-3, 3.16E-3, 1.95E-3, 1.23E-3, 7.81E-4])
(7547, 2, 1, 10, [0.18, 0.06, 0.03, 0.02, 8.84E-3, 5.21E-3, 3.16E-3, 1.95E-3, 1.23E-3, 7.81E-4])
(7549, 2, 1, 10, [0.18, 0.06, 0.03, 0.02, 8.84E-3, 5.21E-3, 3.16E-3, 1.95E-3, 1.23E-3, 7.81E-4])
(7559, 2, 1, 10, [0.18, 0.06, 0.03, 0.02, 8.84E-3, 5.21E-3, 3.16E-3, 1.95E-3, 1.23E-3, 7.81E-4])
(7561, 2, 1, 10, [1.47E-11, 0.06, 1.23E-11, 0.02, 1.55E-11, 5.21E-3, 2.24E-11, 1.95E-3, 3.49E-11, 7.81E-4])
(7573, 2, 1, 10, [0.18, 0.06, 0.03, 0.02, 8.84E-3, 5.21E-3, 3.16E-3, 1.95E-3, 1.23E-3, 7.81E-4])
(7577, 2, 1, 10, [4.88E-12, 0.06, 4.06E-12, 0.02, 5.12E-12, 5.21E-3, 7.40E-12, 1.95E-3, 1.15E-11, 7.81E-4])
(7583, 2, 1, 10, [0.18, 0.06, 0.03, 0.02, 8.84E-3, 5.21E-3, 3.16E-3, 1.95E-3, 1.23E-3, 7.81E-4])
(7589, 2, 1, 10, [0.18, 0.06, 0.03, 0.02, 8.84E-3, 5.21E-3, 3.16E-3, 1.95E-3, 1.23E-3, 7.81E-4])
(7591, 2, 1, 10, [0.18, 0.06, 0.03, 0.02, 8.84E-3, 5.21E-3, 3.16E-3, 1.95E-3, 1.23E-3, 7.81E-4])
(7603, 2, 1, 10, [0.18, 0.06, 0.03, 0.02, 8.84E-3, 5.21E-3, 3.16E-3, 1.95E-3, 1.23E-3, 7.81E-4])
(7607, 2, 1, 10, [0.18, 0.06, 0.03, 0.02, 8.84E-3, 5.21E-3, 3.16E-3, 1.95E-3, 1.23E-3, 7.81E-4])
(7621, 2, 1, 10, [0.18, 0.06, 0.03, 0.02, 8.84E-3, 5.21E-3, 3.16E-3, 1.95E-3, 1.23E-3, 7.81E-4])
(7639, 2, 1, 10, [0.18, 0.06, 0.03, 0.02, 8.84E-3, 5.21E-3, 3.16E-3, 1.95E-3, 1.23E-3, 7.81E-4])
(7643, 2, 1, 10, [0.18, 0.06, 0.03, 0.02, 8.84E-3, 5.21E-3, 3.16E-3, 1.95E-3, 1.23E-3, 7.81E-4])
(7649, 2, 1, 10, [4.74E-12, 0.06, 3.95E-12, 0.02, 4.98E-12, 5.21E-3, 7.20E-12, 1.95E-3, 1.12E-11, 7.81E-4])
(7669, 2, 1, 10, [0.18, 0.06, 0.03, 0.02, 8.84E-3, 5.21E-3, 3.16E-3, 1.95E-3, 1.23E-3, 7.81E-4])
(7673, 2, 1, 10, [4.70E-12, 0.06, 3.91E-12, 0.02, 4.93E-12, 5.21E-3, 7.13E-12, 1.95E-3, 1.11E-11, 7.81E-4])
(7681, 2, 1, 10, [1.40E-11, 0.06, 1.17E-11, 0.02, 1.47E-11, 5.21E-3, 2.13E-11, 1.95E-3, 3.33E-11, 7.81E-4])
(7687, 2, 1, 10, [0.18, 0.06, 0.03, 0.02, 8.84E-3, 5.21E-3, 3.16E-3, 1.95E-3, 1.23E-3, 7.81E-4])
(7691, 2, 1, 10, [0.18, 0.06, 0.03, 0.02, 8.84E-3, 5.21E-3, 3.16E-3, 1.95E-3, 1.23E-3, 7.81E-4])
(7699, 2, 1, 10, [0.18, 0.06, 0.03, 0.02, 8.84E-3, 5.21E-3, 3.16E-3, 1.95E-3, 1.23E-3, 7.81E-4])
(7703, 2, 1, 10, [0.18, 0.06, 0.03, 0.02, 8.84E-3, 5.21E-3, 3.16E-3, 1.95E-3, 1.23E-3, 7.81E-4])
(7717, 2, 1, 10, [0.18, 0.06, 0.03, 0.02, 8.84E-3, 5.21E-3, 3.16E-3, 1.95E-3, 1.23E-3, 7.81E-4])
(7723, 2, 1, 10, [0.18, 0.06, 0.03, 0.02, 8.84E-3, 5.21E-3, 3.16E-3, 1.95E-3, 1.23E-3, 7.81E-4])
(7727, 2, 1, 10, [0.18, 0.06, 0.03, 0.02, 8.84E-3, 5.21E-3, 3.16E-3, 1.95E-3, 1.23E-3, 7.81E-4])
(7741, 2, 1, 10, [0.18, 0.06, 0.03, 0.02, 8.84E-3, 5.21E-3, 3.16E-3, 1.95E-3, 1.23E-3, 7.81E-4])
(7753, 2, 1, 10, [1.37E-11, 0.06, 1.14E-11, 0.02, 1.43E-11, 5.21E-3, 2.07E-11, 1.95E-3, 3.23E-11, 7.81E-4])
(7757, 2, 1, 10, [0.18, 0.06, 0.03, 0.02, 8.84E-3, 5.21E-3, 3.16E-3, 1.95E-3, 1.23E-3, 7.81E-4])
(7759, 2, 1, 10, [0.18, 0.06, 0.03, 0.02, 8.84E-3, 5.21E-3, 3.16E-3, 1.95E-3, 1.23E-3, 7.81E-4])
(7789, 2, 1, 10, [0.18, 0.06, 0.03, 0.02, 8.84E-3, 5.21E-3, 3.16E-3, 1.95E-3, 1.23E-3, 7.81E-4])
(7793, 2, 1, 10, [4.48E-12, 0.06, 3.74E-12, 0.02, 4.71E-12, 5.21E-3, 6.80E-12, 1.95E-3, 1.06E-11, 7.81E-4])
(7817, 2, 1, 10, [4.44E-12, 0.06, 3.70E-12, 0.02, 4.66E-12, 5.21E-3, 6.74E-12, 1.95E-3, 1.05E-11, 7.81E-4])
(7823, 2, 1, 10, [0.18, 0.06, 0.03, 0.02, 8.84E-3, 5.21E-3, 3.16E-3, 1.95E-3, 1.23E-3, 7.81E-4])
(7829, 2, 1, 10, [0.18, 0.06, 0.03, 0.02, 8.84E-3, 5.21E-3, 3.16E-3, 1.95E-3, 1.23E-3, 7.81E-4])
(7841, 2, 1, 10, [4.40E-12, 0.06, 3.67E-12, 0.02, 4.62E-12, 5.21E-3, 6.68E-12, 1.95E-3, 1.04E-11, 7.81E-4])
(7853, 2, 1, 10, [0.18, 0.06, 0.03, 0.02, 8.84E-3, 5.21E-3, 3.16E-3, 1.95E-3, 1.23E-3, 7.81E-4])
(7867, 2, 1, 10, [0.18, 0.06, 0.03, 0.02, 8.84E-3, 5.21E-3, 3.16E-3, 1.95E-3, 1.23E-3, 7.81E-4])
(7873, 2, 1, 10, [1.30E-11, 0.06, 1.09E-11, 0.02, 1.37E-11, 5.21E-3, 1.98E-11, 1.95E-3, 3.09E-11, 7.81E-4])
(7877, 2, 1, 10, [0.18, 0.06, 0.03, 0.02, 8.84E-3, 5.21E-3, 3.16E-3, 1.95E-3, 1.23E-3, 7.81E-4])
(7879, 2, 1, 10, [0.18, 0.06, 0.03, 0.02, 8.84E-3, 5.21E-3, 3.16E-3, 1.95E-3, 1.23E-3, 7.81E-4])
(7883, 2, 1, 10, [0.18, 0.06, 0.03, 0.02, 8.84E-3, 5.21E-3, 3.16E-3, 1.95E-3, 1.23E-3, 7.81E-4])
(7901, 2, 1, 10, [0.18, 0.06, 0.03, 0.02, 8.84E-3, 5.21E-3, 3.16E-3, 1.95E-3, 1.23E-3, 7.81E-4])
(7907, 2, 1, 10, [0.18, 0.06, 0.03, 0.02, 8.84E-3, 5.21E-3, 3.16E-3, 1.95E-3, 1.23E-3, 7.81E-4])
(7919, 2, 1, 10, [0.18, 0.06, 0.03, 0.02, 8.84E-3, 5.21E-3, 3.16E-3, 1.95E-3, 1.23E-3, 7.81E-4])
(7927, 2, 1, 10, [0.18, 0.06, 0.03, 0.02, 8.84E-3, 5.21E-3, 3.16E-3, 1.95E-3, 1.23E-3, 7.81E-4])
(7933, 2, 1, 10, [0.18, 0.06, 0.03, 0.02, 8.84E-3, 5.21E-3, 3.16E-3, 1.95E-3, 1.23E-3, 7.81E-4])
(7937, 2, 1, 10, [4.24E-12, 0.06, 3.54E-12, 0.02, 4.46E-12, 5.21E-3, 6.44E-12, 1.95E-3, 1.00E-11, 7.81E-4])
(7949, 2, 1, 10, [0.18, 0.06, 0.03, 0.02, 8.84E-3, 5.21E-3, 3.16E-3, 1.95E-3, 1.23E-3, 7.81E-4])
(7951, 2, 1, 10, [0.18, 0.06, 0.03, 0.02, 8.84E-3, 5.21E-3, 3.16E-3, 1.95E-3, 1.23E-3, 7.81E-4])
(7963, 2, 1, 10, [0.18, 0.06, 0.03, 0.02, 8.84E-3, 5.21E-3, 3.16E-3, 1.95E-3, 1.23E-3, 7.81E-4])
(7993, 2, 1, 10, [1.25E-11, 0.06, 1.04E-11, 0.02, 1.31E-11, 5.21E-3, 1.89E-11, 1.95E-3, 2.95E-11, 7.81E-4])
(8009, 2, 1, 10, [4.13E-12, 0.06, 3.44E-12, 0.02, 4.34E-12, 5.21E-3, 6.27E-12, 1.95E-3, 9.78E-12, 7.81E-4])
(8011, 2, 1, 10, [0.18, 0.06, 0.03, 0.02, 8.84E-3, 5.21E-3, 3.16E-3, 1.95E-3, 1.23E-3, 7.81E-4])
(8017, 2, 1, 10, [1.24E-11, 0.06, 1.03E-11, 0.02, 1.30E-11, 5.21E-3, 1.87E-11, 1.95E-3, 2.93E-11, 7.81E-4])
(8039, 2, 1, 10, [0.18, 0.06, 0.03, 0.02, 8.84E-3, 5.21E-3, 3.16E-3, 1.95E-3, 1.23E-3, 7.81E-4])
(8053, 2, 1, 10, [0.18, 0.06, 0.03, 0.02, 8.84E-3, 5.21E-3, 3.16E-3, 1.95E-3, 1.23E-3, 7.81E-4])
(8059, 2, 1, 10, [0.18, 0.06, 0.03, 0.02, 8.84E-3, 5.21E-3, 3.16E-3, 1.95E-3, 1.23E-3, 7.81E-4])
(8069, 2, 1, 10, [0.18, 0.06, 0.03, 0.02, 8.84E-3, 5.21E-3, 3.16E-3, 1.95E-3, 1.23E-3, 7.81E-4])
(8081, 2, 1, 10, [4.02E-12, 0.06, 3.35E-12, 0.02, 4.22E-12, 5.21E-3, 6.10E-12, 1.95E-3, 9.52E-12, 7.81E-4])
(8087, 2, 1, 10, [0.18, 0.06, 0.03, 0.02, 8.84E-3, 5.21E-3, 3.16E-3, 1.95E-3, 1.23E-3, 7.81E-4])
(8089, 2, 1, 10, [1.20E-11, 0.06, 1.00E-11, 0.02, 1.26E-11, 5.21E-3, 1.83E-11, 1.95E-3, 2.85E-11, 7.81E-4])
(8093, 2, 1, 10, [0.18, 0.06, 0.03, 0.02, 8.84E-3, 5.21E-3, 3.16E-3, 1.95E-3, 1.23E-3, 7.81E-4])
(8101, 2, 1, 10, [0.18, 0.06, 0.03, 0.02, 8.84E-3, 5.21E-3, 3.16E-3, 1.95E-3, 1.23E-3, 7.81E-4])
(8111, 2, 1, 10, [0.18, 0.06, 0.03, 0.02, 8.84E-3, 5.21E-3, 3.16E-3, 1.95E-3, 1.23E-3, 7.81E-4])
(8117, 2, 1, 10, [0.18, 0.06, 0.03, 0.02, 8.84E-3, 5.21E-3, 3.16E-3, 1.95E-3, 1.23E-3, 7.81E-4])
(8123, 2, 1, 10, [0.18, 0.06, 0.03, 0.02, 8.84E-3, 5.21E-3, 3.16E-3, 1.95E-3, 1.23E-3, 7.81E-4])
(8147, 2, 1, 10, [0.18, 0.06, 0.03, 0.02, 8.84E-3, 5.21E-3, 3.16E-3, 1.95E-3, 1.23E-3, 7.81E-4])
(8161, 2, 1, 10, [0.35, 0.19, 0.12, 0.08, 0.05, 0.04, 0.03, 0.02, 0.01, 8.59E-3])
(8167, 2, 1, 10, [0.18, 0.06, 0.03, 0.02, 8.84E-3, 5.21E-3, 3.16E-3, 1.95E-3, 1.23E-3, 7.81E-4])
(8171, 2, 1, 10, [0.18, 0.06, 0.03, 0.02, 8.84E-3, 5.21E-3, 3.16E-3, 1.95E-3, 1.23E-3, 7.81E-4])
(8179, 2, 1, 10, [0.18, 0.06, 0.03, 0.02, 8.84E-3, 5.21E-3, 3.16E-3, 1.95E-3, 1.23E-3, 7.81E-4])
(8191, 2, 1, 10, [0.18, 0.06, 0.03, 0.02, 8.84E-3, 5.21E-3, 3.16E-3, 1.95E-3, 1.23E-3, 7.81E-4])
(8209, 2, 1, 10, [0.35, 0.19, 0.12, 0.08, 0.05, 0.04, 0.03, 0.02, 0.01, 8.59E-3])
(8219, 2, 1, 10, [0.18, 0.06, 0.03, 0.02, 8.84E-3, 5.21E-3, 3.16E-3, 1.95E-3, 1.23E-3, 7.81E-4])
(8221, 2, 1, 10, [0.18, 0.06, 0.03, 0.02, 8.84E-3, 5.21E-3, 3.16E-3, 1.95E-3, 1.23E-3, 7.81E-4])
(8231, 2, 1, 10, [0.18, 0.06, 0.03, 0.02, 8.84E-3, 5.21E-3, 3.16E-3, 1.95E-3, 1.23E-3, 7.81E-4])
(8233, 2, 1, 10, [1.14E-11, 0.06, 9.50E-12, 0.02, 1.20E-11, 5.21E-3, 1.73E-11, 1.95E-3, 2.70E-11, 7.81E-4])
(8237, 2, 1, 10, [0.18, 0.06, 0.03, 0.02, 8.84E-3, 5.21E-3, 3.16E-3, 1.95E-3, 1.23E-3, 7.81E-4])
(8243, 2, 1, 10, [0.18, 0.06, 0.03, 0.02, 8.84E-3, 5.21E-3, 3.16E-3, 1.95E-3, 1.23E-3, 7.81E-4])
(8263, 2, 1, 10, [0.18, 0.06, 0.03, 0.02, 8.84E-3, 5.21E-3, 3.16E-3, 1.95E-3, 1.23E-3, 7.81E-4])
(8269, 2, 1, 10, [0.18, 0.06, 0.03, 0.02, 8.84E-3, 5.21E-3, 3.16E-3, 1.95E-3, 1.23E-3, 7.81E-4])
(8273, 2, 1, 10, [3.75E-12, 0.06, 3.12E-12, 0.02, 3.93E-12, 5.21E-3, 5.69E-12, 1.95E-3, 8.87E-12, 7.81E-4])
(8287, 2, 1, 10, [0.18, 0.06, 0.03, 0.02, 8.84E-3, 5.21E-3, 3.16E-3, 1.95E-3, 1.23E-3, 7.81E-4])
(8291, 2, 1, 10, [0.18, 0.06, 0.03, 0.02, 8.84E-3, 5.21E-3, 3.16E-3, 1.95E-3, 1.23E-3, 7.81E-4])
(8293, 2, 1, 10, [0.18, 0.06, 0.03, 0.02, 8.84E-3, 5.21E-3, 3.16E-3, 1.95E-3, 1.23E-3, 7.81E-4])
(8297, 2, 1, 10, [3.71E-12, 0.06, 3.10E-12, 0.02, 3.90E-12, 5.21E-3, 5.64E-12, 1.95E-3, 8.80E-12, 7.81E-4])
(8311, 2, 1, 10, [0.18, 0.06, 0.03, 0.02, 8.84E-3, 5.21E-3, 3.16E-3, 1.95E-3, 1.23E-3, 7.81E-4])
(8317, 2, 1, 10, [0.18, 0.06, 0.03, 0.02, 8.84E-3, 5.21E-3, 3.16E-3, 1.95E-3, 1.23E-3, 7.81E-4])
(8329, 2, 1, 10, [0.35, 0.19, 0.12, 0.08, 0.05, 0.04, 0.03, 0.02, 0.01, 8.59E-3])
(8353, 2, 1, 10, [1.09E-11, 0.06, 9.10E-12, 0.02, 1.15E-11, 5.21E-3, 1.66E-11, 1.95E-3, 2.59E-11, 7.81E-4])
(8363, 2, 1, 10, [0.18, 0.06, 0.03, 0.02, 8.84E-3, 5.21E-3, 3.16E-3, 1.95E-3, 1.23E-3, 7.81E-4])
(8369, 2, 1, 10, [3.62E-12, 0.06, 3.02E-12, 0.02, 3.80E-12, 5.21E-3, 5.49E-12, 1.95E-3, 8.57E-12, 7.81E-4])
(8377, 2, 1, 10, [1.08E-11, 0.06, 9.02E-12, 0.02, 1.14E-11, 5.21E-3, 1.64E-11, 1.95E-3, 2.56E-11, 7.81E-4])
(8387, 2, 1, 10, [0.18, 0.06, 0.03, 0.02, 8.84E-3, 5.21E-3, 3.16E-3, 1.95E-3, 1.23E-3, 7.81E-4])
(8389, 2, 1, 10, [0.18, 0.06, 0.03, 0.02, 8.84E-3, 5.21E-3, 3.16E-3, 1.95E-3, 1.23E-3, 7.81E-4])
(8419, 2, 1, 10, [0.18, 0.06, 0.03, 0.02, 8.84E-3, 5.21E-3, 3.16E-3, 1.95E-3, 1.23E-3, 7.81E-4])
(8423, 2, 1, 10, [0.18, 0.06, 0.03, 0.02, 8.84E-3, 5.21E-3, 3.16E-3, 1.95E-3, 1.23E-3, 7.81E-4])
(8429, 2, 1, 10, [0.18, 0.06, 0.03, 0.02, 8.84E-3, 5.21E-3, 3.16E-3, 1.95E-3, 1.23E-3, 7.81E-4])
(8431, 2, 1, 10, [0.18, 0.06, 0.03, 0.02, 8.84E-3, 5.21E-3, 3.16E-3, 1.95E-3, 1.23E-3, 7.81E-4])
(8443, 2, 1, 10, [0.18, 0.06, 0.03, 0.02, 8.84E-3, 5.21E-3, 3.16E-3, 1.95E-3, 1.23E-3, 7.81E-4])
(8447, 2, 1, 10, [0.18, 0.06, 0.03, 0.02, 8.84E-3, 5.21E-3, 3.16E-3, 1.95E-3, 1.23E-3, 7.81E-4])
(8461, 2, 1, 10, [0.18, 0.06, 0.03, 0.02, 8.84E-3, 5.21E-3, 3.16E-3, 1.95E-3, 1.23E-3, 7.81E-4])
(8467, 2, 1, 10, [0.18, 0.06, 0.03, 0.02, 8.84E-3, 5.21E-3, 3.16E-3, 1.95E-3, 1.23E-3, 7.81E-4])
(8501, 2, 1, 10, [0.18, 0.06, 0.03, 0.02, 8.84E-3, 5.21E-3, 3.16E-3, 1.95E-3, 1.23E-3, 7.81E-4])
(8513, 2, 1, 10, [3.44E-12, 0.06, 2.87E-12, 0.02, 3.61E-12, 5.21E-3, 5.22E-12, 1.95E-3, 8.14E-12, 7.81E-4])
(8521, 2, 1, 10, [1.03E-11, 0.06, 8.57E-12, 0.02, 1.08E-11, 5.21E-3, 1.56E-11, 1.95E-3, 2.44E-11, 7.81E-4])
(8527, 2, 1, 10, [0.18, 0.06, 0.03, 0.02, 8.84E-3, 5.21E-3, 3.16E-3, 1.95E-3, 1.23E-3, 7.81E-4])
(8537, 2, 1, 10, [3.41E-12, 0.06, 2.84E-12, 0.02, 3.58E-12, 5.21E-3, 5.18E-12, 1.95E-3, 8.07E-12, 7.81E-4])
(8539, 2, 1, 10, [0.18, 0.06, 0.03, 0.02, 8.84E-3, 5.21E-3, 3.16E-3, 1.95E-3, 1.23E-3, 7.81E-4])
(8543, 2, 1, 10, [0.18, 0.06, 0.03, 0.02, 8.84E-3, 5.21E-3, 3.16E-3, 1.95E-3, 1.23E-3, 7.81E-4])
(8563, 2, 1, 10, [0.18, 0.06, 0.03, 0.02, 8.84E-3, 5.21E-3, 3.16E-3, 1.95E-3, 1.23E-3, 7.81E-4])
(8573, 2, 1, 10, [0.18, 0.06, 0.03, 0.02, 8.84E-3, 5.21E-3, 3.16E-3, 1.95E-3, 1.23E-3, 7.81E-4])
(8581, 2, 1, 10, [0.18, 0.06, 0.03, 0.02, 8.84E-3, 5.21E-3, 3.16E-3, 1.95E-3, 1.23E-3, 7.81E-4])
(8597, 2, 1, 10, [0.18, 0.06, 0.03, 0.02, 8.84E-3, 5.21E-3, 3.16E-3, 1.95E-3, 1.23E-3, 7.81E-4])
(8599, 2, 1, 10, [0.18, 0.06, 0.03, 0.02, 8.84E-3, 5.21E-3, 3.16E-3, 1.95E-3, 1.23E-3, 7.81E-4])
(8609, 2, 1, 10, [3.33E-12, 0.06, 2.77E-12, 0.02, 3.49E-12, 5.21E-3, 5.05E-12, 1.95E-3, 7.87E-12, 7.81E-4])
(8623, 2, 1, 10, [0.18, 0.06, 0.03, 0.02, 8.84E-3, 5.21E-3, 3.16E-3, 1.95E-3, 1.23E-3, 7.81E-4])
(8627, 2, 1, 10, [0.18, 0.06, 0.03, 0.02, 8.84E-3, 5.21E-3, 3.16E-3, 1.95E-3, 1.23E-3, 7.81E-4])
(8629, 2, 1, 10, [0.18, 0.06, 0.03, 0.02, 8.84E-3, 5.21E-3, 3.16E-3, 1.95E-3, 1.23E-3, 7.81E-4])
(8641, 2, 1, 10, [0.35, 0.19, 0.12, 0.08, 0.05, 0.04, 0.03, 0.02, 0.01, 8.59E-3])
(8647, 2, 1, 10, [0.18, 0.06, 0.03, 0.02, 8.84E-3, 5.21E-3, 3.16E-3, 1.95E-3, 1.23E-3, 7.81E-4])
(8663, 2, 1, 10, [0.18, 0.06, 0.03, 0.02, 8.84E-3, 5.21E-3, 3.16E-3, 1.95E-3, 1.23E-3, 7.81E-4])
(8669, 2, 1, 10, [0.18, 0.06, 0.03, 0.02, 8.84E-3, 5.21E-3, 3.16E-3, 1.95E-3, 1.23E-3, 7.81E-4])
(8677, 2, 1, 10, [0.18, 0.06, 0.03, 0.02, 8.84E-3, 5.21E-3, 3.16E-3, 1.95E-3, 1.23E-3, 7.81E-4])
(8681, 2, 1, 10, [3.24E-12, 0.06, 2.70E-12, 0.02, 3.41E-12, 5.21E-3, 4.92E-12, 1.95E-3, 7.68E-12, 7.81E-4])
(8689, 2, 1, 10, [9.70E-12, 0.06, 8.09E-12, 0.02, 1.02E-11, 5.21E-3, 1.47E-11, 1.95E-3, 2.30E-11, 7.81E-4])
(8693, 2, 1, 10, [0.18, 0.06, 0.03, 0.02, 8.84E-3, 5.21E-3, 3.16E-3, 1.95E-3, 1.23E-3, 7.81E-4])
(8699, 2, 1, 10, [0.18, 0.06, 0.03, 0.02, 8.84E-3, 5.21E-3, 3.16E-3, 1.95E-3, 1.23E-3, 7.81E-4])
(8707, 2, 1, 10, [0.18, 0.06, 0.03, 0.02, 8.84E-3, 5.21E-3, 3.16E-3, 1.95E-3, 1.23E-3, 7.81E-4])
(8713, 2, 1, 10, [9.62E-12, 0.06, 8.02E-12, 0.02, 1.01E-11, 5.21E-3, 1.46E-11, 1.95E-3, 2.28E-11, 7.81E-4])
(8719, 2, 1, 10, [0.18, 0.06, 0.03, 0.02, 8.84E-3, 5.21E-3, 3.16E-3, 1.95E-3, 1.23E-3, 7.81E-4])
(8731, 2, 1, 10, [0.18, 0.06, 0.03, 0.02, 8.84E-3, 5.21E-3, 3.16E-3, 1.95E-3, 1.23E-3, 7.81E-4])
(8737, 2, 1, 10, [9.54E-12, 0.06, 7.95E-12, 0.02, 1.00E-11, 5.21E-3, 1.45E-11, 1.95E-3, 2.26E-11, 7.81E-4])
(8741, 2, 1, 10, [0.18, 0.06, 0.03, 0.02, 8.84E-3, 5.21E-3, 3.16E-3, 1.95E-3, 1.23E-3, 7.81E-4])
(8747, 2, 1, 10, [0.18, 0.06, 0.03, 0.02, 8.84E-3, 5.21E-3, 3.16E-3, 1.95E-3, 1.23E-3, 7.81E-4])
(8753, 2, 1, 10, [3.16E-12, 0.06, 2.64E-12, 0.02, 3.32E-12, 5.21E-3, 4.80E-12, 1.95E-3, 7.49E-12, 7.81E-4])
(8761, 2, 1, 10, [9.46E-12, 0.06, 7.89E-12, 0.02, 9.94E-12, 5.21E-3, 1.44E-11, 1.95E-3, 2.24E-11, 7.81E-4])
(8779, 2, 1, 10, [0.18, 0.06, 0.03, 0.02, 8.84E-3, 5.21E-3, 3.16E-3, 1.95E-3, 1.23E-3, 7.81E-4])
(8783, 2, 1, 10, [0.18, 0.06, 0.03, 0.02, 8.84E-3, 5.21E-3, 3.16E-3, 1.95E-3, 1.23E-3, 7.81E-4])
(8803, 2, 1, 10, [0.18, 0.06, 0.03, 0.02, 8.84E-3, 5.21E-3, 3.16E-3, 1.95E-3, 1.23E-3, 7.81E-4])
(8807, 2, 1, 10, [0.18, 0.06, 0.03, 0.02, 8.84E-3, 5.21E-3, 3.16E-3, 1.95E-3, 1.23E-3, 7.81E-4])
(8819, 2, 1, 10, [0.18, 0.06, 0.03, 0.02, 8.84E-3, 5.21E-3, 3.16E-3, 1.95E-3, 1.23E-3, 7.81E-4])
(8821, 2, 1, 10, [0.18, 0.06, 0.03, 0.02, 8.84E-3, 5.21E-3, 3.16E-3, 1.95E-3, 1.23E-3, 7.81E-4])
(8831, 2, 1, 10, [0.18, 0.06, 0.03, 0.02, 8.84E-3, 5.21E-3, 3.16E-3, 1.95E-3, 1.23E-3, 7.81E-4])
(8837, 2, 1, 10, [0.18, 0.06, 0.03, 0.02, 8.84E-3, 5.21E-3, 3.16E-3, 1.95E-3, 1.23E-3, 7.81E-4])
(8839, 2, 1, 10, [0.18, 0.06, 0.03, 0.02, 8.84E-3, 5.21E-3, 3.16E-3, 1.95E-3, 1.23E-3, 7.81E-4])
(8849, 2, 1, 10, [3.06E-12, 0.06, 2.55E-12, 0.02, 3.21E-12, 5.21E-3, 4.65E-12, 1.95E-3, 7.25E-12, 7.81E-4])
(8861, 2, 1, 10, [0.18, 0.06, 0.03, 0.02, 8.84E-3, 5.21E-3, 3.16E-3, 1.95E-3, 1.23E-3, 7.81E-4])
(8863, 2, 1, 10, [0.18, 0.06, 0.03, 0.02, 8.84E-3, 5.21E-3, 3.16E-3, 1.95E-3, 1.23E-3, 7.81E-4])
(8867, 2, 1, 10, [0.18, 0.06, 0.03, 0.02, 8.84E-3, 5.21E-3, 3.16E-3, 1.95E-3, 1.23E-3, 7.81E-4])
(8887, 2, 1, 10, [0.18, 0.06, 0.03, 0.02, 8.84E-3, 5.21E-3, 3.16E-3, 1.95E-3, 1.23E-3, 7.81E-4])
(8893, 2, 1, 10, [0.18, 0.06, 0.03, 0.02, 8.84E-3, 5.21E-3, 3.16E-3, 1.95E-3, 1.23E-3, 7.81E-4])
(8923, 2, 1, 10, [0.18, 0.06, 0.03, 0.02, 8.84E-3, 5.21E-3, 3.16E-3, 1.95E-3, 1.23E-3, 7.81E-4])
(8929, 2, 1, 10, [8.94E-12, 0.06, 7.45E-12, 0.02, 9.39E-12, 5.21E-3, 1.36E-11, 1.95E-3, 2.12E-11, 7.81E-4])
(8933, 2, 1, 10, [0.18, 0.06, 0.03, 0.02, 8.84E-3, 5.21E-3, 3.16E-3, 1.95E-3, 1.23E-3, 7.81E-4])
(8941, 2, 1, 10, [0.18, 0.06, 0.03, 0.02, 8.84E-3, 5.21E-3, 3.16E-3, 1.95E-3, 1.23E-3, 7.81E-4])
(8951, 2, 1, 10, [0.18, 0.06, 0.03, 0.02, 8.84E-3, 5.21E-3, 3.16E-3, 1.95E-3, 1.23E-3, 7.81E-4])
(8963, 2, 1, 10, [0.18, 0.06, 0.03, 0.02, 8.84E-3, 5.21E-3, 3.16E-3, 1.95E-3, 1.23E-3, 7.81E-4])
(8969, 2, 1, 10, [2.94E-12, 0.06, 2.45E-12, 0.02, 3.09E-12, 5.21E-3, 4.46E-12, 1.95E-3, 6.96E-12, 7.81E-4])
(8971, 2, 1, 10, [0.18, 0.06, 0.03, 0.02, 8.84E-3, 5.21E-3, 3.16E-3, 1.95E-3, 1.23E-3, 7.81E-4])
(8999, 2, 1, 10, [0.18, 0.06, 0.03, 0.02, 8.84E-3, 5.21E-3, 3.16E-3, 1.95E-3, 1.23E-3, 7.81E-4])
(9001, 2, 1, 10, [0.35, 0.19, 0.12, 0.08, 0.05, 0.04, 0.03, 0.02, 0.01, 8.59E-3])
(9007, 2, 1, 10, [0.18, 0.06, 0.03, 0.02, 8.84E-3, 5.21E-3, 3.16E-3, 1.95E-3, 1.23E-3, 7.81E-4])
(9011, 2, 1, 10, [0.18, 0.06, 0.03, 0.02, 8.84E-3, 5.21E-3, 3.16E-3, 1.95E-3, 1.23E-3, 7.81E-4])
(9013, 2, 1, 10, [0.18, 0.06, 0.03, 0.02, 8.84E-3, 5.21E-3, 3.16E-3, 1.95E-3, 1.23E-3, 7.81E-4])
(9029, 2, 1, 10, [0.18, 0.06, 0.03, 0.02, 8.84E-3, 5.21E-3, 3.16E-3, 1.95E-3, 1.23E-3, 7.81E-4])
(9041, 2, 1, 10, [2.87E-12, 0.06, 2.39E-12, 0.02, 3.01E-12, 5.21E-3, 4.36E-12, 1.95E-3, 6.80E-12, 7.81E-4])
(9043, 2, 1, 10, [0.18, 0.06, 0.03, 0.02, 8.84E-3, 5.21E-3, 3.16E-3, 1.95E-3, 1.23E-3, 7.81E-4])
(9049, 2, 1, 10, [0.35, 0.19, 0.12, 0.08, 0.05, 0.04, 0.03, 0.02, 0.01, 8.59E-3])
(9059, 2, 1, 10, [0.18, 0.06, 0.03, 0.02, 8.84E-3, 5.21E-3, 3.16E-3, 1.95E-3, 1.23E-3, 7.81E-4])
(9067, 2, 1, 10, [0.18, 0.06, 0.03, 0.02, 8.84E-3, 5.21E-3, 3.16E-3, 1.95E-3, 1.23E-3, 7.81E-4])
(9091, 2, 1, 10, [0.18, 0.06, 0.03, 0.02, 8.84E-3, 5.21E-3, 3.16E-3, 1.95E-3, 1.23E-3, 7.81E-4])
(9103, 2, 1, 10, [0.18, 0.06, 0.03, 0.02, 8.84E-3, 5.21E-3, 3.16E-3, 1.95E-3, 1.23E-3, 7.81E-4])
(9109, 2, 1, 10, [0.18, 0.06, 0.03, 0.02, 8.84E-3, 5.21E-3, 3.16E-3, 1.95E-3, 1.23E-3, 7.81E-4])
(9127, 2, 1, 10, [0.18, 0.06, 0.03, 0.02, 8.84E-3, 5.21E-3, 3.16E-3, 1.95E-3, 1.23E-3, 7.81E-4])
(9133, 2, 1, 10, [0.18, 0.06, 0.03, 0.02, 8.84E-3, 5.21E-3, 3.16E-3, 1.95E-3, 1.23E-3, 7.81E-4])
(9137, 2, 1, 10, [2.78E-12, 0.06, 2.32E-12, 0.02, 2.92E-12, 5.21E-3, 4.22E-12, 1.95E-3, 6.59E-12, 7.81E-4])
(9151, 2, 1, 10, [0.18, 0.06, 0.03, 0.02, 8.84E-3, 5.21E-3, 3.16E-3, 1.95E-3, 1.23E-3, 7.81E-4])
(9157, 2, 1, 10, [0.18, 0.06, 0.03, 0.02, 8.84E-3, 5.21E-3, 3.16E-3, 1.95E-3, 1.23E-3, 7.81E-4])
(9161, 2, 1, 10, [2.76E-12, 0.06, 2.30E-12, 0.02, 2.90E-12, 5.21E-3, 4.19E-12, 1.95E-3, 6.53E-12, 7.81E-4])
(9173, 2, 1, 10, [0.18, 0.06, 0.03, 0.02, 8.84E-3, 5.21E-3, 3.16E-3, 1.95E-3, 1.23E-3, 7.81E-4])
(9181, 2, 1, 10, [0.18, 0.06, 0.03, 0.02, 8.84E-3, 5.21E-3, 3.16E-3, 1.95E-3, 1.23E-3, 7.81E-4])
(9187, 2, 1, 10, [0.18, 0.06, 0.03, 0.02, 8.84E-3, 5.21E-3, 3.16E-3, 1.95E-3, 1.23E-3, 7.81E-4])
(9199, 2, 1, 10, [0.18, 0.06, 0.03, 0.02, 8.84E-3, 5.21E-3, 3.16E-3, 1.95E-3, 1.23E-3, 7.81E-4])
(9203, 2, 1, 10, [0.18, 0.06, 0.03, 0.02, 8.84E-3, 5.21E-3, 3.16E-3, 1.95E-3, 1.23E-3, 7.81E-4])
(9209, 2, 1, 10, [2.72E-12, 0.06, 2.26E-12, 0.02, 2.85E-12, 5.21E-3, 4.12E-12, 1.95E-3, 6.43E-12, 7.81E-4])
(9221, 2, 1, 10, [0.18, 0.06, 0.03, 0.02, 8.84E-3, 5.21E-3, 3.16E-3, 1.95E-3, 1.23E-3, 7.81E-4])
(9227, 2, 1, 10, [0.18, 0.06, 0.03, 0.02, 8.84E-3, 5.21E-3, 3.16E-3, 1.95E-3, 1.23E-3, 7.81E-4])
(9239, 2, 1, 10, [0.18, 0.06, 0.03, 0.02, 8.84E-3, 5.21E-3, 3.16E-3, 1.95E-3, 1.23E-3, 7.81E-4])
(9241, 2, 1, 10, [8.07E-12, 0.06, 6.72E-12, 0.02, 8.47E-12, 5.21E-3, 1.22E-11, 1.95E-3, 1.91E-11, 7.81E-4])
(9257, 2, 1, 10, [2.67E-12, 0.06, 2.23E-12, 0.02, 2.81E-12, 5.21E-3, 4.06E-12, 1.95E-3, 6.33E-12, 7.81E-4])
(9277, 2, 1, 10, [0.18, 0.06, 0.03, 0.02, 8.84E-3, 5.21E-3, 3.16E-3, 1.95E-3, 1.23E-3, 7.81E-4])
(9281, 2, 1, 10, [2.65E-12, 0.06, 2.21E-12, 0.02, 2.79E-12, 5.21E-3, 4.03E-12, 1.95E-3, 6.28E-12, 7.81E-4])
(9283, 2, 1, 10, [0.18, 0.06, 0.03, 0.02, 8.84E-3, 5.21E-3, 3.16E-3, 1.95E-3, 1.23E-3, 7.81E-4])
(9293, 2, 1, 10, [0.18, 0.06, 0.03, 0.02, 8.84E-3, 5.21E-3, 3.16E-3, 1.95E-3, 1.23E-3, 7.81E-4])
(9311, 2, 1, 10, [0.18, 0.06, 0.03, 0.02, 8.84E-3, 5.21E-3, 3.16E-3, 1.95E-3, 1.23E-3, 7.81E-4])
(9319, 2, 1, 10, [0.18, 0.06, 0.03, 0.02, 8.84E-3, 5.21E-3, 3.16E-3, 1.95E-3, 1.23E-3, 7.81E-4])
(9323, 2, 1, 10, [0.18, 0.06, 0.03, 0.02, 8.84E-3, 5.21E-3, 3.16E-3, 1.95E-3, 1.23E-3, 7.81E-4])
(9337, 2, 1, 10, [7.82E-12, 0.06, 6.52E-12, 0.02, 8.21E-12, 5.21E-3, 1.19E-11, 1.95E-3, 1.85E-11, 7.81E-4])
(9341, 2, 1, 10, [0.18, 0.06, 0.03, 0.02, 8.84E-3, 5.21E-3, 3.16E-3, 1.95E-3, 1.23E-3, 7.81E-4])
(9343, 2, 1, 10, [0.18, 0.06, 0.03, 0.02, 8.84E-3, 5.21E-3, 3.16E-3, 1.95E-3, 1.23E-3, 7.81E-4])
(9349, 2, 1, 10, [0.18, 0.06, 0.03, 0.02, 8.84E-3, 5.21E-3, 3.16E-3, 1.95E-3, 1.23E-3, 7.81E-4])
(9371, 2, 1, 10, [0.18, 0.06, 0.03, 0.02, 8.84E-3, 5.21E-3, 3.16E-3, 1.95E-3, 1.23E-3, 7.81E-4])
(9377, 2, 1, 10, [2.57E-12, 0.06, 2.14E-12, 0.02, 2.70E-12, 5.21E-3, 3.91E-12, 1.95E-3, 6.09E-12, 7.81E-4])
(9391, 2, 1, 10, [0.18, 0.06, 0.03, 0.02, 8.84E-3, 5.21E-3, 3.16E-3, 1.95E-3, 1.23E-3, 7.81E-4])
(9397, 2, 1, 10, [0.18, 0.06, 0.03, 0.02, 8.84E-3, 5.21E-3, 3.16E-3, 1.95E-3, 1.23E-3, 7.81E-4])
(9403, 2, 1, 10, [0.18, 0.06, 0.03, 0.02, 8.84E-3, 5.21E-3, 3.16E-3, 1.95E-3, 1.23E-3, 7.81E-4])
(9413, 2, 1, 10, [0.18, 0.06, 0.03, 0.02, 8.84E-3, 5.21E-3, 3.16E-3, 1.95E-3, 1.23E-3, 7.81E-4])
(9419, 2, 1, 10, [0.18, 0.06, 0.03, 0.02, 8.84E-3, 5.21E-3, 3.16E-3, 1.95E-3, 1.23E-3, 7.81E-4])
(9421, 2, 1, 10, [0.18, 0.06, 0.03, 0.02, 8.84E-3, 5.21E-3, 3.16E-3, 1.95E-3, 1.23E-3, 7.81E-4])
(9431, 2, 1, 10, [0.18, 0.06, 0.03, 0.02, 8.84E-3, 5.21E-3, 3.16E-3, 1.95E-3, 1.23E-3, 7.81E-4])
(9433, 2, 1, 10, [7.58E-12, 0.06, 6.32E-12, 0.02, 7.96E-12, 5.21E-3, 1.15E-11, 1.95E-3, 1.80E-11, 7.81E-4])
(9437, 2, 1, 10, [0.18, 0.06, 0.03, 0.02, 8.84E-3, 5.21E-3, 3.16E-3, 1.95E-3, 1.23E-3, 7.81E-4])
(9439, 2, 1, 10, [0.18, 0.06, 0.03, 0.02, 8.84E-3, 5.21E-3, 3.16E-3, 1.95E-3, 1.23E-3, 7.81E-4])
(9461, 2, 1, 10, [0.18, 0.06, 0.03, 0.02, 8.84E-3, 5.21E-3, 3.16E-3, 1.95E-3, 1.23E-3, 7.81E-4])
(9463, 2, 1, 10, [0.18, 0.06, 0.03, 0.02, 8.84E-3, 5.21E-3, 3.16E-3, 1.95E-3, 1.23E-3, 7.81E-4])
(9467, 2, 1, 10, [0.18, 0.06, 0.03, 0.02, 8.84E-3, 5.21E-3, 3.16E-3, 1.95E-3, 1.23E-3, 7.81E-4])
(9473, 2, 1, 10, [2.50E-12, 0.06, 2.08E-12, 0.02, 2.62E-12, 5.21E-3, 3.79E-12, 1.95E-3, 5.91E-12, 7.81E-4])
(9479, 2, 1, 10, [0.18, 0.06, 0.03, 0.02, 8.84E-3, 5.21E-3, 3.16E-3, 1.95E-3, 1.23E-3, 7.81E-4])
(9491, 2, 1, 10, [0.18, 0.06, 0.03, 0.02, 8.84E-3, 5.21E-3, 3.16E-3, 1.95E-3, 1.23E-3, 7.81E-4])
(9497, 2, 1, 10, [2.48E-12, 0.06, 2.06E-12, 0.02, 2.60E-12, 5.21E-3, 3.76E-12, 1.95E-3, 5.87E-12, 7.81E-4])
(9511, 2, 1, 10, [0.18, 0.06, 0.03, 0.02, 8.84E-3, 5.21E-3, 3.16E-3, 1.95E-3, 1.23E-3, 7.81E-4])
(9521, 2, 1, 10, [2.46E-12, 0.06, 2.05E-12, 0.02, 2.58E-12, 5.21E-3, 3.73E-12, 1.95E-3, 5.82E-12, 7.81E-4])
(9533, 2, 1, 10, [0.18, 0.06, 0.03, 0.02, 8.84E-3, 5.21E-3, 3.16E-3, 1.95E-3, 1.23E-3, 7.81E-4])
(9539, 2, 1, 10, [0.18, 0.06, 0.03, 0.02, 8.84E-3, 5.21E-3, 3.16E-3, 1.95E-3, 1.23E-3, 7.81E-4])
(9547, 2, 1, 10, [0.18, 0.06, 0.03, 0.02, 8.84E-3, 5.21E-3, 3.16E-3, 1.95E-3, 1.23E-3, 7.81E-4])
(9551, 2, 1, 10, [0.18, 0.06, 0.03, 0.02, 8.84E-3, 5.21E-3, 3.16E-3, 1.95E-3, 1.23E-3, 7.81E-4])
(9587, 2, 1, 10, [0.18, 0.06, 0.03, 0.02, 8.84E-3, 5.21E-3, 3.16E-3, 1.95E-3, 1.23E-3, 7.81E-4])
(9601, 2, 1, 10, [7.19E-12, 0.06, 5.99E-12, 0.02, 7.55E-12, 5.21E-3, 1.09E-11, 1.95E-3, 1.70E-11, 7.81E-4])
(9613, 2, 1, 10, [0.18, 0.06, 0.03, 0.02, 8.84E-3, 5.21E-3, 3.16E-3, 1.95E-3, 1.23E-3, 7.81E-4])
(9619, 2, 1, 10, [0.18, 0.06, 0.03, 0.02, 8.84E-3, 5.21E-3, 3.16E-3, 1.95E-3, 1.23E-3, 7.81E-4])
(9623, 2, 1, 10, [0.18, 0.06, 0.03, 0.02, 8.84E-3, 5.21E-3, 3.16E-3, 1.95E-3, 1.23E-3, 7.81E-4])
(9629, 2, 1, 10, [0.18, 0.06, 0.03, 0.02, 8.84E-3, 5.21E-3, 3.16E-3, 1.95E-3, 1.23E-3, 7.81E-4])
(9631, 2, 1, 10, [0.18, 0.06, 0.03, 0.02, 8.84E-3, 5.21E-3, 3.16E-3, 1.95E-3, 1.23E-3, 7.81E-4])
(9643, 2, 1, 10, [0.18, 0.06, 0.03, 0.02, 8.84E-3, 5.21E-3, 3.16E-3, 1.95E-3, 1.23E-3, 7.81E-4])
(9649, 2, 1, 10, [0.35, 0.19, 0.12, 0.08, 0.05, 0.04, 0.03, 0.02, 0.01, 8.59E-3])
(9661, 2, 1, 10, [0.18, 0.06, 0.03, 0.02, 8.84E-3, 5.21E-3, 3.16E-3, 1.95E-3, 1.23E-3, 7.81E-4])
(9677, 2, 1, 10, [0.18, 0.06, 0.03, 0.02, 8.84E-3, 5.21E-3, 3.16E-3, 1.95E-3, 1.23E-3, 7.81E-4])
(9679, 2, 1, 10, [0.18, 0.06, 0.03, 0.02, 8.84E-3, 5.21E-3, 3.16E-3, 1.95E-3, 1.23E-3, 7.81E-4])
(9689, 2, 1, 10, [2.33E-12, 0.06, 1.94E-12, 0.02, 2.45E-12, 5.21E-3, 3.54E-12, 1.95E-3, 5.52E-12, 7.81E-4])
(9697, 2, 1, 10, [6.98E-12, 0.06, 5.82E-12, 0.02, 7.33E-12, 5.21E-3, 1.06E-11, 1.95E-3, 1.65E-11, 7.81E-4])
(9719, 2, 1, 10, [0.18, 0.06, 0.03, 0.02, 8.84E-3, 5.21E-3, 3.16E-3, 1.95E-3, 1.23E-3, 7.81E-4])
(9721, 2, 1, 10, [0.35, 0.19, 0.12, 0.08, 0.05, 0.04, 0.03, 0.02, 0.01, 8.59E-3])
(9733, 2, 1, 10, [0.18, 0.06, 0.03, 0.02, 8.84E-3, 5.21E-3, 3.16E-3, 1.95E-3, 1.23E-3, 7.81E-4])
(9739, 2, 1, 10, [0.18, 0.06, 0.03, 0.02, 8.84E-3, 5.21E-3, 3.16E-3, 1.95E-3, 1.23E-3, 7.81E-4])
(9743, 2, 1, 10, [0.18, 0.06, 0.03, 0.02, 8.84E-3, 5.21E-3, 3.16E-3, 1.95E-3, 1.23E-3, 7.81E-4])
(9749, 2, 1, 10, [0.18, 0.06, 0.03, 0.02, 8.84E-3, 5.21E-3, 3.16E-3, 1.95E-3, 1.23E-3, 7.81E-4])
(9767, 2, 1, 10, [0.18, 0.06, 0.03, 0.02, 8.84E-3, 5.21E-3, 3.16E-3, 1.95E-3, 1.23E-3, 7.81E-4])
(9769, 2, 1, 10, [6.83E-12, 0.06, 5.69E-12, 0.02, 7.17E-12, 5.21E-3, 1.04E-11, 1.95E-3, 1.62E-11, 7.81E-4])
(9781, 2, 1, 10, [0.18, 0.06, 0.03, 0.02, 8.84E-3, 5.21E-3, 3.16E-3, 1.95E-3, 1.23E-3, 7.81E-4])
(9787, 2, 1, 10, [0.18, 0.06, 0.03, 0.02, 8.84E-3, 5.21E-3, 3.16E-3, 1.95E-3, 1.23E-3, 7.81E-4])
(9791, 2, 1, 10, [0.18, 0.06, 0.03, 0.02, 8.84E-3, 5.21E-3, 3.16E-3, 1.95E-3, 1.23E-3, 7.81E-4])
(9803, 2, 1, 10, [0.18, 0.06, 0.03, 0.02, 8.84E-3, 5.21E-3, 3.16E-3, 1.95E-3, 1.23E-3, 7.81E-4])
(9811, 2, 1, 10, [0.18, 0.06, 0.03, 0.02, 8.84E-3, 5.21E-3, 3.16E-3, 1.95E-3, 1.23E-3, 7.81E-4])
(9817, 2, 1, 10, [6.73E-12, 0.06, 5.61E-12, 0.02, 7.06E-12, 5.21E-3, 1.02E-11, 1.95E-3, 1.59E-11, 7.81E-4])
(9829, 2, 1, 10, [0.18, 0.06, 0.03, 0.02, 8.84E-3, 5.21E-3, 3.16E-3, 1.95E-3, 1.23E-3, 7.81E-4])
(9833, 2, 1, 10, [2.23E-12, 0.06, 1.86E-12, 0.02, 2.34E-12, 5.21E-3, 3.39E-12, 1.95E-3, 5.28E-12, 7.81E-4])
(9839, 2, 1, 10, [0.18, 0.06, 0.03, 0.02, 8.84E-3, 5.21E-3, 3.16E-3, 1.95E-3, 1.23E-3, 7.81E-4])
(9851, 2, 1, 10, [0.18, 0.06, 0.03, 0.02, 8.84E-3, 5.21E-3, 3.16E-3, 1.95E-3, 1.23E-3, 7.81E-4])
(9857, 2, 1, 10, [2.22E-12, 0.06, 1.85E-12, 0.02, 2.33E-12, 5.21E-3, 3.36E-12, 1.95E-3, 5.25E-12, 7.81E-4])
(9859, 2, 1, 10, [0.18, 0.06, 0.03, 0.02, 8.84E-3, 5.21E-3, 3.16E-3, 1.95E-3, 1.23E-3, 7.81E-4])
(9871, 2, 1, 10, [0.18, 0.06, 0.03, 0.02, 8.84E-3, 5.21E-3, 3.16E-3, 1.95E-3, 1.23E-3, 7.81E-4])
(9883, 2, 1, 10, [0.18, 0.06, 0.03, 0.02, 8.84E-3, 5.21E-3, 3.16E-3, 1.95E-3, 1.23E-3, 7.81E-4])
(9887, 2, 1, 10, [0.18, 0.06, 0.03, 0.02, 8.84E-3, 5.21E-3, 3.16E-3, 1.95E-3, 1.23E-3, 7.81E-4])
(9901, 2, 1, 10, [0.18, 0.06, 0.03, 0.02, 8.84E-3, 5.21E-3, 3.16E-3, 1.95E-3, 1.23E-3, 7.81E-4])
(9907, 2, 1, 10, [0.18, 0.06, 0.03, 0.02, 8.84E-3, 5.21E-3, 3.16E-3, 1.95E-3, 1.23E-3, 7.81E-4])
(9923, 2, 1, 10, [0.18, 0.06, 0.03, 0.02, 8.84E-3, 5.21E-3, 3.16E-3, 1.95E-3, 1.23E-3, 7.81E-4])
(9929, 2, 1, 10, [2.17E-12, 0.06, 1.81E-12, 0.02, 2.28E-12, 5.21E-3, 3.29E-12, 1.95E-3, 5.13E-12, 7.81E-4])
(9931, 2, 1, 10, [0.18, 0.06, 0.03, 0.02, 8.84E-3, 5.21E-3, 3.16E-3, 1.95E-3, 1.23E-3, 7.81E-4])
(9941, 2, 1, 10, [0.18, 0.06, 0.03, 0.02, 8.84E-3, 5.21E-3, 3.16E-3, 1.95E-3, 1.23E-3, 7.81E-4])
(9949, 2, 1, 10, [0.18, 0.06, 0.03, 0.02, 8.84E-3, 5.21E-3, 3.16E-3, 1.95E-3, 1.23E-3, 7.81E-4])
(9967, 2, 1, 10, [0.18, 0.06, 0.03, 0.02, 8.84E-3, 5.21E-3, 3.16E-3, 1.95E-3, 1.23E-3, 7.81E-4])
(9973, 2, 1, 10, [0.18, 0.06, 0.03, 0.02, 8.84E-3, 5.21E-3, 3.16E-3, 1.95E-3, 1.23E-3, 7.81E-4])
(10007, 2, 1, 10, [0.18, 0.06, 0.03, 0.02, 8.84E-3, 5.21E-3, 3.16E-3, 1.95E-3, 1.23E-3, 7.81E-4])
(10009, 2, 1, 10, [0.35, 0.19, 0.12, 0.08, 0.05, 0.04, 0.03, 0.02, 0.01, 8.59E-3])
(10037, 2, 1, 10, [0.18, 0.06, 0.03, 0.02, 8.84E-3, 5.21E-3, 3.16E-3, 1.95E-3, 1.23E-3, 7.81E-4])
(10039, 2, 1, 10, [0.18, 0.06, 0.03, 0.02, 8.84E-3, 5.21E-3, 3.16E-3, 1.95E-3, 1.23E-3, 7.81E-4])
(10061, 2, 1, 10, [0.18, 0.06, 0.03, 0.02, 8.84E-3, 5.21E-3, 3.16E-3, 1.95E-3, 1.23E-3, 7.81E-4])
(10067, 2, 1, 10, [0.18, 0.06, 0.03, 0.02, 8.84E-3, 5.21E-3, 3.16E-3, 1.95E-3, 1.23E-3, 7.81E-4])
(10069, 2, 1, 10, [0.18, 0.06, 0.03, 0.02, 8.84E-3, 5.21E-3, 3.16E-3, 1.95E-3, 1.23E-3, 7.81E-4])
(10079, 2, 1, 10, [0.18, 0.06, 0.03, 0.02, 8.84E-3, 5.21E-3, 3.16E-3, 1.95E-3, 1.23E-3, 7.81E-4])
(10091, 2, 1, 10, [0.18, 0.06, 0.03, 0.02, 8.84E-3, 5.21E-3, 3.16E-3, 1.95E-3, 1.23E-3, 7.81E-4])
(10093, 2, 1, 10, [0.18, 0.06, 0.03, 0.02, 8.84E-3, 5.21E-3, 3.16E-3, 1.95E-3, 1.23E-3, 7.81E-4])
(10099, 2, 1, 10, [0.18, 0.06, 0.03, 0.02, 8.84E-3, 5.21E-3, 3.16E-3, 1.95E-3, 1.23E-3, 7.81E-4])
(10103, 2, 1, 10, [0.18, 0.06, 0.03, 0.02, 8.84E-3, 5.21E-3, 3.16E-3, 1.95E-3, 1.23E-3, 7.81E-4])
(10111, 2, 1, 10, [0.18, 0.06, 0.03, 0.02, 8.84E-3, 5.21E-3, 3.16E-3, 1.95E-3, 1.23E-3, 7.81E-4])
(10133, 2, 1, 10, [0.18, 0.06, 0.03, 0.02, 8.84E-3, 5.21E-3, 3.16E-3, 1.95E-3, 1.23E-3, 7.81E-4])
(10139, 2, 1, 10, [0.18, 0.06, 0.03, 0.02, 8.84E-3, 5.21E-3, 3.16E-3, 1.95E-3, 1.23E-3, 7.81E-4])
(10141, 2, 1, 10, [0.18, 0.06, 0.03, 0.02, 8.84E-3, 5.21E-3, 3.16E-3, 1.95E-3, 1.23E-3, 7.81E-4])
(10151, 2, 1, 10, [0.18, 0.06, 0.03, 0.02, 8.84E-3, 5.21E-3, 3.16E-3, 1.95E-3, 1.23E-3, 7.81E-4])
(10159, 2, 1, 10, [0.18, 0.06, 0.03, 0.02, 8.84E-3, 5.21E-3, 3.16E-3, 1.95E-3, 1.23E-3, 7.81E-4])
(10163, 2, 1, 10, [0.18, 0.06, 0.03, 0.02, 8.84E-3, 5.21E-3, 3.16E-3, 1.95E-3, 1.23E-3, 7.81E-4])
(10169, 2, 1, 10, [2.02E-12, 0.06, 1.68E-12, 0.02, 2.12E-12, 5.21E-3, 3.06E-12, 1.95E-3, 4.78E-12, 7.81E-4])
(10177, 2, 1, 10, [6.04E-12, 0.06, 5.03E-12, 0.02, 6.34E-12, 5.21E-3, 9.17E-12, 1.95E-3, 1.43E-11, 7.81E-4])
(10181, 2, 1, 10, [0.18, 0.06, 0.03, 0.02, 8.84E-3, 5.21E-3, 3.16E-3, 1.95E-3, 1.23E-3, 7.81E-4])
(10193, 2, 1, 10, [2.00E-12, 0.06, 1.67E-12, 0.02, 2.10E-12, 5.21E-3, 3.04E-12, 1.95E-3, 4.74E-12, 7.81E-4])
(10211, 2, 1, 10, [0.18, 0.06, 0.03, 0.02, 8.84E-3, 5.21E-3, 3.16E-3, 1.95E-3, 1.23E-3, 7.81E-4])
(10223, 2, 1, 10, [0.18, 0.06, 0.03, 0.02, 8.84E-3, 5.21E-3, 3.16E-3, 1.95E-3, 1.23E-3, 7.81E-4])
(10243, 2, 1, 10, [0.18, 0.06, 0.03, 0.02, 8.84E-3, 5.21E-3, 3.16E-3, 1.95E-3, 1.23E-3, 7.81E-4])
(10247, 2, 1, 10, [0.18, 0.06, 0.03, 0.02, 8.84E-3, 5.21E-3, 3.16E-3, 1.95E-3, 1.23E-3, 7.81E-4])
(10253, 2, 1, 10, [0.18, 0.06, 0.03, 0.02, 8.84E-3, 5.21E-3, 3.16E-3, 1.95E-3, 1.23E-3, 7.81E-4])
(10259, 2, 1, 10, [0.18, 0.06, 0.03, 0.02, 8.84E-3, 5.21E-3, 3.16E-3, 1.95E-3, 1.23E-3, 7.81E-4])
(10267, 2, 1, 10, [0.18, 0.06, 0.03, 0.02, 8.84E-3, 5.21E-3, 3.16E-3, 1.95E-3, 1.23E-3, 7.81E-4])
(10271, 2, 1, 10, [0.18, 0.06, 0.03, 0.02, 8.84E-3, 5.21E-3, 3.16E-3, 1.95E-3, 1.23E-3, 7.81E-4])
(10273, 2, 1, 10, [5.87E-12, 0.06, 4.89E-12, 0.02, 6.16E-12, 5.21E-3, 8.91E-12, 1.95E-3, 1.39E-11, 7.81E-4])
(10289, 2, 1, 10, [1.95E-12, 0.06, 1.62E-12, 0.02, 2.05E-12, 5.21E-3, 2.96E-12, 1.95E-3, 4.61E-12, 7.81E-4])
(10301, 2, 1, 10, [0.18, 0.06, 0.03, 0.02, 8.84E-3, 5.21E-3, 3.16E-3, 1.95E-3, 1.23E-3, 7.81E-4])
(10303, 2, 1, 10, [0.18, 0.06, 0.03, 0.02, 8.84E-3, 5.21E-3, 3.16E-3, 1.95E-3, 1.23E-3, 7.81E-4])
(10313, 2, 1, 10, [1.93E-12, 0.06, 1.61E-12, 0.02, 2.03E-12, 5.21E-3, 2.94E-12, 1.95E-3, 4.58E-12, 7.81E-4])
(10321, 2, 1, 10, [0.35, 0.19, 0.12, 0.08, 0.05, 0.04, 0.03, 0.02, 0.01, 8.59E-3])
(10331, 2, 1, 10, [0.18, 0.06, 0.03, 0.02, 8.84E-3, 5.21E-3, 3.16E-3, 1.95E-3, 1.23E-3, 7.81E-4])
(10333, 2, 1, 10, [0.18, 0.06, 0.03, 0.02, 8.84E-3, 5.21E-3, 3.16E-3, 1.95E-3, 1.23E-3, 7.81E-4])
(10337, 2, 1, 10, [1.92E-12, 0.06, 1.60E-12, 0.02, 2.02E-12, 5.21E-3, 2.92E-12, 1.95E-3, 4.55E-12, 7.81E-4])
(10343, 2, 1, 10, [0.18, 0.06, 0.03, 0.02, 8.84E-3, 5.21E-3, 3.16E-3, 1.95E-3, 1.23E-3, 7.81E-4])
(10357, 2, 1, 10, [0.18, 0.06, 0.03, 0.02, 8.84E-3, 5.21E-3, 3.16E-3, 1.95E-3, 1.23E-3, 7.81E-4])
(10369, 2, 1, 10, [5.71E-12, 0.06, 4.76E-12, 0.02, 5.99E-12, 5.21E-3, 8.67E-12, 1.95E-3, 1.35E-11, 7.81E-4])
(10391, 2, 1, 10, [0.18, 0.06, 0.03, 0.02, 8.84E-3, 5.21E-3, 3.16E-3, 1.95E-3, 1.23E-3, 7.81E-4])
(10399, 2, 1, 10, [0.18, 0.06, 0.03, 0.02, 8.84E-3, 5.21E-3, 3.16E-3, 1.95E-3, 1.23E-3, 7.81E-4])
(10427, 2, 1, 10, [0.18, 0.06, 0.03, 0.02, 8.84E-3, 5.21E-3, 3.16E-3, 1.95E-3, 1.23E-3, 7.81E-4])
(10429, 2, 1, 10, [0.18, 0.06, 0.03, 0.02, 8.84E-3, 5.21E-3, 3.16E-3, 1.95E-3, 1.23E-3, 7.81E-4])
(10433, 2, 1, 10, [1.87E-12, 0.06, 1.56E-12, 0.02, 1.96E-12, 5.21E-3, 2.84E-12, 1.95E-3, 4.42E-12, 7.81E-4])
(10453, 2, 1, 10, [0.18, 0.06, 0.03, 0.02, 8.84E-3, 5.21E-3, 3.16E-3, 1.95E-3, 1.23E-3, 7.81E-4])
(10457, 2, 1, 10, [1.86E-12, 0.06, 1.55E-12, 0.02, 1.95E-12, 5.21E-3, 2.82E-12, 1.95E-3, 4.39E-12, 7.81E-4])
(10459, 2, 1, 10, [0.18, 0.06, 0.03, 0.02, 8.84E-3, 5.21E-3, 3.16E-3, 1.95E-3, 1.23E-3, 7.81E-4])
(10463, 2, 1, 10, [0.18, 0.06, 0.03, 0.02, 8.84E-3, 5.21E-3, 3.16E-3, 1.95E-3, 1.23E-3, 7.81E-4])
(10477, 2, 1, 10, [0.18, 0.06, 0.03, 0.02, 8.84E-3, 5.21E-3, 3.16E-3, 1.95E-3, 1.23E-3, 7.81E-4])
(10487, 2, 1, 10, [0.18, 0.06, 0.03, 0.02, 8.84E-3, 5.21E-3, 3.16E-3, 1.95E-3, 1.23E-3, 7.81E-4])
(10499, 2, 1, 10, [0.18, 0.06, 0.03, 0.02, 8.84E-3, 5.21E-3, 3.16E-3, 1.95E-3, 1.23E-3, 7.81E-4])
(10501, 2, 1, 10, [0.18, 0.06, 0.03, 0.02, 8.84E-3, 5.21E-3, 3.16E-3, 1.95E-3, 1.23E-3, 7.81E-4])
(10513, 2, 1, 10, [5.48E-12, 0.06, 4.56E-12, 0.02, 5.75E-12, 5.21E-3, 8.31E-12, 1.95E-3, 1.30E-11, 7.81E-4])
(10529, 2, 1, 10, [1.82E-12, 0.06, 1.51E-12, 0.02, 1.91E-12, 5.21E-3, 2.76E-12, 1.95E-3, 4.30E-12, 7.81E-4])
(10531, 2, 1, 10, [0.18, 0.06, 0.03, 0.02, 8.84E-3, 5.21E-3, 3.16E-3, 1.95E-3, 1.23E-3, 7.81E-4])
(10559, 2, 1, 10, [0.18, 0.06, 0.03, 0.02, 8.84E-3, 5.21E-3, 3.16E-3, 1.95E-3, 1.23E-3, 7.81E-4])
(10567, 2, 1, 10, [0.18, 0.06, 0.03, 0.02, 8.84E-3, 5.21E-3, 3.16E-3, 1.95E-3, 1.23E-3, 7.81E-4])
(10589, 2, 1, 10, [0.18, 0.06, 0.03, 0.02, 8.84E-3, 5.21E-3, 3.16E-3, 1.95E-3, 1.23E-3, 7.81E-4])
(10597, 2, 1, 10, [0.18, 0.06, 0.03, 0.02, 8.84E-3, 5.21E-3, 3.16E-3, 1.95E-3, 1.23E-3, 7.81E-4])
(10601, 2, 1, 10, [1.78E-12, 0.06, 1.48E-12, 0.02, 1.87E-12, 5.21E-3, 2.70E-12, 1.95E-3, 4.22E-12, 7.81E-4])
(10607, 2, 1, 10, [0.18, 0.06, 0.03, 0.02, 8.84E-3, 5.21E-3, 3.16E-3, 1.95E-3, 1.23E-3, 7.81E-4])
(10613, 2, 1, 10, [0.18, 0.06, 0.03, 0.02, 8.84E-3, 5.21E-3, 3.16E-3, 1.95E-3, 1.23E-3, 7.81E-4])
(10627, 2, 1, 10, [0.18, 0.06, 0.03, 0.02, 8.84E-3, 5.21E-3, 3.16E-3, 1.95E-3, 1.23E-3, 7.81E-4])
(10631, 2, 1, 10, [0.18, 0.06, 0.03, 0.02, 8.84E-3, 5.21E-3, 3.16E-3, 1.95E-3, 1.23E-3, 7.81E-4])
(10639, 2, 1, 10, [0.18, 0.06, 0.03, 0.02, 8.84E-3, 5.21E-3, 3.16E-3, 1.95E-3, 1.23E-3, 7.81E-4])
(10651, 2, 1, 10, [0.18, 0.06, 0.03, 0.02, 8.84E-3, 5.21E-3, 3.16E-3, 1.95E-3, 1.23E-3, 7.81E-4])
(10657, 2, 1, 10, [5.26E-12, 0.06, 4.38E-12, 0.02, 5.52E-12, 5.21E-3, 7.98E-12, 1.95E-3, 1.25E-11, 7.81E-4])
(10663, 2, 1, 10, [0.18, 0.06, 0.03, 0.02, 8.84E-3, 5.21E-3, 3.16E-3, 1.95E-3, 1.23E-3, 7.81E-4])
(10667, 2, 1, 10, [0.18, 0.06, 0.03, 0.02, 8.84E-3, 5.21E-3, 3.16E-3, 1.95E-3, 1.23E-3, 7.81E-4])
(10687, 2, 1, 10, [0.18, 0.06, 0.03, 0.02, 8.84E-3, 5.21E-3, 3.16E-3, 1.95E-3, 1.23E-3, 7.81E-4])
(10691, 2, 1, 10, [0.18, 0.06, 0.03, 0.02, 8.84E-3, 5.21E-3, 3.16E-3, 1.95E-3, 1.23E-3, 7.81E-4])
(10709, 2, 1, 10, [0.18, 0.06, 0.03, 0.02, 8.84E-3, 5.21E-3, 3.16E-3, 1.95E-3, 1.23E-3, 7.81E-4])
(10711, 2, 1, 10, [0.18, 0.06, 0.03, 0.02, 8.84E-3, 5.21E-3, 3.16E-3, 1.95E-3, 1.23E-3, 7.81E-4])
(10723, 2, 1, 10, [0.18, 0.06, 0.03, 0.02, 8.84E-3, 5.21E-3, 3.16E-3, 1.95E-3, 1.23E-3, 7.81E-4])
(10729, 2, 1, 10, [0.35, 0.19, 0.12, 0.08, 0.05, 0.04, 0.03, 0.02, 0.01, 8.59E-3])
(10733, 2, 1, 10, [0.18, 0.06, 0.03, 0.02, 8.84E-3, 5.21E-3, 3.16E-3, 1.95E-3, 1.23E-3, 7.81E-4])
(10739, 2, 1, 10, [0.18, 0.06, 0.03, 0.02, 8.84E-3, 5.21E-3, 3.16E-3, 1.95E-3, 1.23E-3, 7.81E-4])
(10753, 2, 1, 10, [5.12E-12, 0.06, 4.27E-12, 0.02, 5.37E-12, 5.21E-3, 7.77E-12, 1.95E-3, 1.21E-11, 7.81E-4])
(10771, 2, 1, 10, [0.18, 0.06, 0.03, 0.02, 8.84E-3, 5.21E-3, 3.16E-3, 1.95E-3, 1.23E-3, 7.81E-4])
(10781, 2, 1, 10, [0.18, 0.06, 0.03, 0.02, 8.84E-3, 5.21E-3, 3.16E-3, 1.95E-3, 1.23E-3, 7.81E-4])
(10789, 2, 1, 10, [0.18, 0.06, 0.03, 0.02, 8.84E-3, 5.21E-3, 3.16E-3, 1.95E-3, 1.23E-3, 7.81E-4])
(10799, 2, 1, 10, [0.18, 0.06, 0.03, 0.02, 8.84E-3, 5.21E-3, 3.16E-3, 1.95E-3, 1.23E-3, 7.81E-4])
(10831, 2, 1, 10, [0.18, 0.06, 0.03, 0.02, 8.84E-3, 5.21E-3, 3.16E-3, 1.95E-3, 1.23E-3, 7.81E-4])
(10837, 2, 1, 10, [0.18, 0.06, 0.03, 0.02, 8.84E-3, 5.21E-3, 3.16E-3, 1.95E-3, 1.23E-3, 7.81E-4])
(10847, 2, 1, 10, [0.18, 0.06, 0.03, 0.02, 8.84E-3, 5.21E-3, 3.16E-3, 1.95E-3, 1.23E-3, 7.81E-4])
(10853, 2, 1, 10, [0.18, 0.06, 0.03, 0.02, 8.84E-3, 5.21E-3, 3.16E-3, 1.95E-3, 1.23E-3, 7.81E-4])
(10859, 2, 1, 10, [0.18, 0.06, 0.03, 0.02, 8.84E-3, 5.21E-3, 3.16E-3, 1.95E-3, 1.23E-3, 7.81E-4])
(10861, 2, 1, 10, [0.18, 0.06, 0.03, 0.02, 8.84E-3, 5.21E-3, 3.16E-3, 1.95E-3, 1.23E-3, 7.81E-4])
(10867, 2, 1, 10, [0.18, 0.06, 0.03, 0.02, 8.84E-3, 5.21E-3, 3.16E-3, 1.95E-3, 1.23E-3, 7.81E-4])
(10883, 2, 1, 10, [0.18, 0.06, 0.03, 0.02, 8.84E-3, 5.21E-3, 3.16E-3, 1.95E-3, 1.23E-3, 7.81E-4])
(10889, 2, 1, 10, [1.64E-12, 0.06, 1.37E-12, 0.02, 1.73E-12, 5.21E-3, 2.49E-12, 1.95E-3, 3.89E-12, 7.81E-4])
(10891, 2, 1, 10, [0.18, 0.06, 0.03, 0.02, 8.84E-3, 5.21E-3, 3.16E-3, 1.95E-3, 1.23E-3, 7.81E-4])
(10903, 2, 1, 10, [0.18, 0.06, 0.03, 0.02, 8.84E-3, 5.21E-3, 3.16E-3, 1.95E-3, 1.23E-3, 7.81E-4])
(10909, 2, 1, 10, [0.18, 0.06, 0.03, 0.02, 8.84E-3, 5.21E-3, 3.16E-3, 1.95E-3, 1.23E-3, 7.81E-4])
(10937, 2, 1, 10, [1.62E-12, 0.06, 1.35E-12, 0.02, 1.70E-12, 5.21E-3, 2.46E-12, 1.95E-3, 3.84E-12, 7.81E-4])
(10939, 2, 1, 10, [0.18, 0.06, 0.03, 0.02, 8.84E-3, 5.21E-3, 3.16E-3, 1.95E-3, 1.23E-3, 7.81E-4])
(10949, 2, 1, 10, [0.18, 0.06, 0.03, 0.02, 8.84E-3, 5.21E-3, 3.16E-3, 1.95E-3, 1.23E-3, 7.81E-4])
(10957, 2, 1, 10, [0.18, 0.06, 0.03, 0.02, 8.84E-3, 5.21E-3, 3.16E-3, 1.95E-3, 1.23E-3, 7.81E-4])
(10973, 2, 1, 10, [0.18, 0.06, 0.03, 0.02, 8.84E-3, 5.21E-3, 3.16E-3, 1.95E-3, 1.23E-3, 7.81E-4])
(10979, 2, 1, 10, [0.18, 0.06, 0.03, 0.02, 8.84E-3, 5.21E-3, 3.16E-3, 1.95E-3, 1.23E-3, 7.81E-4])
(10987, 2, 1, 10, [0.18, 0.06, 0.03, 0.02, 8.84E-3, 5.21E-3, 3.16E-3, 1.95E-3, 1.23E-3, 7.81E-4])
(10993, 2, 1, 10, [4.79E-12, 0.06, 3.99E-12, 0.02, 5.03E-12, 5.21E-3, 7.27E-12, 1.95E-3, 1.13E-11, 7.81E-4])
(11003, 2, 1, 10, [0.18, 0.06, 0.03, 0.02, 8.84E-3, 5.21E-3, 3.16E-3, 1.95E-3, 1.23E-3, 7.81E-4])
(11027, 2, 1, 10, [0.18, 0.06, 0.03, 0.02, 8.84E-3, 5.21E-3, 3.16E-3, 1.95E-3, 1.23E-3, 7.81E-4])
(11047, 2, 1, 10, [0.18, 0.06, 0.03, 0.02, 8.84E-3, 5.21E-3, 3.16E-3, 1.95E-3, 1.23E-3, 7.81E-4])
(11057, 2, 1, 10, [1.57E-12, 0.06, 1.31E-12, 0.02, 1.65E-12, 5.21E-3, 2.38E-12, 1.95E-3, 3.72E-12, 7.81E-4])
(11059, 2, 1, 10, [0.18, 0.06, 0.03, 0.02, 8.84E-3, 5.21E-3, 3.16E-3, 1.95E-3, 1.23E-3, 7.81E-4])
(11069, 2, 1, 10, [0.18, 0.06, 0.03, 0.02, 8.84E-3, 5.21E-3, 3.16E-3, 1.95E-3, 1.23E-3, 7.81E-4])
(11071, 2, 1, 10, [0.18, 0.06, 0.03, 0.02, 8.84E-3, 5.21E-3, 3.16E-3, 1.95E-3, 1.23E-3, 7.81E-4])
(11083, 2, 1, 10, [0.18, 0.06, 0.03, 0.02, 8.84E-3, 5.21E-3, 3.16E-3, 1.95E-3, 1.23E-3, 7.81E-4])
(11087, 2, 1, 10, [0.18, 0.06, 0.03, 0.02, 8.84E-3, 5.21E-3, 3.16E-3, 1.95E-3, 1.23E-3, 7.81E-4])
(11093, 2, 1, 10, [0.18, 0.06, 0.03, 0.02, 8.84E-3, 5.21E-3, 3.16E-3, 1.95E-3, 1.23E-3, 7.81E-4])
(11113, 2, 1, 10, [4.64E-12, 0.06, 3.86E-12, 0.02, 4.87E-12, 5.21E-3, 7.04E-12, 1.95E-3, 1.10E-11, 7.81E-4])
(11117, 2, 1, 10, [0.18, 0.06, 0.03, 0.02, 8.84E-3, 5.21E-3, 3.16E-3, 1.95E-3, 1.23E-3, 7.81E-4])
(11119, 2, 1, 10, [0.18, 0.06, 0.03, 0.02, 8.84E-3, 5.21E-3, 3.16E-3, 1.95E-3, 1.23E-3, 7.81E-4])
(11131, 2, 1, 10, [0.18, 0.06, 0.03, 0.02, 8.84E-3, 5.21E-3, 3.16E-3, 1.95E-3, 1.23E-3, 7.81E-4])
(11149, 2, 1, 10, [0.18, 0.06, 0.03, 0.02, 8.84E-3, 5.21E-3, 3.16E-3, 1.95E-3, 1.23E-3, 7.81E-4])
(11159, 2, 1, 10, [0.18, 0.06, 0.03, 0.02, 8.84E-3, 5.21E-3, 3.16E-3, 1.95E-3, 1.23E-3, 7.81E-4])
(11161, 2, 1, 10, [0.35, 0.19, 0.12, 0.08, 0.05, 0.04, 0.03, 0.02, 0.01, 8.59E-3])
(11171, 2, 1, 10, [0.18, 0.06, 0.03, 0.02, 8.84E-3, 5.21E-3, 3.16E-3, 1.95E-3, 1.23E-3, 7.81E-4])
(11173, 2, 1, 10, [0.18, 0.06, 0.03, 0.02, 8.84E-3, 5.21E-3, 3.16E-3, 1.95E-3, 1.23E-3, 7.81E-4])
(11177, 2, 1, 10, [1.52E-12, 0.06, 1.27E-12, 0.02, 1.60E-12, 5.21E-3, 2.31E-12, 1.95E-3, 3.60E-12, 7.81E-4])
(11197, 2, 1, 10, [0.18, 0.06, 0.03, 0.02, 8.84E-3, 5.21E-3, 3.16E-3, 1.95E-3, 1.23E-3, 7.81E-4])
(11213, 2, 1, 10, [0.18, 0.06, 0.03, 0.02, 8.84E-3, 5.21E-3, 3.16E-3, 1.95E-3, 1.23E-3, 7.81E-4])
(11239, 2, 1, 10, [0.18, 0.06, 0.03, 0.02, 8.84E-3, 5.21E-3, 3.16E-3, 1.95E-3, 1.23E-3, 7.81E-4])
(11243, 2, 1, 10, [0.18, 0.06, 0.03, 0.02, 8.84E-3, 5.21E-3, 3.16E-3, 1.95E-3, 1.23E-3, 7.81E-4])
(11251, 2, 1, 10, [0.18, 0.06, 0.03, 0.02, 8.84E-3, 5.21E-3, 3.16E-3, 1.95E-3, 1.23E-3, 7.81E-4])
(11257, 2, 1, 10, [4.46E-12, 0.06, 3.72E-12, 0.02, 4.68E-12, 5.21E-3, 6.77E-12, 1.95E-3, 1.06E-11, 7.81E-4])
(11261, 2, 1, 10, [0.18, 0.06, 0.03, 0.02, 8.84E-3, 5.21E-3, 3.16E-3, 1.95E-3, 1.23E-3, 7.81E-4])
(11273, 2, 1, 10, [1.48E-12, 0.06, 1.23E-12, 0.02, 1.55E-12, 5.21E-3, 2.25E-12, 1.95E-3, 3.51E-12, 7.81E-4])
(11279, 2, 1, 10, [0.18, 0.06, 0.03, 0.02, 8.84E-3, 5.21E-3, 3.16E-3, 1.95E-3, 1.23E-3, 7.81E-4])
(11287, 2, 1, 10, [0.18, 0.06, 0.03, 0.02, 8.84E-3, 5.21E-3, 3.16E-3, 1.95E-3, 1.23E-3, 7.81E-4])
(11299, 2, 1, 10, [0.18, 0.06, 0.03, 0.02, 8.84E-3, 5.21E-3, 3.16E-3, 1.95E-3, 1.23E-3, 7.81E-4])
(11311, 2, 1, 10, [0.18, 0.06, 0.03, 0.02, 8.84E-3, 5.21E-3, 3.16E-3, 1.95E-3, 1.23E-3, 7.81E-4])
(11317, 2, 1, 10, [0.18, 0.06, 0.03, 0.02, 8.84E-3, 5.21E-3, 3.16E-3, 1.95E-3, 1.23E-3, 7.81E-4])
(11321, 2, 1, 10, [1.46E-12, 0.06, 1.22E-12, 0.02, 1.54E-12, 5.21E-3, 2.22E-12, 1.95E-3, 3.46E-12, 7.81E-4])
(11329, 2, 1, 10, [0.35, 0.19, 0.12, 0.08, 0.05, 0.04, 0.03, 0.02, 0.01, 8.59E-3])
(11351, 2, 1, 10, [0.18, 0.06, 0.03, 0.02, 8.84E-3, 5.21E-3, 3.16E-3, 1.95E-3, 1.23E-3, 7.81E-4])
(11353, 2, 1, 10, [4.35E-12, 0.06, 3.62E-12, 0.02, 4.57E-12, 5.21E-3, 6.60E-12, 1.95E-3, 1.03E-11, 7.81E-4])
(11369, 2, 1, 10, [1.44E-12, 0.06, 1.20E-12, 0.02, 1.52E-12, 5.21E-3, 2.19E-12, 1.95E-3, 3.42E-12, 7.81E-4])
(11383, 2, 1, 10, [0.18, 0.06, 0.03, 0.02, 8.84E-3, 5.21E-3, 3.16E-3, 1.95E-3, 1.23E-3, 7.81E-4])
(11393, 2, 1, 10, [1.43E-12, 0.06, 1.20E-12, 0.02, 1.51E-12, 5.21E-3, 2.18E-12, 1.95E-3, 3.40E-12, 7.81E-4])
(11399, 2, 1, 10, [0.18, 0.06, 0.03, 0.02, 8.84E-3, 5.21E-3, 3.16E-3, 1.95E-3, 1.23E-3, 7.81E-4])
(11411, 2, 1, 10, [0.18, 0.06, 0.03, 0.02, 8.84E-3, 5.21E-3, 3.16E-3, 1.95E-3, 1.23E-3, 7.81E-4])
(11423, 2, 1, 10, [0.18, 0.06, 0.03, 0.02, 8.84E-3, 5.21E-3, 3.16E-3, 1.95E-3, 1.23E-3, 7.81E-4])
(11437, 2, 1, 10, [0.18, 0.06, 0.03, 0.02, 8.84E-3, 5.21E-3, 3.16E-3, 1.95E-3, 1.23E-3, 7.81E-4])
(11443, 2, 1, 10, [0.18, 0.06, 0.03, 0.02, 8.84E-3, 5.21E-3, 3.16E-3, 1.95E-3, 1.23E-3, 7.81E-4])
(11447, 2, 1, 10, [0.18, 0.06, 0.03, 0.02, 8.84E-3, 5.21E-3, 3.16E-3, 1.95E-3, 1.23E-3, 7.81E-4])
(11467, 2, 1, 10, [0.18, 0.06, 0.03, 0.02, 8.84E-3, 5.21E-3, 3.16E-3, 1.95E-3, 1.23E-3, 7.81E-4])
(11471, 2, 1, 10, [0.18, 0.06, 0.03, 0.02, 8.84E-3, 5.21E-3, 3.16E-3, 1.95E-3, 1.23E-3, 7.81E-4])
(11483, 2, 1, 10, [0.18, 0.06, 0.03, 0.02, 8.84E-3, 5.21E-3, 3.16E-3, 1.95E-3, 1.23E-3, 7.81E-4])
(11489, 2, 1, 10, [1.40E-12, 0.06, 1.17E-12, 0.02, 1.47E-12, 5.21E-3, 2.12E-12, 1.95E-3, 3.31E-12, 7.81E-4])
(11491, 2, 1, 10, [0.18, 0.06, 0.03, 0.02, 8.84E-3, 5.21E-3, 3.16E-3, 1.95E-3, 1.23E-3, 7.81E-4])
(11497, 2, 1, 10, [4.19E-12, 0.06, 3.49E-12, 0.02, 4.40E-12, 5.21E-3, 6.36E-12, 1.95E-3, 9.92E-12, 7.81E-4])
(11503, 2, 1, 10, [0.18, 0.06, 0.03, 0.02, 8.84E-3, 5.21E-3, 3.16E-3, 1.95E-3, 1.23E-3, 7.81E-4])
(11519, 2, 1, 10, [0.18, 0.06, 0.03, 0.02, 8.84E-3, 5.21E-3, 3.16E-3, 1.95E-3, 1.23E-3, 7.81E-4])
(11527, 2, 1, 10, [0.18, 0.06, 0.03, 0.02, 8.84E-3, 5.21E-3, 3.16E-3, 1.95E-3, 1.23E-3, 7.81E-4])
(11549, 2, 1, 10, [0.18, 0.06, 0.03, 0.02, 8.84E-3, 5.21E-3, 3.16E-3, 1.95E-3, 1.23E-3, 7.81E-4])
(11551, 2, 1, 10, [0.18, 0.06, 0.03, 0.02, 8.84E-3, 5.21E-3, 3.16E-3, 1.95E-3, 1.23E-3, 7.81E-4])
(11579, 2, 1, 10, [0.18, 0.06, 0.03, 0.02, 8.84E-3, 5.21E-3, 3.16E-3, 1.95E-3, 1.23E-3, 7.81E-4])
(11587, 2, 1, 10, [0.18, 0.06, 0.03, 0.02, 8.84E-3, 5.21E-3, 3.16E-3, 1.95E-3, 1.23E-3, 7.81E-4])
(11593, 2, 1, 10, [4.08E-12, 0.06, 3.40E-12, 0.02, 4.29E-12, 5.21E-3, 6.20E-12, 1.95E-3, 9.67E-12, 7.81E-4])
(11597, 2, 1, 10, [0.18, 0.06, 0.03, 0.02, 8.84E-3, 5.21E-3, 3.16E-3, 1.95E-3, 1.23E-3, 7.81E-4])
(11617, 2, 1, 10, [4.06E-12, 0.06, 3.38E-12, 0.02, 4.26E-12, 5.21E-3, 6.16E-12, 1.95E-3, 9.61E-12, 7.81E-4])
(11621, 2, 1, 10, [0.18, 0.06, 0.03, 0.02, 8.84E-3, 5.21E-3, 3.16E-3, 1.95E-3, 1.23E-3, 7.81E-4])
(11633, 2, 1, 10, [1.35E-12, 0.06, 1.12E-12, 0.02, 1.42E-12, 5.21E-3, 2.05E-12, 1.95E-3, 3.19E-12, 7.81E-4])
(11657, 2, 1, 10, [1.34E-12, 0.06, 1.12E-12, 0.02, 1.41E-12, 5.21E-3, 2.03E-12, 1.95E-3, 3.17E-12, 7.81E-4])
(11677, 2, 1, 10, [0.18, 0.06, 0.03, 0.02, 8.84E-3, 5.21E-3, 3.16E-3, 1.95E-3, 1.23E-3, 7.81E-4])
(11681, 2, 1, 10, [1.33E-12, 0.06, 1.11E-12, 0.02, 1.40E-12, 5.21E-3, 2.02E-12, 1.95E-3, 3.15E-12, 7.81E-4])
(11689, 2, 1, 10, [0.35, 0.19, 0.12, 0.08, 0.05, 0.04, 0.03, 0.02, 0.01, 8.59E-3])
(11699, 2, 1, 10, [0.18, 0.06, 0.03, 0.02, 8.84E-3, 5.21E-3, 3.16E-3, 1.95E-3, 1.23E-3, 7.81E-4])
(11701, 2, 1, 10, [0.18, 0.06, 0.03, 0.02, 8.84E-3, 5.21E-3, 3.16E-3, 1.95E-3, 1.23E-3, 7.81E-4])
(11717, 2, 1, 10, [0.18, 0.06, 0.03, 0.02, 8.84E-3, 5.21E-3, 3.16E-3, 1.95E-3, 1.23E-3, 7.81E-4])
(11719, 2, 1, 10, [0.18, 0.06, 0.03, 0.02, 8.84E-3, 5.21E-3, 3.16E-3, 1.95E-3, 1.23E-3, 7.81E-4])
(11731, 2, 1, 10, [0.18, 0.06, 0.03, 0.02, 8.84E-3, 5.21E-3, 3.16E-3, 1.95E-3, 1.23E-3, 7.81E-4])
(11743, 2, 1, 10, [0.18, 0.06, 0.03, 0.02, 8.84E-3, 5.21E-3, 3.16E-3, 1.95E-3, 1.23E-3, 7.81E-4])
(11777, 2, 1, 10, [1.30E-12, 0.06, 1.08E-12, 0.02, 1.36E-12, 5.21E-3, 1.97E-12, 1.95E-3, 3.08E-12, 7.81E-4])
(11779, 2, 1, 10, [0.18, 0.06, 0.03, 0.02, 8.84E-3, 5.21E-3, 3.16E-3, 1.95E-3, 1.23E-3, 7.81E-4])
(11783, 2, 1, 10, [0.18, 0.06, 0.03, 0.02, 8.84E-3, 5.21E-3, 3.16E-3, 1.95E-3, 1.23E-3, 7.81E-4])
(11789, 2, 1, 10, [0.18, 0.06, 0.03, 0.02, 8.84E-3, 5.21E-3, 3.16E-3, 1.95E-3, 1.23E-3, 7.81E-4])
(11801, 2, 1, 10, [1.29E-12, 0.06, 1.08E-12, 0.02, 1.36E-12, 5.21E-3, 1.96E-12, 1.95E-3, 3.06E-12, 7.81E-4])
(11807, 2, 1, 10, [0.18, 0.06, 0.03, 0.02, 8.84E-3, 5.21E-3, 3.16E-3, 1.95E-3, 1.23E-3, 7.81E-4])
(11813, 2, 1, 10, [0.18, 0.06, 0.03, 0.02, 8.84E-3, 5.21E-3, 3.16E-3, 1.95E-3, 1.23E-3, 7.81E-4])
(11821, 2, 1, 10, [0.18, 0.06, 0.03, 0.02, 8.84E-3, 5.21E-3, 3.16E-3, 1.95E-3, 1.23E-3, 7.81E-4])
(11827, 2, 1, 10, [0.18, 0.06, 0.03, 0.02, 8.84E-3, 5.21E-3, 3.16E-3, 1.95E-3, 1.23E-3, 7.81E-4])
(11831, 2, 1, 10, [0.18, 0.06, 0.03, 0.02, 8.84E-3, 5.21E-3, 3.16E-3, 1.95E-3, 1.23E-3, 7.81E-4])
(11833, 2, 1, 10, [3.84E-12, 0.06, 3.20E-12, 0.02, 4.03E-12, 5.21E-3, 5.83E-12, 1.95E-3, 9.10E-12, 7.81E-4])
(11839, 2, 1, 10, [0.18, 0.06, 0.03, 0.02, 8.84E-3, 5.21E-3, 3.16E-3, 1.95E-3, 1.23E-3, 7.81E-4])
(11863, 2, 1, 10, [0.18, 0.06, 0.03, 0.02, 8.84E-3, 5.21E-3, 3.16E-3, 1.95E-3, 1.23E-3, 7.81E-4])
(11867, 2, 1, 10, [0.18, 0.06, 0.03, 0.02, 8.84E-3, 5.21E-3, 3.16E-3, 1.95E-3, 1.23E-3, 7.81E-4])
(11887, 2, 1, 10, [0.18, 0.06, 0.03, 0.02, 8.84E-3, 5.21E-3, 3.16E-3, 1.95E-3, 1.23E-3, 7.81E-4])
(11897, 2, 1, 10, [1.26E-12, 0.06, 1.05E-12, 0.02, 1.32E-12, 5.21E-3, 1.91E-12, 1.95E-3, 2.98E-12, 7.81E-4])
(11903, 2, 1, 10, [0.18, 0.06, 0.03, 0.02, 8.84E-3, 5.21E-3, 3.16E-3, 1.95E-3, 1.23E-3, 7.81E-4])
(11909, 2, 1, 10, [0.18, 0.06, 0.03, 0.02, 8.84E-3, 5.21E-3, 3.16E-3, 1.95E-3, 1.23E-3, 7.81E-4])
(11923, 2, 1, 10, [0.18, 0.06, 0.03, 0.02, 8.84E-3, 5.21E-3, 3.16E-3, 1.95E-3, 1.23E-3, 7.81E-4])
(11927, 2, 1, 10, [0.18, 0.06, 0.03, 0.02, 8.84E-3, 5.21E-3, 3.16E-3, 1.95E-3, 1.23E-3, 7.81E-4])
(11933, 2, 1, 10, [0.18, 0.06, 0.03, 0.02, 8.84E-3, 5.21E-3, 3.16E-3, 1.95E-3, 1.23E-3, 7.81E-4])
(11939, 2, 1, 10, [0.18, 0.06, 0.03, 0.02, 8.84E-3, 5.21E-3, 3.16E-3, 1.95E-3, 1.23E-3, 7.81E-4])
(11941, 2, 1, 10, [0.18, 0.06, 0.03, 0.02, 8.84E-3, 5.21E-3, 3.16E-3, 1.95E-3, 1.23E-3, 7.81E-4])
(11953, 2, 1, 10, [3.73E-12, 0.06, 3.11E-12, 0.02, 3.91E-12, 5.21E-3, 5.66E-12, 1.95E-3, 8.83E-12, 7.81E-4])
(11959, 2, 1, 10, [0.18, 0.06, 0.03, 0.02, 8.84E-3, 5.21E-3, 3.16E-3, 1.95E-3, 1.23E-3, 7.81E-4])
(11969, 2, 1, 10, [1.24E-12, 0.06, 1.03E-12, 0.02, 1.30E-12, 5.21E-3, 1.88E-12, 1.95E-3, 2.93E-12, 7.81E-4])
(11971, 2, 1, 10, [0.18, 0.06, 0.03, 0.02, 8.84E-3, 5.21E-3, 3.16E-3, 1.95E-3, 1.23E-3, 7.81E-4])
(11981, 2, 1, 10, [0.18, 0.06, 0.03, 0.02, 8.84E-3, 5.21E-3, 3.16E-3, 1.95E-3, 1.23E-3, 7.81E-4])
(11987, 2, 1, 10, [0.18, 0.06, 0.03, 0.02, 8.84E-3, 5.21E-3, 3.16E-3, 1.95E-3, 1.23E-3, 7.81E-4])
(12007, 2, 1, 10, [0.18, 0.06, 0.03, 0.02, 8.84E-3, 5.21E-3, 3.16E-3, 1.95E-3, 1.23E-3, 7.81E-4])
(12011, 2, 1, 10, [0.18, 0.06, 0.03, 0.02, 8.84E-3, 5.21E-3, 3.16E-3, 1.95E-3, 1.23E-3, 7.81E-4])
(12037, 2, 1, 10, [0.18, 0.06, 0.03, 0.02, 8.84E-3, 5.21E-3, 3.16E-3, 1.95E-3, 1.23E-3, 7.81E-4])
(12041, 2, 1, 10, [1.22E-12, 0.06, 1.01E-12, 0.02, 1.28E-12, 5.21E-3, 1.84E-12, 1.95E-3, 2.88E-12, 7.81E-4])
(12043, 2, 1, 10, [0.18, 0.06, 0.03, 0.02, 8.84E-3, 5.21E-3, 3.16E-3, 1.95E-3, 1.23E-3, 7.81E-4])
(12049, 2, 1, 10, [3.64E-12, 0.06, 3.03E-12, 0.02, 3.82E-12, 5.21E-3, 5.52E-12, 1.95E-3, 8.62E-12, 7.81E-4])
(12071, 2, 1, 10, [0.18, 0.06, 0.03, 0.02, 8.84E-3, 5.21E-3, 3.16E-3, 1.95E-3, 1.23E-3, 7.81E-4])
(12073, 2, 1, 10, [3.62E-12, 0.06, 3.01E-12, 0.02, 3.80E-12, 5.21E-3, 5.49E-12, 1.95E-3, 8.56E-12, 7.81E-4])
(12097, 2, 1, 10, [3.60E-12, 0.06, 3.00E-12, 0.02, 3.78E-12, 5.21E-3, 5.46E-12, 1.95E-3, 8.51E-12, 7.81E-4])
(12101, 2, 1, 10, [0.18, 0.06, 0.03, 0.02, 8.84E-3, 5.21E-3, 3.16E-3, 1.95E-3, 1.23E-3, 7.81E-4])
(12107, 2, 1, 10, [0.18, 0.06, 0.03, 0.02, 8.84E-3, 5.21E-3, 3.16E-3, 1.95E-3, 1.23E-3, 7.81E-4])
(12109, 2, 1, 10, [0.18, 0.06, 0.03, 0.02, 8.84E-3, 5.21E-3, 3.16E-3, 1.95E-3, 1.23E-3, 7.81E-4])
(12113, 2, 1, 10, [1.19E-12, 0.06, 9.95E-13, 0.02, 1.25E-12, 5.21E-3, 1.81E-12, 1.95E-3, 2.83E-12, 7.81E-4])
(12119, 2, 1, 10, [0.18, 0.06, 0.03, 0.02, 8.84E-3, 5.21E-3, 3.16E-3, 1.95E-3, 1.23E-3, 7.81E-4])
(12143, 2, 1, 10, [0.18, 0.06, 0.03, 0.02, 8.84E-3, 5.21E-3, 3.16E-3, 1.95E-3, 1.23E-3, 7.81E-4])
(12149, 2, 1, 10, [0.18, 0.06, 0.03, 0.02, 8.84E-3, 5.21E-3, 3.16E-3, 1.95E-3, 1.23E-3, 7.81E-4])
(12157, 2, 1, 10, [0.18, 0.06, 0.03, 0.02, 8.84E-3, 5.21E-3, 3.16E-3, 1.95E-3, 1.23E-3, 7.81E-4])
(12161, 2, 1, 10, [1.18E-12, 0.06, 9.83E-13, 0.02, 1.24E-12, 5.21E-3, 1.79E-12, 1.95E-3, 2.79E-12, 7.81E-4])
(12163, 2, 1, 10, [0.18, 0.06, 0.03, 0.02, 8.84E-3, 5.21E-3, 3.16E-3, 1.95E-3, 1.23E-3, 7.81E-4])
(12197, 2, 1, 10, [0.18, 0.06, 0.03, 0.02, 8.84E-3, 5.21E-3, 3.16E-3, 1.95E-3, 1.23E-3, 7.81E-4])
(12203, 2, 1, 10, [0.18, 0.06, 0.03, 0.02, 8.84E-3, 5.21E-3, 3.16E-3, 1.95E-3, 1.23E-3, 7.81E-4])
(12211, 2, 1, 10, [0.18, 0.06, 0.03, 0.02, 8.84E-3, 5.21E-3, 3.16E-3, 1.95E-3, 1.23E-3, 7.81E-4])
(12227, 2, 1, 10, [0.18, 0.06, 0.03, 0.02, 8.84E-3, 5.21E-3, 3.16E-3, 1.95E-3, 1.23E-3, 7.81E-4])
(12239, 2, 1, 10, [0.18, 0.06, 0.03, 0.02, 8.84E-3, 5.21E-3, 3.16E-3, 1.95E-3, 1.23E-3, 7.81E-4])
(12241, 2, 1, 10, [0.35, 0.19, 0.12, 0.08, 0.05, 0.04, 0.03, 0.02, 0.01, 8.59E-3])
(12251, 2, 1, 10, [0.18, 0.06, 0.03, 0.02, 8.84E-3, 5.21E-3, 3.16E-3, 1.95E-3, 1.23E-3, 7.81E-4])
(12253, 2, 1, 10, [0.18, 0.06, 0.03, 0.02, 8.84E-3, 5.21E-3, 3.16E-3, 1.95E-3, 1.23E-3, 7.81E-4])
(12263, 2, 1, 10, [0.18, 0.06, 0.03, 0.02, 8.84E-3, 5.21E-3, 3.16E-3, 1.95E-3, 1.23E-3, 7.81E-4])
(12269, 2, 1, 10, [0.18, 0.06, 0.03, 0.02, 8.84E-3, 5.21E-3, 3.16E-3, 1.95E-3, 1.23E-3, 7.81E-4])
(12277, 2, 1, 10, [0.18, 0.06, 0.03, 0.02, 8.84E-3, 5.21E-3, 3.16E-3, 1.95E-3, 1.23E-3, 7.81E-4])
(12281, 2, 1, 10, [1.15E-12, 0.06, 9.54E-13, 0.02, 1.20E-12, 5.21E-3, 1.74E-12, 1.95E-3, 2.71E-12, 7.81E-4])
(12289, 2, 1, 10, [3.43E-12, 0.06, 2.86E-12, 0.02, 3.60E-12, 5.21E-3, 5.21E-12, 1.95E-3, 8.12E-12, 7.81E-4])
(12301, 2, 1, 10, [0.18, 0.06, 0.03, 0.02, 8.84E-3, 5.21E-3, 3.16E-3, 1.95E-3, 1.23E-3, 7.81E-4])
(12323, 2, 1, 10, [0.18, 0.06, 0.03, 0.02, 8.84E-3, 5.21E-3, 3.16E-3, 1.95E-3, 1.23E-3, 7.81E-4])
(12329, 2, 1, 10, [1.13E-12, 0.06, 9.43E-13, 0.02, 1.19E-12, 5.21E-3, 1.72E-12, 1.95E-3, 2.68E-12, 7.81E-4])
(12343, 2, 1, 10, [0.18, 0.06, 0.03, 0.02, 8.84E-3, 5.21E-3, 3.16E-3, 1.95E-3, 1.23E-3, 7.81E-4])
(12347, 2, 1, 10, [0.18, 0.06, 0.03, 0.02, 8.84E-3, 5.21E-3, 3.16E-3, 1.95E-3, 1.23E-3, 7.81E-4])
(12373, 2, 1, 10, [0.18, 0.06, 0.03, 0.02, 8.84E-3, 5.21E-3, 3.16E-3, 1.95E-3, 1.23E-3, 7.81E-4])
(12377, 2, 1, 10, [1.12E-12, 0.06, 9.32E-13, 0.02, 1.17E-12, 5.21E-3, 1.70E-12, 1.95E-3, 2.65E-12, 7.81E-4])
(12379, 2, 1, 10, [0.18, 0.06, 0.03, 0.02, 8.84E-3, 5.21E-3, 3.16E-3, 1.95E-3, 1.23E-3, 7.81E-4])
(12391, 2, 1, 10, [0.18, 0.06, 0.03, 0.02, 8.84E-3, 5.21E-3, 3.16E-3, 1.95E-3, 1.23E-3, 7.81E-4])
(12401, 2, 1, 10, [1.11E-12, 0.06, 9.27E-13, 0.02, 1.17E-12, 5.21E-3, 1.69E-12, 1.95E-3, 2.63E-12, 7.81E-4])
(12409, 2, 1, 10, [0.35, 0.19, 0.12, 0.08, 0.05, 0.04, 0.03, 0.02, 0.01, 8.59E-3])
(12413, 2, 1, 10, [0.18, 0.06, 0.03, 0.02, 8.84E-3, 5.21E-3, 3.16E-3, 1.95E-3, 1.23E-3, 7.81E-4])
(12421, 2, 1, 10, [0.18, 0.06, 0.03, 0.02, 8.84E-3, 5.21E-3, 3.16E-3, 1.95E-3, 1.23E-3, 7.81E-4])
(12433, 2, 1, 10, [3.31E-12, 0.06, 2.76E-12, 0.02, 3.48E-12, 5.21E-3, 5.03E-12, 1.95E-3, 7.84E-12, 7.81E-4])
(12437, 2, 1, 10, [0.18, 0.06, 0.03, 0.02, 8.84E-3, 5.21E-3, 3.16E-3, 1.95E-3, 1.23E-3, 7.81E-4])
(12451, 2, 1, 10, [0.18, 0.06, 0.03, 0.02, 8.84E-3, 5.21E-3, 3.16E-3, 1.95E-3, 1.23E-3, 7.81E-4])
(12457, 2, 1, 10, [3.29E-12, 0.06, 2.74E-12, 0.02, 3.46E-12, 5.21E-3, 5.00E-12, 1.95E-3, 7.80E-12, 7.81E-4])
(12473, 2, 1, 10, [1.09E-12, 0.06, 9.11E-13, 0.02, 1.15E-12, 5.21E-3, 1.66E-12, 1.95E-3, 2.59E-12, 7.81E-4])
(12479, 2, 1, 10, [0.18, 0.06, 0.03, 0.02, 8.84E-3, 5.21E-3, 3.16E-3, 1.95E-3, 1.23E-3, 7.81E-4])
(12487, 2, 1, 10, [0.18, 0.06, 0.03, 0.02, 8.84E-3, 5.21E-3, 3.16E-3, 1.95E-3, 1.23E-3, 7.81E-4])
(12491, 2, 1, 10, [0.18, 0.06, 0.03, 0.02, 8.84E-3, 5.21E-3, 3.16E-3, 1.95E-3, 1.23E-3, 7.81E-4])
(12497, 2, 1, 10, [1.09E-12, 0.06, 9.06E-13, 0.02, 1.14E-12, 5.21E-3, 1.65E-12, 1.95E-3, 2.57E-12, 7.81E-4])
(12503, 2, 1, 10, [0.18, 0.06, 0.03, 0.02, 8.84E-3, 5.21E-3, 3.16E-3, 1.95E-3, 1.23E-3, 7.81E-4])
(12511, 2, 1, 10, [0.18, 0.06, 0.03, 0.02, 8.84E-3, 5.21E-3, 3.16E-3, 1.95E-3, 1.23E-3, 7.81E-4])
(12517, 2, 1, 10, [0.18, 0.06, 0.03, 0.02, 8.84E-3, 5.21E-3, 3.16E-3, 1.95E-3, 1.23E-3, 7.81E-4])
(12527, 2, 1, 10, [0.18, 0.06, 0.03, 0.02, 8.84E-3, 5.21E-3, 3.16E-3, 1.95E-3, 1.23E-3, 7.81E-4])
(12539, 2, 1, 10, [0.18, 0.06, 0.03, 0.02, 8.84E-3, 5.21E-3, 3.16E-3, 1.95E-3, 1.23E-3, 7.81E-4])
(12541, 2, 1, 10, [0.18, 0.06, 0.03, 0.02, 8.84E-3, 5.21E-3, 3.16E-3, 1.95E-3, 1.23E-3, 7.81E-4])
(12547, 2, 1, 10, [0.18, 0.06, 0.03, 0.02, 8.84E-3, 5.21E-3, 3.16E-3, 1.95E-3, 1.23E-3, 7.81E-4])
(12553, 2, 1, 10, [3.22E-12, 0.06, 2.68E-12, 0.02, 3.38E-12, 5.21E-3, 4.88E-12, 1.95E-3, 7.62E-12, 7.81E-4])
(12569, 2, 1, 10, [1.07E-12, 0.06, 8.90E-13, 0.02, 1.12E-12, 5.21E-3, 1.62E-12, 1.95E-3, 2.53E-12, 7.81E-4])
(12577, 2, 1, 10, [3.20E-12, 0.06, 2.67E-12, 0.02, 3.36E-12, 5.21E-3, 4.86E-12, 1.95E-3, 7.58E-12, 7.81E-4])
(12583, 2, 1, 10, [0.18, 0.06, 0.03, 0.02, 8.84E-3, 5.21E-3, 3.16E-3, 1.95E-3, 1.23E-3, 7.81E-4])
(12589, 2, 1, 10, [0.18, 0.06, 0.03, 0.02, 8.84E-3, 5.21E-3, 3.16E-3, 1.95E-3, 1.23E-3, 7.81E-4])
(12601, 2, 1, 10, [3.18E-12, 0.06, 2.65E-12, 0.02, 3.34E-12, 5.21E-3, 4.83E-12, 1.95E-3, 7.53E-12, 7.81E-4])
(12611, 2, 1, 10, [0.18, 0.06, 0.03, 0.02, 8.84E-3, 5.21E-3, 3.16E-3, 1.95E-3, 1.23E-3, 7.81E-4])
(12613, 2, 1, 10, [0.18, 0.06, 0.03, 0.02, 8.84E-3, 5.21E-3, 3.16E-3, 1.95E-3, 1.23E-3, 7.81E-4])
(12619, 2, 1, 10, [0.18, 0.06, 0.03, 0.02, 8.84E-3, 5.21E-3, 3.16E-3, 1.95E-3, 1.23E-3, 7.81E-4])
(12637, 2, 1, 10, [0.18, 0.06, 0.03, 0.02, 8.84E-3, 5.21E-3, 3.16E-3, 1.95E-3, 1.23E-3, 7.81E-4])
(12641, 2, 1, 10, [1.05E-12, 0.06, 8.75E-13, 0.02, 1.10E-12, 5.21E-3, 1.59E-12, 1.95E-3, 2.49E-12, 7.81E-4])
(12647, 2, 1, 10, [0.18, 0.06, 0.03, 0.02, 8.84E-3, 5.21E-3, 3.16E-3, 1.95E-3, 1.23E-3, 7.81E-4])
(12653, 2, 1, 10, [0.18, 0.06, 0.03, 0.02, 8.84E-3, 5.21E-3, 3.16E-3, 1.95E-3, 1.23E-3, 7.81E-4])
(12659, 2, 1, 10, [0.18, 0.06, 0.03, 0.02, 8.84E-3, 5.21E-3, 3.16E-3, 1.95E-3, 1.23E-3, 7.81E-4])
(12671, 2, 1, 10, [0.18, 0.06, 0.03, 0.02, 8.84E-3, 5.21E-3, 3.16E-3, 1.95E-3, 1.23E-3, 7.81E-4])
(12689, 2, 1, 10, [1.04E-12, 0.06, 8.65E-13, 0.02, 1.09E-12, 5.21E-3, 1.58E-12, 1.95E-3, 2.46E-12, 7.81E-4])
(12697, 2, 1, 10, [3.11E-12, 0.06, 2.59E-12, 0.02, 3.26E-12, 5.21E-3, 4.72E-12, 1.95E-3, 7.36E-12, 7.81E-4])
(12703, 2, 1, 10, [0.18, 0.06, 0.03, 0.02, 8.84E-3, 5.21E-3, 3.16E-3, 1.95E-3, 1.23E-3, 7.81E-4])
(12713, 2, 1, 10, [1.03E-12, 0.06, 8.60E-13, 0.02, 1.08E-12, 5.21E-3, 1.57E-12, 1.95E-3, 2.45E-12, 7.81E-4])
(12721, 2, 1, 10, [3.09E-12, 0.06, 2.58E-12, 0.02, 3.25E-12, 5.21E-3, 4.69E-12, 1.95E-3, 7.32E-12, 7.81E-4])
(12739, 2, 1, 10, [0.18, 0.06, 0.03, 0.02, 8.84E-3, 5.21E-3, 3.16E-3, 1.95E-3, 1.23E-3, 7.81E-4])
(12743, 2, 1, 10, [0.18, 0.06, 0.03, 0.02, 8.84E-3, 5.21E-3, 3.16E-3, 1.95E-3, 1.23E-3, 7.81E-4])
(12757, 2, 1, 10, [0.18, 0.06, 0.03, 0.02, 8.84E-3, 5.21E-3, 3.16E-3, 1.95E-3, 1.23E-3, 7.81E-4])
(12763, 2, 1, 10, [0.18, 0.06, 0.03, 0.02, 8.84E-3, 5.21E-3, 3.16E-3, 1.95E-3, 1.23E-3, 7.81E-4])
(12781, 2, 1, 10, [0.18, 0.06, 0.03, 0.02, 8.84E-3, 5.21E-3, 3.16E-3, 1.95E-3, 1.23E-3, 7.81E-4])
(12791, 2, 1, 10, [0.18, 0.06, 0.03, 0.02, 8.84E-3, 5.21E-3, 3.16E-3, 1.95E-3, 1.23E-3, 7.81E-4])
(12799, 2, 1, 10, [0.18, 0.06, 0.03, 0.02, 8.84E-3, 5.21E-3, 3.16E-3, 1.95E-3, 1.23E-3, 7.81E-4])
(12809, 2, 1, 10, [1.01E-12, 0.06, 8.41E-13, 0.02, 1.06E-12, 5.21E-3, 1.53E-12, 1.95E-3, 2.39E-12, 7.81E-4])
(12821, 2, 1, 10, [0.18, 0.06, 0.03, 0.02, 8.84E-3, 5.21E-3, 3.16E-3, 1.95E-3, 1.23E-3, 7.81E-4])
(12823, 2, 1, 10, [0.18, 0.06, 0.03, 0.02, 8.84E-3, 5.21E-3, 3.16E-3, 1.95E-3, 1.23E-3, 7.81E-4])
(12829, 2, 1, 10, [0.18, 0.06, 0.03, 0.02, 8.84E-3, 5.21E-3, 3.16E-3, 1.95E-3, 1.23E-3, 7.81E-4])
(12841, 2, 1, 10, [0.35, 0.19, 0.12, 0.08, 0.05, 0.04, 0.03, 0.02, 0.01, 8.59E-3])
(12853, 2, 1, 10, [0.18, 0.06, 0.03, 0.02, 8.84E-3, 5.21E-3, 3.16E-3, 1.95E-3, 1.23E-3, 7.81E-4])
(12889, 2, 1, 10, [2.97E-12, 0.06, 2.48E-12, 0.02, 3.12E-12, 5.21E-3, 4.51E-12, 1.95E-3, 7.04E-12, 7.81E-4])
(12893, 2, 1, 10, [0.18, 0.06, 0.03, 0.02, 8.84E-3, 5.21E-3, 3.16E-3, 1.95E-3, 1.23E-3, 7.81E-4])
(12899, 2, 1, 10, [0.18, 0.06, 0.03, 0.02, 8.84E-3, 5.21E-3, 3.16E-3, 1.95E-3, 1.23E-3, 7.81E-4])
(12907, 2, 1, 10, [0.18, 0.06, 0.03, 0.02, 8.84E-3, 5.21E-3, 3.16E-3, 1.95E-3, 1.23E-3, 7.81E-4])
(12911, 2, 1, 10, [0.18, 0.06, 0.03, 0.02, 8.84E-3, 5.21E-3, 3.16E-3, 1.95E-3, 1.23E-3, 7.81E-4])
(12917, 2, 1, 10, [0.18, 0.06, 0.03, 0.02, 8.84E-3, 5.21E-3, 3.16E-3, 1.95E-3, 1.23E-3, 7.81E-4])
(12919, 2, 1, 10, [0.18, 0.06, 0.03, 0.02, 8.84E-3, 5.21E-3, 3.16E-3, 1.95E-3, 1.23E-3, 7.81E-4])
(12923, 2, 1, 10, [0.18, 0.06, 0.03, 0.02, 8.84E-3, 5.21E-3, 3.16E-3, 1.95E-3, 1.23E-3, 7.81E-4])
(12941, 2, 1, 10, [0.18, 0.06, 0.03, 0.02, 8.84E-3, 5.21E-3, 3.16E-3, 1.95E-3, 1.23E-3, 7.81E-4])
(12953, 2, 1, 10, [9.76E-13, 0.06, 8.13E-13, 0.02, 1.02E-12, 5.21E-3, 1.48E-12, 1.95E-3, 2.31E-12, 7.81E-4])
(12959, 2, 1, 10, [0.18, 0.06, 0.03, 0.02, 8.84E-3, 5.21E-3, 3.16E-3, 1.95E-3, 1.23E-3, 7.81E-4])
(12967, 2, 1, 10, [0.18, 0.06, 0.03, 0.02, 8.84E-3, 5.21E-3, 3.16E-3, 1.95E-3, 1.23E-3, 7.81E-4])
(12973, 2, 1, 10, [0.18, 0.06, 0.03, 0.02, 8.84E-3, 5.21E-3, 3.16E-3, 1.95E-3, 1.23E-3, 7.81E-4])
(12979, 2, 1, 10, [0.18, 0.06, 0.03, 0.02, 8.84E-3, 5.21E-3, 3.16E-3, 1.95E-3, 1.23E-3, 7.81E-4])
(12983, 2, 1, 10, [0.18, 0.06, 0.03, 0.02, 8.84E-3, 5.21E-3, 3.16E-3, 1.95E-3, 1.23E-3, 7.81E-4])
(13001, 2, 1, 10, [9.65E-13, 0.06, 8.05E-13, 0.02, 1.01E-12, 5.21E-3, 1.47E-12, 1.95E-3, 2.29E-12, 7.81E-4])
(13003, 2, 1, 10, [0.18, 0.06, 0.03, 0.02, 8.84E-3, 5.21E-3, 3.16E-3, 1.95E-3, 1.23E-3, 7.81E-4])
(13007, 2, 1, 10, [0.18, 0.06, 0.03, 0.02, 8.84E-3, 5.21E-3, 3.16E-3, 1.95E-3, 1.23E-3, 7.81E-4])
(13009, 2, 1, 10, [0.35, 0.19, 0.12, 0.08, 0.05, 0.04, 0.03, 0.02, 0.01, 8.59E-3])
(13033, 2, 1, 10, [2.87E-12, 0.06, 2.40E-12, 0.02, 3.02E-12, 5.21E-3, 4.36E-12, 1.95E-3, 6.81E-12, 7.81E-4])
(13037, 2, 1, 10, [0.18, 0.06, 0.03, 0.02, 8.84E-3, 5.21E-3, 3.16E-3, 1.95E-3, 1.23E-3, 7.81E-4])
(13043, 2, 1, 10, [0.18, 0.06, 0.03, 0.02, 8.84E-3, 5.21E-3, 3.16E-3, 1.95E-3, 1.23E-3, 7.81E-4])
(13049, 2, 1, 10, [9.55E-13, 0.06, 7.96E-13, 0.02, 1.00E-12, 5.21E-3, 1.45E-12, 1.95E-3, 2.26E-12, 7.81E-4])
(13063, 2, 1, 10, [0.18, 0.06, 0.03, 0.02, 8.84E-3, 5.21E-3, 3.16E-3, 1.95E-3, 1.23E-3, 7.81E-4])
(13093, 2, 1, 10, [0.18, 0.06, 0.03, 0.02, 8.84E-3, 5.21E-3, 3.16E-3, 1.95E-3, 1.23E-3, 7.81E-4])
(13099, 2, 1, 10, [0.18, 0.06, 0.03, 0.02, 8.84E-3, 5.21E-3, 3.16E-3, 1.95E-3, 1.23E-3, 7.81E-4])
(13103, 2, 1, 10, [0.18, 0.06, 0.03, 0.02, 8.84E-3, 5.21E-3, 3.16E-3, 1.95E-3, 1.23E-3, 7.81E-4])
(13109, 2, 1, 10, [0.18, 0.06, 0.03, 0.02, 8.84E-3, 5.21E-3, 3.16E-3, 1.95E-3, 1.23E-3, 7.81E-4])
(13121, 2, 1, 10, [9.39E-13, 0.06, 7.83E-13, 0.02, 9.86E-13, 5.21E-3, 1.43E-12, 1.95E-3, 2.22E-12, 7.81E-4])
(13127, 2, 1, 10, [0.18, 0.06, 0.03, 0.02, 8.84E-3, 5.21E-3, 3.16E-3, 1.95E-3, 1.23E-3, 7.81E-4])
(13147, 2, 1, 10, [0.18, 0.06, 0.03, 0.02, 8.84E-3, 5.21E-3, 3.16E-3, 1.95E-3, 1.23E-3, 7.81E-4])
(13151, 2, 1, 10, [0.18, 0.06, 0.03, 0.02, 8.84E-3, 5.21E-3, 3.16E-3, 1.95E-3, 1.23E-3, 7.81E-4])
(13159, 2, 1, 10, [0.18, 0.06, 0.03, 0.02, 8.84E-3, 5.21E-3, 3.16E-3, 1.95E-3, 1.23E-3, 7.81E-4])
(13163, 2, 1, 10, [0.18, 0.06, 0.03, 0.02, 8.84E-3, 5.21E-3, 3.16E-3, 1.95E-3, 1.23E-3, 7.81E-4])
(13171, 2, 1, 10, [0.18, 0.06, 0.03, 0.02, 8.84E-3, 5.21E-3, 3.16E-3, 1.95E-3, 1.23E-3, 7.81E-4])
(13177, 2, 1, 10, [2.78E-12, 0.06, 2.32E-12, 0.02, 2.92E-12, 5.21E-3, 4.22E-12, 1.95E-3, 6.59E-12, 7.81E-4])
(13183, 2, 1, 10, [0.18, 0.06, 0.03, 0.02, 8.84E-3, 5.21E-3, 3.16E-3, 1.95E-3, 1.23E-3, 7.81E-4])
(13187, 2, 1, 10, [0.18, 0.06, 0.03, 0.02, 8.84E-3, 5.21E-3, 3.16E-3, 1.95E-3, 1.23E-3, 7.81E-4])
(13217, 2, 1, 10, [9.19E-13, 0.06, 7.66E-13, 0.02, 9.65E-13, 5.21E-3, 1.39E-12, 1.95E-3, 2.18E-12, 7.81E-4])
(13219, 2, 1, 10, [0.18, 0.06, 0.03, 0.02, 8.84E-3, 5.21E-3, 3.16E-3, 1.95E-3, 1.23E-3, 7.81E-4])
(13229, 2, 1, 10, [0.18, 0.06, 0.03, 0.02, 8.84E-3, 5.21E-3, 3.16E-3, 1.95E-3, 1.23E-3, 7.81E-4])
(13241, 2, 1, 10, [9.14E-13, 0.06, 7.62E-13, 0.02, 9.60E-13, 5.21E-3, 1.39E-12, 1.95E-3, 2.16E-12, 7.81E-4])
(13249, 2, 1, 10, [0.35, 0.19, 0.12, 0.08, 0.05, 0.04, 0.03, 0.02, 0.01, 8.59E-3])
(13259, 2, 1, 10, [0.18, 0.06, 0.03, 0.02, 8.84E-3, 5.21E-3, 3.16E-3, 1.95E-3, 1.23E-3, 7.81E-4])
(13267, 2, 1, 10, [0.18, 0.06, 0.03, 0.02, 8.84E-3, 5.21E-3, 3.16E-3, 1.95E-3, 1.23E-3, 7.81E-4])
(13291, 2, 1, 10, [0.18, 0.06, 0.03, 0.02, 8.84E-3, 5.21E-3, 3.16E-3, 1.95E-3, 1.23E-3, 7.81E-4])
(13297, 2, 1, 10, [2.71E-12, 0.06, 2.26E-12, 0.02, 2.84E-12, 5.21E-3, 4.11E-12, 1.95E-3, 6.41E-12, 7.81E-4])
(13309, 2, 1, 10, [0.18, 0.06, 0.03, 0.02, 8.84E-3, 5.21E-3, 3.16E-3, 1.95E-3, 1.23E-3, 7.81E-4])
(13313, 2, 1, 10, [8.99E-13, 0.06, 7.49E-13, 0.02, 9.44E-13, 5.21E-3, 1.36E-12, 1.95E-3, 2.13E-12, 7.81E-4])
(13327, 2, 1, 10, [0.18, 0.06, 0.03, 0.02, 8.84E-3, 5.21E-3, 3.16E-3, 1.95E-3, 1.23E-3, 7.81E-4])
(13331, 2, 1, 10, [0.18, 0.06, 0.03, 0.02, 8.84E-3, 5.21E-3, 3.16E-3, 1.95E-3, 1.23E-3, 7.81E-4])
(13337, 2, 1, 10, [8.94E-13, 0.06, 7.45E-13, 0.02, 9.39E-13, 5.21E-3, 1.36E-12, 1.95E-3, 2.12E-12, 7.81E-4])
(13339, 2, 1, 10, [0.18, 0.06, 0.03, 0.02, 8.84E-3, 5.21E-3, 3.16E-3, 1.95E-3, 1.23E-3, 7.81E-4])
(13367, 2, 1, 10, [0.18, 0.06, 0.03, 0.02, 8.84E-3, 5.21E-3, 3.16E-3, 1.95E-3, 1.23E-3, 7.81E-4])
(13381, 2, 1, 10, [0.18, 0.06, 0.03, 0.02, 8.84E-3, 5.21E-3, 3.16E-3, 1.95E-3, 1.23E-3, 7.81E-4])
(13397, 2, 1, 10, [0.18, 0.06, 0.03, 0.02, 8.84E-3, 5.21E-3, 3.16E-3, 1.95E-3, 1.23E-3, 7.81E-4])
(13399, 2, 1, 10, [0.18, 0.06, 0.03, 0.02, 8.84E-3, 5.21E-3, 3.16E-3, 1.95E-3, 1.23E-3, 7.81E-4])
(13411, 2, 1, 10, [0.18, 0.06, 0.03, 0.02, 8.84E-3, 5.21E-3, 3.16E-3, 1.95E-3, 1.23E-3, 7.81E-4])
(13417, 2, 1, 10, [2.64E-12, 0.06, 2.20E-12, 0.02, 2.77E-12, 5.21E-3, 4.00E-12, 1.95E-3, 6.24E-12, 7.81E-4])
(13421, 2, 1, 10, [0.18, 0.06, 0.03, 0.02, 8.84E-3, 5.21E-3, 3.16E-3, 1.95E-3, 1.23E-3, 7.81E-4])
(13441, 2, 1, 10, [2.62E-12, 0.06, 2.18E-12, 0.02, 2.75E-12, 5.21E-3, 3.98E-12, 1.95E-3, 6.21E-12, 7.81E-4])
(13451, 2, 1, 10, [0.18, 0.06, 0.03, 0.02, 8.84E-3, 5.21E-3, 3.16E-3, 1.95E-3, 1.23E-3, 7.81E-4])
(13457, 2, 1, 10, [8.71E-13, 0.06, 7.25E-13, 0.02, 9.14E-13, 5.21E-3, 1.32E-12, 1.95E-3, 2.06E-12, 7.81E-4])
(13463, 2, 1, 10, [0.18, 0.06, 0.03, 0.02, 8.84E-3, 5.21E-3, 3.16E-3, 1.95E-3, 1.23E-3, 7.81E-4])
(13469, 2, 1, 10, [0.18, 0.06, 0.03, 0.02, 8.84E-3, 5.21E-3, 3.16E-3, 1.95E-3, 1.23E-3, 7.81E-4])
(13477, 2, 1, 10, [0.18, 0.06, 0.03, 0.02, 8.84E-3, 5.21E-3, 3.16E-3, 1.95E-3, 1.23E-3, 7.81E-4])
(13487, 2, 1, 10, [0.18, 0.06, 0.03, 0.02, 8.84E-3, 5.21E-3, 3.16E-3, 1.95E-3, 1.23E-3, 7.81E-4])
(13499, 2, 1, 10, [0.18, 0.06, 0.03, 0.02, 8.84E-3, 5.21E-3, 3.16E-3, 1.95E-3, 1.23E-3, 7.81E-4])
(13513, 2, 1, 10, [2.58E-12, 0.06, 2.15E-12, 0.02, 2.71E-12, 5.21E-3, 3.92E-12, 1.95E-3, 6.11E-12, 7.81E-4])
(13523, 2, 1, 10, [0.18, 0.06, 0.03, 0.02, 8.84E-3, 5.21E-3, 3.16E-3, 1.95E-3, 1.23E-3, 7.81E-4])
(13537, 2, 1, 10, [2.57E-12, 0.06, 2.14E-12, 0.02, 2.69E-12, 5.21E-3, 3.89E-12, 1.95E-3, 6.08E-12, 7.81E-4])
(13553, 2, 1, 10, [8.52E-13, 0.06, 7.10E-13, 0.02, 8.95E-13, 5.21E-3, 1.29E-12, 1.95E-3, 2.02E-12, 7.81E-4])
(13567, 2, 1, 10, [0.18, 0.06, 0.03, 0.02, 8.84E-3, 5.21E-3, 3.16E-3, 1.95E-3, 1.23E-3, 7.81E-4])
(13577, 2, 1, 10, [8.48E-13, 0.06, 7.06E-13, 0.02, 8.90E-13, 5.21E-3, 1.29E-12, 1.95E-3, 2.01E-12, 7.81E-4])
(13591, 2, 1, 10, [0.18, 0.06, 0.03, 0.02, 8.84E-3, 5.21E-3, 3.16E-3, 1.95E-3, 1.23E-3, 7.81E-4])
(13597, 2, 1, 10, [0.18, 0.06, 0.03, 0.02, 8.84E-3, 5.21E-3, 3.16E-3, 1.95E-3, 1.23E-3, 7.81E-4])
(13613, 2, 1, 10, [0.18, 0.06, 0.03, 0.02, 8.84E-3, 5.21E-3, 3.16E-3, 1.95E-3, 1.23E-3, 7.81E-4])
(13619, 2, 1, 10, [0.18, 0.06, 0.03, 0.02, 8.84E-3, 5.21E-3, 3.16E-3, 1.95E-3, 1.23E-3, 7.81E-4])
(13627, 2, 1, 10, [0.18, 0.06, 0.03, 0.02, 8.84E-3, 5.21E-3, 3.16E-3, 1.95E-3, 1.23E-3, 7.81E-4])
(13633, 2, 1, 10, [2.51E-12, 0.06, 2.09E-12, 0.02, 2.64E-12, 5.21E-3, 3.81E-12, 1.95E-3, 5.95E-12, 7.81E-4])
(13649, 2, 1, 10, [8.34E-13, 0.06, 6.95E-13, 0.02, 8.76E-13, 5.21E-3, 1.27E-12, 1.95E-3, 1.98E-12, 7.81E-4])
(13669, 2, 1, 10, [0.18, 0.06, 0.03, 0.02, 8.84E-3, 5.21E-3, 3.16E-3, 1.95E-3, 1.23E-3, 7.81E-4])
(13679, 2, 1, 10, [0.18, 0.06, 0.03, 0.02, 8.84E-3, 5.21E-3, 3.16E-3, 1.95E-3, 1.23E-3, 7.81E-4])
(13681, 2, 1, 10, [0.35, 0.19, 0.12, 0.08, 0.05, 0.04, 0.03, 0.02, 0.01, 8.59E-3])
(13687, 2, 1, 10, [0.18, 0.06, 0.03, 0.02, 8.84E-3, 5.21E-3, 3.16E-3, 1.95E-3, 1.23E-3, 7.81E-4])
(13691, 2, 1, 10, [0.18, 0.06, 0.03, 0.02, 8.84E-3, 5.21E-3, 3.16E-3, 1.95E-3, 1.23E-3, 7.81E-4])
(13693, 2, 1, 10, [0.18, 0.06, 0.03, 0.02, 8.84E-3, 5.21E-3, 3.16E-3, 1.95E-3, 1.23E-3, 7.81E-4])
(13697, 2, 1, 10, [8.26E-13, 0.06, 6.88E-13, 0.02, 8.67E-13, 5.21E-3, 1.25E-12, 1.95E-3, 1.96E-12, 7.81E-4])
(13709, 2, 1, 10, [0.18, 0.06, 0.03, 0.02, 8.84E-3, 5.21E-3, 3.16E-3, 1.95E-3, 1.23E-3, 7.81E-4])
(13711, 2, 1, 10, [0.18, 0.06, 0.03, 0.02, 8.84E-3, 5.21E-3, 3.16E-3, 1.95E-3, 1.23E-3, 7.81E-4])
(13721, 2, 1, 10, [8.21E-13, 0.06, 6.84E-13, 0.02, 8.62E-13, 5.21E-3, 1.25E-12, 1.95E-3, 1.94E-12, 7.81E-4])
(13723, 2, 1, 10, [0.18, 0.06, 0.03, 0.02, 8.84E-3, 5.21E-3, 3.16E-3, 1.95E-3, 1.23E-3, 7.81E-4])
(13729, 2, 1, 10, [2.46E-12, 0.06, 2.05E-12, 0.02, 2.58E-12, 5.21E-3, 3.73E-12, 1.95E-3, 5.82E-12, 7.81E-4])
(13751, 2, 1, 10, [0.18, 0.06, 0.03, 0.02, 8.84E-3, 5.21E-3, 3.16E-3, 1.95E-3, 1.23E-3, 7.81E-4])
(13757, 2, 1, 10, [0.18, 0.06, 0.03, 0.02, 8.84E-3, 5.21E-3, 3.16E-3, 1.95E-3, 1.23E-3, 7.81E-4])
(13759, 2, 1, 10, [0.18, 0.06, 0.03, 0.02, 8.84E-3, 5.21E-3, 3.16E-3, 1.95E-3, 1.23E-3, 7.81E-4])
(13763, 2, 1, 10, [0.18, 0.06, 0.03, 0.02, 8.84E-3, 5.21E-3, 3.16E-3, 1.95E-3, 1.23E-3, 7.81E-4])
(13781, 2, 1, 10, [0.18, 0.06, 0.03, 0.02, 8.84E-3, 5.21E-3, 3.16E-3, 1.95E-3, 1.23E-3, 7.81E-4])
(13789, 2, 1, 10, [0.18, 0.06, 0.03, 0.02, 8.84E-3, 5.21E-3, 3.16E-3, 1.95E-3, 1.23E-3, 7.81E-4])
(13799, 2, 1, 10, [0.18, 0.06, 0.03, 0.02, 8.84E-3, 5.21E-3, 3.16E-3, 1.95E-3, 1.23E-3, 7.81E-4])
(13807, 2, 1, 10, [0.18, 0.06, 0.03, 0.02, 8.84E-3, 5.21E-3, 3.16E-3, 1.95E-3, 1.23E-3, 7.81E-4])
(13829, 2, 1, 10, [0.18, 0.06, 0.03, 0.02, 8.84E-3, 5.21E-3, 3.16E-3, 1.95E-3, 1.23E-3, 7.81E-4])
(13831, 2, 1, 10, [0.18, 0.06, 0.03, 0.02, 8.84E-3, 5.21E-3, 3.16E-3, 1.95E-3, 1.23E-3, 7.81E-4])
(13841, 2, 1, 10, [8.00E-13, 0.06, 6.67E-13, 0.02, 8.40E-13, 5.21E-3, 1.21E-12, 1.95E-3, 1.89E-12, 7.81E-4])
(13859, 2, 1, 10, [0.18, 0.06, 0.03, 0.02, 8.84E-3, 5.21E-3, 3.16E-3, 1.95E-3, 1.23E-3, 7.81E-4])
(13873, 2, 1, 10, [2.38E-12, 0.06, 1.99E-12, 0.02, 2.50E-12, 5.21E-3, 3.62E-12, 1.95E-3, 5.64E-12, 7.81E-4])
(13877, 2, 1, 10, [0.18, 0.06, 0.03, 0.02, 8.84E-3, 5.21E-3, 3.16E-3, 1.95E-3, 1.23E-3, 7.81E-4])
(13879, 2, 1, 10, [0.18, 0.06, 0.03, 0.02, 8.84E-3, 5.21E-3, 3.16E-3, 1.95E-3, 1.23E-3, 7.81E-4])
(13883, 2, 1, 10, [0.18, 0.06, 0.03, 0.02, 8.84E-3, 5.21E-3, 3.16E-3, 1.95E-3, 1.23E-3, 7.81E-4])
(13901, 2, 1, 10, [0.18, 0.06, 0.03, 0.02, 8.84E-3, 5.21E-3, 3.16E-3, 1.95E-3, 1.23E-3, 7.81E-4])
(13903, 2, 1, 10, [0.18, 0.06, 0.03, 0.02, 8.84E-3, 5.21E-3, 3.16E-3, 1.95E-3, 1.23E-3, 7.81E-4])
(13907, 2, 1, 10, [0.18, 0.06, 0.03, 0.02, 8.84E-3, 5.21E-3, 3.16E-3, 1.95E-3, 1.23E-3, 7.81E-4])
(13913, 2, 1, 10, [7.88E-13, 0.06, 6.56E-13, 0.02, 8.27E-13, 5.21E-3, 1.20E-12, 1.95E-3, 1.87E-12, 7.81E-4])
(13921, 2, 1, 10, [0.35, 0.19, 0.12, 0.08, 0.05, 0.04, 0.03, 0.02, 0.01, 8.59E-3])
(13931, 2, 1, 10, [0.18, 0.06, 0.03, 0.02, 8.84E-3, 5.21E-3, 3.16E-3, 1.95E-3, 1.23E-3, 7.81E-4])
(13933, 2, 1, 10, [0.18, 0.06, 0.03, 0.02, 8.84E-3, 5.21E-3, 3.16E-3, 1.95E-3, 1.23E-3, 7.81E-4])
(13963, 2, 1, 10, [0.18, 0.06, 0.03, 0.02, 8.84E-3, 5.21E-3, 3.16E-3, 1.95E-3, 1.23E-3, 7.81E-4])
(13967, 2, 1, 10, [0.18, 0.06, 0.03, 0.02, 8.84E-3, 5.21E-3, 3.16E-3, 1.95E-3, 1.23E-3, 7.81E-4])
(13997, 2, 1, 10, [0.18, 0.06, 0.03, 0.02, 8.84E-3, 5.21E-3, 3.16E-3, 1.95E-3, 1.23E-3, 7.81E-4])
(13999, 2, 1, 10, [0.18, 0.06, 0.03, 0.02, 8.84E-3, 5.21E-3, 3.16E-3, 1.95E-3, 1.23E-3, 7.81E-4])
(13001, 2, 1, 10, [9.65E-13, 0.06, 8.05E-13, 0.02, 1.01E-12, 5.21E-3, 1.47E-12, 1.95E-3, 2.29E-12, 7.81E-4])
(13003, 2, 1, 10, [0.18, 0.06, 0.03, 0.02, 8.84E-3, 5.21E-3, 3.16E-3, 1.95E-3, 1.23E-3, 7.81E-4])
(13007, 2, 1, 10, [0.18, 0.06, 0.03, 0.02, 8.84E-3, 5.21E-3, 3.16E-3, 1.95E-3, 1.23E-3, 7.81E-4])
(13009, 2, 1, 10, [0.35, 0.19, 0.12, 0.08, 0.05, 0.04, 0.03, 0.02, 0.01, 8.59E-3])
(13033, 2, 1, 10, [2.87E-12, 0.06, 2.40E-12, 0.02, 3.02E-12, 5.21E-3, 4.36E-12, 1.95E-3, 6.81E-12, 7.81E-4])
(13037, 2, 1, 10, [0.18, 0.06, 0.03, 0.02, 8.84E-3, 5.21E-3, 3.16E-3, 1.95E-3, 1.23E-3, 7.81E-4])
(13043, 2, 1, 10, [0.18, 0.06, 0.03, 0.02, 8.84E-3, 5.21E-3, 3.16E-3, 1.95E-3, 1.23E-3, 7.81E-4])
(13049, 2, 1, 10, [9.55E-13, 0.06, 7.96E-13, 0.02, 1.00E-12, 5.21E-3, 1.45E-12, 1.95E-3, 2.26E-12, 7.81E-4])
(13063, 2, 1, 10, [0.18, 0.06, 0.03, 0.02, 8.84E-3, 5.21E-3, 3.16E-3, 1.95E-3, 1.23E-3, 7.81E-4])
(13093, 2, 1, 10, [0.18, 0.06, 0.03, 0.02, 8.84E-3, 5.21E-3, 3.16E-3, 1.95E-3, 1.23E-3, 7.81E-4])
(13099, 2, 1, 10, [0.18, 0.06, 0.03, 0.02, 8.84E-3, 5.21E-3, 3.16E-3, 1.95E-3, 1.23E-3, 7.81E-4])
(13103, 2, 1, 10, [0.18, 0.06, 0.03, 0.02, 8.84E-3, 5.21E-3, 3.16E-3, 1.95E-3, 1.23E-3, 7.81E-4])
(13109, 2, 1, 10, [0.18, 0.06, 0.03, 0.02, 8.84E-3, 5.21E-3, 3.16E-3, 1.95E-3, 1.23E-3, 7.81E-4])
(13121, 2, 1, 10, [9.39E-13, 0.06, 7.83E-13, 0.02, 9.86E-13, 5.21E-3, 1.43E-12, 1.95E-3, 2.22E-12, 7.81E-4])
(13127, 2, 1, 10, [0.18, 0.06, 0.03, 0.02, 8.84E-3, 5.21E-3, 3.16E-3, 1.95E-3, 1.23E-3, 7.81E-4])
(13147, 2, 1, 10, [0.18, 0.06, 0.03, 0.02, 8.84E-3, 5.21E-3, 3.16E-3, 1.95E-3, 1.23E-3, 7.81E-4])
(13151, 2, 1, 10, [0.18, 0.06, 0.03, 0.02, 8.84E-3, 5.21E-3, 3.16E-3, 1.95E-3, 1.23E-3, 7.81E-4])
(13159, 2, 1, 10, [0.18, 0.06, 0.03, 0.02, 8.84E-3, 5.21E-3, 3.16E-3, 1.95E-3, 1.23E-3, 7.81E-4])
(13163, 2, 1, 10, [0.18, 0.06, 0.03, 0.02, 8.84E-3, 5.21E-3, 3.16E-3, 1.95E-3, 1.23E-3, 7.81E-4])
(13171, 2, 1, 10, [0.18, 0.06, 0.03, 0.02, 8.84E-3, 5.21E-3, 3.16E-3, 1.95E-3, 1.23E-3, 7.81E-4])
(13177, 2, 1, 10, [2.78E-12, 0.06, 2.32E-12, 0.02, 2.92E-12, 5.21E-3, 4.22E-12, 1.95E-3, 6.59E-12, 7.81E-4])
(13183, 2, 1, 10, [0.18, 0.06, 0.03, 0.02, 8.84E-3, 5.21E-3, 3.16E-3, 1.95E-3, 1.23E-3, 7.81E-4])
(13187, 2, 1, 10, [0.18, 0.06, 0.03, 0.02, 8.84E-3, 5.21E-3, 3.16E-3, 1.95E-3, 1.23E-3, 7.81E-4])
(13217, 2, 1, 10, [9.19E-13, 0.06, 7.66E-13, 0.02, 9.65E-13, 5.21E-3, 1.39E-12, 1.95E-3, 2.18E-12, 7.81E-4])
(13219, 2, 1, 10, [0.18, 0.06, 0.03, 0.02, 8.84E-3, 5.21E-3, 3.16E-3, 1.95E-3, 1.23E-3, 7.81E-4])
(13229, 2, 1, 10, [0.18, 0.06, 0.03, 0.02, 8.84E-3, 5.21E-3, 3.16E-3, 1.95E-3, 1.23E-3, 7.81E-4])
(13241, 2, 1, 10, [9.14E-13, 0.06, 7.62E-13, 0.02, 9.60E-13, 5.21E-3, 1.39E-12, 1.95E-3, 2.16E-12, 7.81E-4])
(13249, 2, 1, 10, [0.35, 0.19, 0.12, 0.08, 0.05, 0.04, 0.03, 0.02, 0.01, 8.59E-3])
(13259, 2, 1, 10, [0.18, 0.06, 0.03, 0.02, 8.84E-3, 5.21E-3, 3.16E-3, 1.95E-3, 1.23E-3, 7.81E-4])
(13267, 2, 1, 10, [0.18, 0.06, 0.03, 0.02, 8.84E-3, 5.21E-3, 3.16E-3, 1.95E-3, 1.23E-3, 7.81E-4])
(13291, 2, 1, 10, [0.18, 0.06, 0.03, 0.02, 8.84E-3, 5.21E-3, 3.16E-3, 1.95E-3, 1.23E-3, 7.81E-4])
(13297, 2, 1, 10, [2.71E-12, 0.06, 2.26E-12, 0.02, 2.84E-12, 5.21E-3, 4.11E-12, 1.95E-3, 6.41E-12, 7.81E-4])
(13309, 2, 1, 10, [0.18, 0.06, 0.03, 0.02, 8.84E-3, 5.21E-3, 3.16E-3, 1.95E-3, 1.23E-3, 7.81E-4])
(13313, 2, 1, 10, [8.99E-13, 0.06, 7.49E-13, 0.02, 9.44E-13, 5.21E-3, 1.36E-12, 1.95E-3, 2.13E-12, 7.81E-4])
(13327, 2, 1, 10, [0.18, 0.06, 0.03, 0.02, 8.84E-3, 5.21E-3, 3.16E-3, 1.95E-3, 1.23E-3, 7.81E-4])
(13331, 2, 1, 10, [0.18, 0.06, 0.03, 0.02, 8.84E-3, 5.21E-3, 3.16E-3, 1.95E-3, 1.23E-3, 7.81E-4])
(13337, 2, 1, 10, [8.94E-13, 0.06, 7.45E-13, 0.02, 9.39E-13, 5.21E-3, 1.36E-12, 1.95E-3, 2.12E-12, 7.81E-4])
(13339, 2, 1, 10, [0.18, 0.06, 0.03, 0.02, 8.84E-3, 5.21E-3, 3.16E-3, 1.95E-3, 1.23E-3, 7.81E-4])
(13367, 2, 1, 10, [0.18, 0.06, 0.03, 0.02, 8.84E-3, 5.21E-3, 3.16E-3, 1.95E-3, 1.23E-3, 7.81E-4])
(13381, 2, 1, 10, [0.18, 0.06, 0.03, 0.02, 8.84E-3, 5.21E-3, 3.16E-3, 1.95E-3, 1.23E-3, 7.81E-4])
(13397, 2, 1, 10, [0.18, 0.06, 0.03, 0.02, 8.84E-3, 5.21E-3, 3.16E-3, 1.95E-3, 1.23E-3, 7.81E-4])
(13399, 2, 1, 10, [0.18, 0.06, 0.03, 0.02, 8.84E-3, 5.21E-3, 3.16E-3, 1.95E-3, 1.23E-3, 7.81E-4])
(13411, 2, 1, 10, [0.18, 0.06, 0.03, 0.02, 8.84E-3, 5.21E-3, 3.16E-3, 1.95E-3, 1.23E-3, 7.81E-4])
(13417, 2, 1, 10, [2.64E-12, 0.06, 2.20E-12, 0.02, 2.77E-12, 5.21E-3, 4.00E-12, 1.95E-3, 6.24E-12, 7.81E-4])
(13421, 2, 1, 10, [0.18, 0.06, 0.03, 0.02, 8.84E-3, 5.21E-3, 3.16E-3, 1.95E-3, 1.23E-3, 7.81E-4])
(13441, 2, 1, 10, [2.62E-12, 0.06, 2.18E-12, 0.02, 2.75E-12, 5.21E-3, 3.98E-12, 1.95E-3, 6.21E-12, 7.81E-4])
(13451, 2, 1, 10, [0.18, 0.06, 0.03, 0.02, 8.84E-3, 5.21E-3, 3.16E-3, 1.95E-3, 1.23E-3, 7.81E-4])
(13457, 2, 1, 10, [8.71E-13, 0.06, 7.25E-13, 0.02, 9.14E-13, 5.21E-3, 1.32E-12, 1.95E-3, 2.06E-12, 7.81E-4])
(13463, 2, 1, 10, [0.18, 0.06, 0.03, 0.02, 8.84E-3, 5.21E-3, 3.16E-3, 1.95E-3, 1.23E-3, 7.81E-4])
(13469, 2, 1, 10, [0.18, 0.06, 0.03, 0.02, 8.84E-3, 5.21E-3, 3.16E-3, 1.95E-3, 1.23E-3, 7.81E-4])
(13477, 2, 1, 10, [0.18, 0.06, 0.03, 0.02, 8.84E-3, 5.21E-3, 3.16E-3, 1.95E-3, 1.23E-3, 7.81E-4])
(13487, 2, 1, 10, [0.18, 0.06, 0.03, 0.02, 8.84E-3, 5.21E-3, 3.16E-3, 1.95E-3, 1.23E-3, 7.81E-4])
(13499, 2, 1, 10, [0.18, 0.06, 0.03, 0.02, 8.84E-3, 5.21E-3, 3.16E-3, 1.95E-3, 1.23E-3, 7.81E-4])
(13513, 2, 1, 10, [2.58E-12, 0.06, 2.15E-12, 0.02, 2.71E-12, 5.21E-3, 3.92E-12, 1.95E-3, 6.11E-12, 7.81E-4])
(13523, 2, 1, 10, [0.18, 0.06, 0.03, 0.02, 8.84E-3, 5.21E-3, 3.16E-3, 1.95E-3, 1.23E-3, 7.81E-4])
(13537, 2, 1, 10, [2.57E-12, 0.06, 2.14E-12, 0.02, 2.69E-12, 5.21E-3, 3.89E-12, 1.95E-3, 6.08E-12, 7.81E-4])
(13553, 2, 1, 10, [8.52E-13, 0.06, 7.10E-13, 0.02, 8.95E-13, 5.21E-3, 1.29E-12, 1.95E-3, 2.02E-12, 7.81E-4])
(13567, 2, 1, 10, [0.18, 0.06, 0.03, 0.02, 8.84E-3, 5.21E-3, 3.16E-3, 1.95E-3, 1.23E-3, 7.81E-4])
(13577, 2, 1, 10, [8.48E-13, 0.06, 7.06E-13, 0.02, 8.90E-13, 5.21E-3, 1.29E-12, 1.95E-3, 2.01E-12, 7.81E-4])
(13591, 2, 1, 10, [0.18, 0.06, 0.03, 0.02, 8.84E-3, 5.21E-3, 3.16E-3, 1.95E-3, 1.23E-3, 7.81E-4])
(13597, 2, 1, 10, [0.18, 0.06, 0.03, 0.02, 8.84E-3, 5.21E-3, 3.16E-3, 1.95E-3, 1.23E-3, 7.81E-4])
(13613, 2, 1, 10, [0.18, 0.06, 0.03, 0.02, 8.84E-3, 5.21E-3, 3.16E-3, 1.95E-3, 1.23E-3, 7.81E-4])
(13619, 2, 1, 10, [0.18, 0.06, 0.03, 0.02, 8.84E-3, 5.21E-3, 3.16E-3, 1.95E-3, 1.23E-3, 7.81E-4])
(13627, 2, 1, 10, [0.18, 0.06, 0.03, 0.02, 8.84E-3, 5.21E-3, 3.16E-3, 1.95E-3, 1.23E-3, 7.81E-4])
(13633, 2, 1, 10, [2.51E-12, 0.06, 2.09E-12, 0.02, 2.64E-12, 5.21E-3, 3.81E-12, 1.95E-3, 5.95E-12, 7.81E-4])
(13649, 2, 1, 10, [8.34E-13, 0.06, 6.95E-13, 0.02, 8.76E-13, 5.21E-3, 1.27E-12, 1.95E-3, 1.98E-12, 7.81E-4])
(13669, 2, 1, 10, [0.18, 0.06, 0.03, 0.02, 8.84E-3, 5.21E-3, 3.16E-3, 1.95E-3, 1.23E-3, 7.81E-4])
(13679, 2, 1, 10, [0.18, 0.06, 0.03, 0.02, 8.84E-3, 5.21E-3, 3.16E-3, 1.95E-3, 1.23E-3, 7.81E-4])
(13681, 2, 1, 10, [0.35, 0.19, 0.12, 0.08, 0.05, 0.04, 0.03, 0.02, 0.01, 8.59E-3])
(13687, 2, 1, 10, [0.18, 0.06, 0.03, 0.02, 8.84E-3, 5.21E-3, 3.16E-3, 1.95E-3, 1.23E-3, 7.81E-4])
(13691, 2, 1, 10, [0.18, 0.06, 0.03, 0.02, 8.84E-3, 5.21E-3, 3.16E-3, 1.95E-3, 1.23E-3, 7.81E-4])
(13693, 2, 1, 10, [0.18, 0.06, 0.03, 0.02, 8.84E-3, 5.21E-3, 3.16E-3, 1.95E-3, 1.23E-3, 7.81E-4])
(13697, 2, 1, 10, [8.26E-13, 0.06, 6.88E-13, 0.02, 8.67E-13, 5.21E-3, 1.25E-12, 1.95E-3, 1.96E-12, 7.81E-4])
(13709, 2, 1, 10, [0.18, 0.06, 0.03, 0.02, 8.84E-3, 5.21E-3, 3.16E-3, 1.95E-3, 1.23E-3, 7.81E-4])
(13711, 2, 1, 10, [0.18, 0.06, 0.03, 0.02, 8.84E-3, 5.21E-3, 3.16E-3, 1.95E-3, 1.23E-3, 7.81E-4])
(13721, 2, 1, 10, [8.21E-13, 0.06, 6.84E-13, 0.02, 8.62E-13, 5.21E-3, 1.25E-12, 1.95E-3, 1.94E-12, 7.81E-4])
(13723, 2, 1, 10, [0.18, 0.06, 0.03, 0.02, 8.84E-3, 5.21E-3, 3.16E-3, 1.95E-3, 1.23E-3, 7.81E-4])
(13729, 2, 1, 10, [2.46E-12, 0.06, 2.05E-12, 0.02, 2.58E-12, 5.21E-3, 3.73E-12, 1.95E-3, 5.82E-12, 7.81E-4])
(13751, 2, 1, 10, [0.18, 0.06, 0.03, 0.02, 8.84E-3, 5.21E-3, 3.16E-3, 1.95E-3, 1.23E-3, 7.81E-4])
(13757, 2, 1, 10, [0.18, 0.06, 0.03, 0.02, 8.84E-3, 5.21E-3, 3.16E-3, 1.95E-3, 1.23E-3, 7.81E-4])
(13759, 2, 1, 10, [0.18, 0.06, 0.03, 0.02, 8.84E-3, 5.21E-3, 3.16E-3, 1.95E-3, 1.23E-3, 7.81E-4])
(13763, 2, 1, 10, [0.18, 0.06, 0.03, 0.02, 8.84E-3, 5.21E-3, 3.16E-3, 1.95E-3, 1.23E-3, 7.81E-4])
(13781, 2, 1, 10, [0.18, 0.06, 0.03, 0.02, 8.84E-3, 5.21E-3, 3.16E-3, 1.95E-3, 1.23E-3, 7.81E-4])
(13789, 2, 1, 10, [0.18, 0.06, 0.03, 0.02, 8.84E-3, 5.21E-3, 3.16E-3, 1.95E-3, 1.23E-3, 7.81E-4])
(13799, 2, 1, 10, [0.18, 0.06, 0.03, 0.02, 8.84E-3, 5.21E-3, 3.16E-3, 1.95E-3, 1.23E-3, 7.81E-4])
(13807, 2, 1, 10, [0.18, 0.06, 0.03, 0.02, 8.84E-3, 5.21E-3, 3.16E-3, 1.95E-3, 1.23E-3, 7.81E-4])
(13829, 2, 1, 10, [0.18, 0.06, 0.03, 0.02, 8.84E-3, 5.21E-3, 3.16E-3, 1.95E-3, 1.23E-3, 7.81E-4])
(13831, 2, 1, 10, [0.18, 0.06, 0.03, 0.02, 8.84E-3, 5.21E-3, 3.16E-3, 1.95E-3, 1.23E-3, 7.81E-4])
(13841, 2, 1, 10, [8.00E-13, 0.06, 6.67E-13, 0.02, 8.40E-13, 5.21E-3, 1.21E-12, 1.95E-3, 1.89E-12, 7.81E-4])
(13859, 2, 1, 10, [0.18, 0.06, 0.03, 0.02, 8.84E-3, 5.21E-3, 3.16E-3, 1.95E-3, 1.23E-3, 7.81E-4])
(13873, 2, 1, 10, [2.38E-12, 0.06, 1.99E-12, 0.02, 2.50E-12, 5.21E-3, 3.62E-12, 1.95E-3, 5.64E-12, 7.81E-4])
(13877, 2, 1, 10, [0.18, 0.06, 0.03, 0.02, 8.84E-3, 5.21E-3, 3.16E-3, 1.95E-3, 1.23E-3, 7.81E-4])
(13879, 2, 1, 10, [0.18, 0.06, 0.03, 0.02, 8.84E-3, 5.21E-3, 3.16E-3, 1.95E-3, 1.23E-3, 7.81E-4])
(13883, 2, 1, 10, [0.18, 0.06, 0.03, 0.02, 8.84E-3, 5.21E-3, 3.16E-3, 1.95E-3, 1.23E-3, 7.81E-4])
(13901, 2, 1, 10, [0.18, 0.06, 0.03, 0.02, 8.84E-3, 5.21E-3, 3.16E-3, 1.95E-3, 1.23E-3, 7.81E-4])
(13903, 2, 1, 10, [0.18, 0.06, 0.03, 0.02, 8.84E-3, 5.21E-3, 3.16E-3, 1.95E-3, 1.23E-3, 7.81E-4])
(13907, 2, 1, 10, [0.18, 0.06, 0.03, 0.02, 8.84E-3, 5.21E-3, 3.16E-3, 1.95E-3, 1.23E-3, 7.81E-4])
(13913, 2, 1, 10, [7.88E-13, 0.06, 6.56E-13, 0.02, 8.27E-13, 5.21E-3, 1.20E-12, 1.95E-3, 1.87E-12, 7.81E-4])
(13921, 2, 1, 10, [0.35, 0.19, 0.12, 0.08, 0.05, 0.04, 0.03, 0.02, 0.01, 8.59E-3])
(13931, 2, 1, 10, [0.18, 0.06, 0.03, 0.02, 8.84E-3, 5.21E-3, 3.16E-3, 1.95E-3, 1.23E-3, 7.81E-4])
(13933, 2, 1, 10, [0.18, 0.06, 0.03, 0.02, 8.84E-3, 5.21E-3, 3.16E-3, 1.95E-3, 1.23E-3, 7.81E-4])
(13963, 2, 1, 10, [0.18, 0.06, 0.03, 0.02, 8.84E-3, 5.21E-3, 3.16E-3, 1.95E-3, 1.23E-3, 7.81E-4])
(13967, 2, 1, 10, [0.18, 0.06, 0.03, 0.02, 8.84E-3, 5.21E-3, 3.16E-3, 1.95E-3, 1.23E-3, 7.81E-4])
(13997, 2, 1, 10, [0.18, 0.06, 0.03, 0.02, 8.84E-3, 5.21E-3, 3.16E-3, 1.95E-3, 1.23E-3, 7.81E-4])
(13999, 2, 1, 10, [0.18, 0.06, 0.03, 0.02, 8.84E-3, 5.21E-3, 3.16E-3, 1.95E-3, 1.23E-3, 7.81E-4])
(14009, 2, 1, 10, [7.72E-13, 0.06, 6.43E-13, 0.02, 8.10E-13, 5.21E-3, 1.17E-12, 1.95E-3, 1.83E-12, 7.81E-4])
(14011, 2, 1, 10, [0.18, 0.06, 0.03, 0.02, 8.84E-3, 5.21E-3, 3.16E-3, 1.95E-3, 1.23E-3, 7.81E-4])
(14029, 2, 1, 10, [0.18, 0.06, 0.03, 0.02, 8.84E-3, 5.21E-3, 3.16E-3, 1.95E-3, 1.23E-3, 7.81E-4])
(14033, 2, 1, 10, [7.68E-13, 0.06, 6.40E-13, 0.02, 8.06E-13, 5.21E-3, 1.17E-12, 1.95E-3, 1.82E-12, 7.81E-4])
(14051, 2, 1, 10, [0.18, 0.06, 0.03, 0.02, 8.84E-3, 5.21E-3, 3.16E-3, 1.95E-3, 1.23E-3, 7.81E-4])
(14057, 2, 1, 10, [7.64E-13, 0.06, 6.36E-13, 0.02, 8.02E-13, 5.21E-3, 1.16E-12, 1.95E-3, 1.81E-12, 7.81E-4])
(14071, 2, 1, 10, [0.18, 0.06, 0.03, 0.02, 8.84E-3, 5.21E-3, 3.16E-3, 1.95E-3, 1.23E-3, 7.81E-4])
(14081, 2, 1, 10, [7.60E-13, 0.06, 6.33E-13, 0.02, 7.98E-13, 5.21E-3, 1.15E-12, 1.95E-3, 1.80E-12, 7.81E-4])
(14083, 2, 1, 10, [0.18, 0.06, 0.03, 0.02, 8.84E-3, 5.21E-3, 3.16E-3, 1.95E-3, 1.23E-3, 7.81E-4])
(14087, 2, 1, 10, [0.18, 0.06, 0.03, 0.02, 8.84E-3, 5.21E-3, 3.16E-3, 1.95E-3, 1.23E-3, 7.81E-4])
(14107, 2, 1, 10, [0.18, 0.06, 0.03, 0.02, 8.84E-3, 5.21E-3, 3.16E-3, 1.95E-3, 1.23E-3, 7.81E-4])
(14143, 2, 1, 10, [0.18, 0.06, 0.03, 0.02, 8.84E-3, 5.21E-3, 3.16E-3, 1.95E-3, 1.23E-3, 7.81E-4])
(14149, 2, 1, 10, [0.18, 0.06, 0.03, 0.02, 8.84E-3, 5.21E-3, 3.16E-3, 1.95E-3, 1.23E-3, 7.81E-4])
(14153, 2, 1, 10, [7.48E-13, 0.06, 6.24E-13, 0.02, 7.86E-13, 5.21E-3, 1.14E-12, 1.95E-3, 1.77E-12, 7.81E-4])
(14159, 2, 1, 10, [0.18, 0.06, 0.03, 0.02, 8.84E-3, 5.21E-3, 3.16E-3, 1.95E-3, 1.23E-3, 7.81E-4])
(14173, 2, 1, 10, [0.18, 0.06, 0.03, 0.02, 8.84E-3, 5.21E-3, 3.16E-3, 1.95E-3, 1.23E-3, 7.81E-4])
(14177, 2, 1, 10, [7.45E-13, 0.06, 6.20E-13, 0.02, 7.82E-13, 5.21E-3, 1.13E-12, 1.95E-3, 1.76E-12, 7.81E-4])
(14197, 2, 1, 10, [0.18, 0.06, 0.03, 0.02, 8.84E-3, 5.21E-3, 3.16E-3, 1.95E-3, 1.23E-3, 7.81E-4])
(14207, 2, 1, 10, [0.18, 0.06, 0.03, 0.02, 8.84E-3, 5.21E-3, 3.16E-3, 1.95E-3, 1.23E-3, 7.81E-4])
(14221, 2, 1, 10, [0.18, 0.06, 0.03, 0.02, 8.84E-3, 5.21E-3, 3.16E-3, 1.95E-3, 1.23E-3, 7.81E-4])
(14243, 2, 1, 10, [0.18, 0.06, 0.03, 0.02, 8.84E-3, 5.21E-3, 3.16E-3, 1.95E-3, 1.23E-3, 7.81E-4])
(14249, 2, 1, 10, [7.33E-13, 0.06, 6.11E-13, 0.02, 7.70E-13, 5.21E-3, 1.11E-12, 1.95E-3, 1.74E-12, 7.81E-4])
(14251, 2, 1, 10, [0.18, 0.06, 0.03, 0.02, 8.84E-3, 5.21E-3, 3.16E-3, 1.95E-3, 1.23E-3, 7.81E-4])
(14281, 2, 1, 10, [2.19E-12, 0.06, 1.82E-12, 0.02, 2.29E-12, 5.21E-3, 3.32E-12, 1.95E-3, 5.17E-12, 7.81E-4])
(14293, 2, 1, 10, [0.18, 0.06, 0.03, 0.02, 8.84E-3, 5.21E-3, 3.16E-3, 1.95E-3, 1.23E-3, 7.81E-4])
(14303, 2, 1, 10, [0.18, 0.06, 0.03, 0.02, 8.84E-3, 5.21E-3, 3.16E-3, 1.95E-3, 1.23E-3, 7.81E-4])
(14321, 2, 1, 10, [7.22E-13, 0.06, 6.02E-13, 0.02, 7.58E-13, 5.21E-3, 1.10E-12, 1.95E-3, 1.71E-12, 7.81E-4])
(14323, 2, 1, 10, [0.18, 0.06, 0.03, 0.02, 8.84E-3, 5.21E-3, 3.16E-3, 1.95E-3, 1.23E-3, 7.81E-4])
(14327, 2, 1, 10, [0.18, 0.06, 0.03, 0.02, 8.84E-3, 5.21E-3, 3.16E-3, 1.95E-3, 1.23E-3, 7.81E-4])
(14341, 2, 1, 10, [0.18, 0.06, 0.03, 0.02, 8.84E-3, 5.21E-3, 3.16E-3, 1.95E-3, 1.23E-3, 7.81E-4])
(14347, 2, 1, 10, [0.18, 0.06, 0.03, 0.02, 8.84E-3, 5.21E-3, 3.16E-3, 1.95E-3, 1.23E-3, 7.81E-4])
(14369, 2, 1, 10, [7.15E-13, 0.06, 5.96E-13, 0.02, 7.51E-13, 5.21E-3, 1.09E-12, 1.95E-3, 1.69E-12, 7.81E-4])
(14387, 2, 1, 10, [0.18, 0.06, 0.03, 0.02, 8.84E-3, 5.21E-3, 3.16E-3, 1.95E-3, 1.23E-3, 7.81E-4])
(14389, 2, 1, 10, [0.18, 0.06, 0.03, 0.02, 8.84E-3, 5.21E-3, 3.16E-3, 1.95E-3, 1.23E-3, 7.81E-4])
(14401, 2, 1, 10, [2.13E-12, 0.06, 1.78E-12, 0.02, 2.24E-12, 5.21E-3, 3.23E-12, 1.95E-3, 5.05E-12, 7.81E-4])
(14407, 2, 1, 10, [0.18, 0.06, 0.03, 0.02, 8.84E-3, 5.21E-3, 3.16E-3, 1.95E-3, 1.23E-3, 7.81E-4])
(14411, 2, 1, 10, [0.18, 0.06, 0.03, 0.02, 8.84E-3, 5.21E-3, 3.16E-3, 1.95E-3, 1.23E-3, 7.81E-4])
(14419, 2, 1, 10, [0.18, 0.06, 0.03, 0.02, 8.84E-3, 5.21E-3, 3.16E-3, 1.95E-3, 1.23E-3, 7.81E-4])
(14423, 2, 1, 10, [0.18, 0.06, 0.03, 0.02, 8.84E-3, 5.21E-3, 3.16E-3, 1.95E-3, 1.23E-3, 7.81E-4])
(14431, 2, 1, 10, [0.18, 0.06, 0.03, 0.02, 8.84E-3, 5.21E-3, 3.16E-3, 1.95E-3, 1.23E-3, 7.81E-4])
(14437, 2, 1, 10, [0.18, 0.06, 0.03, 0.02, 8.84E-3, 5.21E-3, 3.16E-3, 1.95E-3, 1.23E-3, 7.81E-4])
(14447, 2, 1, 10, [0.18, 0.06, 0.03, 0.02, 8.84E-3, 5.21E-3, 3.16E-3, 1.95E-3, 1.23E-3, 7.81E-4])
(14449, 2, 1, 10, [2.11E-12, 0.06, 1.76E-12, 0.02, 2.22E-12, 5.21E-3, 3.20E-12, 1.95E-3, 5.00E-12, 7.81E-4])
(14461, 2, 1, 10, [0.18, 0.06, 0.03, 0.02, 8.84E-3, 5.21E-3, 3.16E-3, 1.95E-3, 1.23E-3, 7.81E-4])
(14479, 2, 1, 10, [0.18, 0.06, 0.03, 0.02, 8.84E-3, 5.21E-3, 3.16E-3, 1.95E-3, 1.23E-3, 7.81E-4])
(14489, 2, 1, 10, [6.97E-13, 0.06, 5.81E-13, 0.02, 7.32E-13, 5.21E-3, 1.06E-12, 1.95E-3, 1.65E-12, 7.81E-4])
(14503, 2, 1, 10, [0.18, 0.06, 0.03, 0.02, 8.84E-3, 5.21E-3, 3.16E-3, 1.95E-3, 1.23E-3, 7.81E-4])
(14519, 2, 1, 10, [0.18, 0.06, 0.03, 0.02, 8.84E-3, 5.21E-3, 3.16E-3, 1.95E-3, 1.23E-3, 7.81E-4])
(14533, 2, 1, 10, [0.18, 0.06, 0.03, 0.02, 8.84E-3, 5.21E-3, 3.16E-3, 1.95E-3, 1.23E-3, 7.81E-4])
(14537, 2, 1, 10, [6.91E-13, 0.06, 5.75E-13, 0.02, 7.25E-13, 5.21E-3, 1.05E-12, 1.95E-3, 1.64E-12, 7.81E-4])
(14543, 2, 1, 10, [0.18, 0.06, 0.03, 0.02, 8.84E-3, 5.21E-3, 3.16E-3, 1.95E-3, 1.23E-3, 7.81E-4])
(14549, 2, 1, 10, [0.18, 0.06, 0.03, 0.02, 8.84E-3, 5.21E-3, 3.16E-3, 1.95E-3, 1.23E-3, 7.81E-4])
(14551, 2, 1, 10, [0.18, 0.06, 0.03, 0.02, 8.84E-3, 5.21E-3, 3.16E-3, 1.95E-3, 1.23E-3, 7.81E-4])
(14557, 2, 1, 10, [0.18, 0.06, 0.03, 0.02, 8.84E-3, 5.21E-3, 3.16E-3, 1.95E-3, 1.23E-3, 7.81E-4])
(14561, 2, 1, 10, [6.87E-13, 0.06, 5.73E-13, 0.02, 7.22E-13, 5.21E-3, 1.04E-12, 1.95E-3, 1.63E-12, 7.81E-4])
(14563, 2, 1, 10, [0.18, 0.06, 0.03, 0.02, 8.84E-3, 5.21E-3, 3.16E-3, 1.95E-3, 1.23E-3, 7.81E-4])
(14591, 2, 1, 10, [0.18, 0.06, 0.03, 0.02, 8.84E-3, 5.21E-3, 3.16E-3, 1.95E-3, 1.23E-3, 7.81E-4])
(14593, 2, 1, 10, [2.05E-12, 0.06, 1.71E-12, 0.02, 2.15E-12, 5.21E-3, 3.11E-12, 1.95E-3, 4.85E-12, 7.81E-4])
(14621, 2, 1, 10, [0.18, 0.06, 0.03, 0.02, 8.84E-3, 5.21E-3, 3.16E-3, 1.95E-3, 1.23E-3, 7.81E-4])
(14627, 2, 1, 10, [0.18, 0.06, 0.03, 0.02, 8.84E-3, 5.21E-3, 3.16E-3, 1.95E-3, 1.23E-3, 7.81E-4])
(14629, 2, 1, 10, [0.18, 0.06, 0.03, 0.02, 8.84E-3, 5.21E-3, 3.16E-3, 1.95E-3, 1.23E-3, 7.81E-4])
(14633, 2, 1, 10, [6.77E-13, 0.06, 5.64E-13, 0.02, 7.11E-13, 5.21E-3, 1.03E-12, 1.95E-3, 1.60E-12, 7.81E-4])
(14639, 2, 1, 10, [0.18, 0.06, 0.03, 0.02, 8.84E-3, 5.21E-3, 3.16E-3, 1.95E-3, 1.23E-3, 7.81E-4])
(14653, 2, 1, 10, [0.18, 0.06, 0.03, 0.02, 8.84E-3, 5.21E-3, 3.16E-3, 1.95E-3, 1.23E-3, 7.81E-4])
(14657, 2, 1, 10, [6.74E-13, 0.06, 5.61E-13, 0.02, 7.07E-13, 5.21E-3, 1.02E-12, 1.95E-3, 1.60E-12, 7.81E-4])
(14669, 2, 1, 10, [0.18, 0.06, 0.03, 0.02, 8.84E-3, 5.21E-3, 3.16E-3, 1.95E-3, 1.23E-3, 7.81E-4])
(14683, 2, 1, 10, [0.18, 0.06, 0.03, 0.02, 8.84E-3, 5.21E-3, 3.16E-3, 1.95E-3, 1.23E-3, 7.81E-4])
(14699, 2, 1, 10, [0.18, 0.06, 0.03, 0.02, 8.84E-3, 5.21E-3, 3.16E-3, 1.95E-3, 1.23E-3, 7.81E-4])
(14713, 2, 1, 10, [2.00E-12, 0.06, 1.67E-12, 0.02, 2.10E-12, 5.21E-3, 3.03E-12, 1.95E-3, 4.73E-12, 7.81E-4])
(14717, 2, 1, 10, [0.18, 0.06, 0.03, 0.02, 8.84E-3, 5.21E-3, 3.16E-3, 1.95E-3, 1.23E-3, 7.81E-4])
(14723, 2, 1, 10, [0.18, 0.06, 0.03, 0.02, 8.84E-3, 5.21E-3, 3.16E-3, 1.95E-3, 1.23E-3, 7.81E-4])
(14731, 2, 1, 10, [0.18, 0.06, 0.03, 0.02, 8.84E-3, 5.21E-3, 3.16E-3, 1.95E-3, 1.23E-3, 7.81E-4])
(14737, 2, 1, 10, [1.99E-12, 0.06, 1.66E-12, 0.02, 2.09E-12, 5.21E-3, 3.02E-12, 1.95E-3, 4.71E-12, 7.81E-4])
(14741, 2, 1, 10, [0.18, 0.06, 0.03, 0.02, 8.84E-3, 5.21E-3, 3.16E-3, 1.95E-3, 1.23E-3, 7.81E-4])
(14747, 2, 1, 10, [0.18, 0.06, 0.03, 0.02, 8.84E-3, 5.21E-3, 3.16E-3, 1.95E-3, 1.23E-3, 7.81E-4])
(14753, 2, 1, 10, [6.61E-13, 0.06, 5.51E-13, 0.02, 6.94E-13, 5.21E-3, 1.00E-12, 1.95E-3, 1.56E-12, 7.81E-4])
(14759, 2, 1, 10, [0.18, 0.06, 0.03, 0.02, 8.84E-3, 5.21E-3, 3.16E-3, 1.95E-3, 1.23E-3, 7.81E-4])
(14767, 2, 1, 10, [0.18, 0.06, 0.03, 0.02, 8.84E-3, 5.21E-3, 3.16E-3, 1.95E-3, 1.23E-3, 7.81E-4])
(14771, 2, 1, 10, [0.18, 0.06, 0.03, 0.02, 8.84E-3, 5.21E-3, 3.16E-3, 1.95E-3, 1.23E-3, 7.81E-4])
(14779, 2, 1, 10, [0.18, 0.06, 0.03, 0.02, 8.84E-3, 5.21E-3, 3.16E-3, 1.95E-3, 1.23E-3, 7.81E-4])
(14783, 2, 1, 10, [0.18, 0.06, 0.03, 0.02, 8.84E-3, 5.21E-3, 3.16E-3, 1.95E-3, 1.23E-3, 7.81E-4])
(14797, 2, 1, 10, [0.18, 0.06, 0.03, 0.02, 8.84E-3, 5.21E-3, 3.16E-3, 1.95E-3, 1.23E-3, 7.81E-4])
(14813, 2, 1, 10, [0.18, 0.06, 0.03, 0.02, 8.84E-3, 5.21E-3, 3.16E-3, 1.95E-3, 1.23E-3, 7.81E-4])
(14821, 2, 1, 10, [0.18, 0.06, 0.03, 0.02, 8.84E-3, 5.21E-3, 3.16E-3, 1.95E-3, 1.23E-3, 7.81E-4])
(14827, 2, 1, 10, [0.18, 0.06, 0.03, 0.02, 8.84E-3, 5.21E-3, 3.16E-3, 1.95E-3, 1.23E-3, 7.81E-4])
(14831, 2, 1, 10, [0.18, 0.06, 0.03, 0.02, 8.84E-3, 5.21E-3, 3.16E-3, 1.95E-3, 1.23E-3, 7.81E-4])
(14843, 2, 1, 10, [0.18, 0.06, 0.03, 0.02, 8.84E-3, 5.21E-3, 3.16E-3, 1.95E-3, 1.23E-3, 7.81E-4])
(14851, 2, 1, 10, [0.18, 0.06, 0.03, 0.02, 8.84E-3, 5.21E-3, 3.16E-3, 1.95E-3, 1.23E-3, 7.81E-4])
(14867, 2, 1, 10, [0.18, 0.06, 0.03, 0.02, 8.84E-3, 5.21E-3, 3.16E-3, 1.95E-3, 1.23E-3, 7.81E-4])
(14869, 2, 1, 10, [0.18, 0.06, 0.03, 0.02, 8.84E-3, 5.21E-3, 3.16E-3, 1.95E-3, 1.23E-3, 7.81E-4])
(14879, 2, 1, 10, [0.18, 0.06, 0.03, 0.02, 8.84E-3, 5.21E-3, 3.16E-3, 1.95E-3, 1.23E-3, 7.81E-4])
(14887, 2, 1, 10, [0.18, 0.06, 0.03, 0.02, 8.84E-3, 5.21E-3, 3.16E-3, 1.95E-3, 1.23E-3, 7.81E-4])
(14891, 2, 1, 10, [0.18, 0.06, 0.03, 0.02, 8.84E-3, 5.21E-3, 3.16E-3, 1.95E-3, 1.23E-3, 7.81E-4])
(14897, 2, 1, 10, [6.42E-13, 0.06, 5.35E-13, 0.02, 6.74E-13, 5.21E-3, 9.74E-13, 1.95E-3, 1.52E-12, 7.81E-4])
(14923, 2, 1, 10, [0.18, 0.06, 0.03, 0.02, 8.84E-3, 5.21E-3, 3.16E-3, 1.95E-3, 1.23E-3, 7.81E-4])
(14929, 2, 1, 10, [0.35, 0.19, 0.12, 0.08, 0.05, 0.04, 0.03, 0.02, 0.01, 8.59E-3])
(14939, 2, 1, 10, [0.18, 0.06, 0.03, 0.02, 8.84E-3, 5.21E-3, 3.16E-3, 1.95E-3, 1.23E-3, 7.81E-4])
(14947, 2, 1, 10, [0.18, 0.06, 0.03, 0.02, 8.84E-3, 5.21E-3, 3.16E-3, 1.95E-3, 1.23E-3, 7.81E-4])
(14951, 2, 1, 10, [0.18, 0.06, 0.03, 0.02, 8.84E-3, 5.21E-3, 3.16E-3, 1.95E-3, 1.23E-3, 7.81E-4])
(14957, 2, 1, 10, [0.18, 0.06, 0.03, 0.02, 8.84E-3, 5.21E-3, 3.16E-3, 1.95E-3, 1.23E-3, 7.81E-4])
(14969, 2, 1, 10, [6.32E-13, 0.06, 5.27E-13, 0.02, 6.64E-13, 5.21E-3, 9.60E-13, 1.95E-3, 1.50E-12, 7.81E-4])
(14983, 2, 1, 10, [0.18, 0.06, 0.03, 0.02, 8.84E-3, 5.21E-3, 3.16E-3, 1.95E-3, 1.23E-3, 7.81E-4])
(15013, 2, 1, 10, [0.18, 0.06, 0.03, 0.02, 8.84E-3, 5.21E-3, 3.16E-3, 1.95E-3, 1.23E-3, 7.81E-4])
(15017, 2, 1, 10, [6.26E-13, 0.06, 5.22E-13, 0.02, 6.58E-13, 5.21E-3, 9.51E-13, 1.95E-3, 1.48E-12, 7.81E-4])
(15031, 2, 1, 10, [0.18, 0.06, 0.03, 0.02, 8.84E-3, 5.21E-3, 3.16E-3, 1.95E-3, 1.23E-3, 7.81E-4])
(15053, 2, 1, 10, [0.18, 0.06, 0.03, 0.02, 8.84E-3, 5.21E-3, 3.16E-3, 1.95E-3, 1.23E-3, 7.81E-4])
(15061, 2, 1, 10, [0.18, 0.06, 0.03, 0.02, 8.84E-3, 5.21E-3, 3.16E-3, 1.95E-3, 1.23E-3, 7.81E-4])
(15073, 2, 1, 10, [1.86E-12, 0.06, 1.55E-12, 0.02, 1.95E-12, 5.21E-3, 2.82E-12, 1.95E-3, 4.40E-12, 7.81E-4])
(15077, 2, 1, 10, [0.18, 0.06, 0.03, 0.02, 8.84E-3, 5.21E-3, 3.16E-3, 1.95E-3, 1.23E-3, 7.81E-4])
(15083, 2, 1, 10, [0.18, 0.06, 0.03, 0.02, 8.84E-3, 5.21E-3, 3.16E-3, 1.95E-3, 1.23E-3, 7.81E-4])
(15091, 2, 1, 10, [0.18, 0.06, 0.03, 0.02, 8.84E-3, 5.21E-3, 3.16E-3, 1.95E-3, 1.23E-3, 7.81E-4])
(15101, 2, 1, 10, [0.18, 0.06, 0.03, 0.02, 8.84E-3, 5.21E-3, 3.16E-3, 1.95E-3, 1.23E-3, 7.81E-4])
(15107, 2, 1, 10, [0.18, 0.06, 0.03, 0.02, 8.84E-3, 5.21E-3, 3.16E-3, 1.95E-3, 1.23E-3, 7.81E-4])
(15121, 2, 1, 10, [1.84E-12, 0.06, 1.53E-12, 0.02, 1.93E-12, 5.21E-3, 2.79E-12, 1.95E-3, 4.36E-12, 7.81E-4])
(15131, 2, 1, 10, [0.18, 0.06, 0.03, 0.02, 8.84E-3, 5.21E-3, 3.16E-3, 1.95E-3, 1.23E-3, 7.81E-4])
(15137, 2, 1, 10, [6.12E-13, 0.06, 5.10E-13, 0.02, 6.42E-13, 5.21E-3, 9.28E-13, 1.95E-3, 1.45E-12, 7.81E-4])
(15139, 2, 1, 10, [0.18, 0.06, 0.03, 0.02, 8.84E-3, 5.21E-3, 3.16E-3, 1.95E-3, 1.23E-3, 7.81E-4])
(15149, 2, 1, 10, [0.18, 0.06, 0.03, 0.02, 8.84E-3, 5.21E-3, 3.16E-3, 1.95E-3, 1.23E-3, 7.81E-4])
(15161, 2, 1, 10, [6.09E-13, 0.06, 5.07E-13, 0.02, 6.39E-13, 5.21E-3, 9.24E-13, 1.95E-3, 1.44E-12, 7.81E-4])
(15173, 2, 1, 10, [0.18, 0.06, 0.03, 0.02, 8.84E-3, 5.21E-3, 3.16E-3, 1.95E-3, 1.23E-3, 7.81E-4])
(15187, 2, 1, 10, [0.18, 0.06, 0.03, 0.02, 8.84E-3, 5.21E-3, 3.16E-3, 1.95E-3, 1.23E-3, 7.81E-4])
(15193, 2, 1, 10, [1.81E-12, 0.06, 1.51E-12, 0.02, 1.91E-12, 5.21E-3, 2.75E-12, 1.95E-3, 4.30E-12, 7.81E-4])
(15199, 2, 1, 10, [0.18, 0.06, 0.03, 0.02, 8.84E-3, 5.21E-3, 3.16E-3, 1.95E-3, 1.23E-3, 7.81E-4])
(15217, 2, 1, 10, [1.81E-12, 0.06, 1.51E-12, 0.02, 1.90E-12, 5.21E-3, 2.74E-12, 1.95E-3, 4.28E-12, 7.81E-4])
(15227, 2, 1, 10, [0.18, 0.06, 0.03, 0.02, 8.84E-3, 5.21E-3, 3.16E-3, 1.95E-3, 1.23E-3, 7.81E-4])
(15233, 2, 1, 10, [6.00E-13, 0.06, 5.00E-13, 0.02, 6.30E-13, 5.21E-3, 9.11E-13, 1.95E-3, 1.42E-12, 7.81E-4])
(15241, 2, 1, 10, [1.80E-12, 0.06, 1.50E-12, 0.02, 1.89E-12, 5.21E-3, 2.73E-12, 1.95E-3, 4.26E-12, 7.81E-4])
(15259, 2, 1, 10, [0.18, 0.06, 0.03, 0.02, 8.84E-3, 5.21E-3, 3.16E-3, 1.95E-3, 1.23E-3, 7.81E-4])
(15263, 2, 1, 10, [0.18, 0.06, 0.03, 0.02, 8.84E-3, 5.21E-3, 3.16E-3, 1.95E-3, 1.23E-3, 7.81E-4])
(15269, 2, 1, 10, [0.18, 0.06, 0.03, 0.02, 8.84E-3, 5.21E-3, 3.16E-3, 1.95E-3, 1.23E-3, 7.81E-4])
(15271, 2, 1, 10, [0.18, 0.06, 0.03, 0.02, 8.84E-3, 5.21E-3, 3.16E-3, 1.95E-3, 1.23E-3, 7.81E-4])
(15277, 2, 1, 10, [0.18, 0.06, 0.03, 0.02, 8.84E-3, 5.21E-3, 3.16E-3, 1.95E-3, 1.23E-3, 7.81E-4])
(15287, 2, 1, 10, [0.18, 0.06, 0.03, 0.02, 8.84E-3, 5.21E-3, 3.16E-3, 1.95E-3, 1.23E-3, 7.81E-4])
(15289, 2, 1, 10, [1.78E-12, 0.06, 1.48E-12, 0.02, 1.87E-12, 5.21E-3, 2.70E-12, 1.95E-3, 4.22E-12, 7.81E-4])
(15299, 2, 1, 10, [0.18, 0.06, 0.03, 0.02, 8.84E-3, 5.21E-3, 3.16E-3, 1.95E-3, 1.23E-3, 7.81E-4])
(15307, 2, 1, 10, [0.18, 0.06, 0.03, 0.02, 8.84E-3, 5.21E-3, 3.16E-3, 1.95E-3, 1.23E-3, 7.81E-4])
(15313, 2, 1, 10, [1.77E-12, 0.06, 1.48E-12, 0.02, 1.86E-12, 5.21E-3, 2.69E-12, 1.95E-3, 4.20E-12, 7.81E-4])
(15319, 2, 1, 10, [0.18, 0.06, 0.03, 0.02, 8.84E-3, 5.21E-3, 3.16E-3, 1.95E-3, 1.23E-3, 7.81E-4])
(15329, 2, 1, 10, [5.89E-13, 0.06, 4.91E-13, 0.02, 6.18E-13, 5.21E-3, 8.94E-13, 1.95E-3, 1.39E-12, 7.81E-4])
(15331, 2, 1, 10, [0.18, 0.06, 0.03, 0.02, 8.84E-3, 5.21E-3, 3.16E-3, 1.95E-3, 1.23E-3, 7.81E-4])
(15349, 2, 1, 10, [0.18, 0.06, 0.03, 0.02, 8.84E-3, 5.21E-3, 3.16E-3, 1.95E-3, 1.23E-3, 7.81E-4])
(15359, 2, 1, 10, [0.18, 0.06, 0.03, 0.02, 8.84E-3, 5.21E-3, 3.16E-3, 1.95E-3, 1.23E-3, 7.81E-4])
(15361, 2, 1, 10, [0.35, 0.19, 0.12, 0.08, 0.05, 0.04, 0.03, 0.02, 0.01, 8.59E-3])
(15373, 2, 1, 10, [0.18, 0.06, 0.03, 0.02, 8.84E-3, 5.21E-3, 3.16E-3, 1.95E-3, 1.23E-3, 7.81E-4])
(15377, 2, 1, 10, [5.83E-13, 0.06, 4.86E-13, 0.02, 6.13E-13, 5.21E-3, 8.86E-13, 1.95E-3, 1.38E-12, 7.81E-4])
(15383, 2, 1, 10, [0.18, 0.06, 0.03, 0.02, 8.84E-3, 5.21E-3, 3.16E-3, 1.95E-3, 1.23E-3, 7.81E-4])
(15391, 2, 1, 10, [0.18, 0.06, 0.03, 0.02, 8.84E-3, 5.21E-3, 3.16E-3, 1.95E-3, 1.23E-3, 7.81E-4])
(15401, 2, 1, 10, [5.81E-13, 0.06, 4.84E-13, 0.02, 6.10E-13, 5.21E-3, 8.81E-13, 1.95E-3, 1.38E-12, 7.81E-4])
(15413, 2, 1, 10, [0.18, 0.06, 0.03, 0.02, 8.84E-3, 5.21E-3, 3.16E-3, 1.95E-3, 1.23E-3, 7.81E-4])
(15427, 2, 1, 10, [0.18, 0.06, 0.03, 0.02, 8.84E-3, 5.21E-3, 3.16E-3, 1.95E-3, 1.23E-3, 7.81E-4])
(15439, 2, 1, 10, [0.18, 0.06, 0.03, 0.02, 8.84E-3, 5.21E-3, 3.16E-3, 1.95E-3, 1.23E-3, 7.81E-4])
(15443, 2, 1, 10, [0.18, 0.06, 0.03, 0.02, 8.84E-3, 5.21E-3, 3.16E-3, 1.95E-3, 1.23E-3, 7.81E-4])
(15451, 2, 1, 10, [0.18, 0.06, 0.03, 0.02, 8.84E-3, 5.21E-3, 3.16E-3, 1.95E-3, 1.23E-3, 7.81E-4])
(15461, 2, 1, 10, [0.18, 0.06, 0.03, 0.02, 8.84E-3, 5.21E-3, 3.16E-3, 1.95E-3, 1.23E-3, 7.81E-4])
(15467, 2, 1, 10, [0.18, 0.06, 0.03, 0.02, 8.84E-3, 5.21E-3, 3.16E-3, 1.95E-3, 1.23E-3, 7.81E-4])
(15473, 2, 1, 10, [5.73E-13, 0.06, 4.77E-13, 0.02, 6.01E-13, 5.21E-3, 8.69E-13, 1.95E-3, 1.36E-12, 7.81E-4])
(15493, 2, 1, 10, [0.18, 0.06, 0.03, 0.02, 8.84E-3, 5.21E-3, 3.16E-3, 1.95E-3, 1.23E-3, 7.81E-4])
(15497, 2, 1, 10, [5.70E-13, 0.06, 4.75E-13, 0.02, 5.99E-13, 5.21E-3, 8.65E-13, 1.95E-3, 1.35E-12, 7.81E-4])
(15511, 2, 1, 10, [0.18, 0.06, 0.03, 0.02, 8.84E-3, 5.21E-3, 3.16E-3, 1.95E-3, 1.23E-3, 7.81E-4])
(15527, 2, 1, 10, [0.18, 0.06, 0.03, 0.02, 8.84E-3, 5.21E-3, 3.16E-3, 1.95E-3, 1.23E-3, 7.81E-4])
(15541, 2, 1, 10, [0.18, 0.06, 0.03, 0.02, 8.84E-3, 5.21E-3, 3.16E-3, 1.95E-3, 1.23E-3, 7.81E-4])
(15551, 2, 1, 10, [0.18, 0.06, 0.03, 0.02, 8.84E-3, 5.21E-3, 3.16E-3, 1.95E-3, 1.23E-3, 7.81E-4])
(15559, 2, 1, 10, [0.18, 0.06, 0.03, 0.02, 8.84E-3, 5.21E-3, 3.16E-3, 1.95E-3, 1.23E-3, 7.81E-4])
(15569, 2, 1, 10, [5.62E-13, 0.06, 4.68E-13, 0.02, 5.90E-13, 5.21E-3, 8.53E-13, 1.95E-3, 1.33E-12, 7.81E-4])
(15581, 2, 1, 10, [0.18, 0.06, 0.03, 0.02, 8.84E-3, 5.21E-3, 3.16E-3, 1.95E-3, 1.23E-3, 7.81E-4])
(15583, 2, 1, 10, [0.18, 0.06, 0.03, 0.02, 8.84E-3, 5.21E-3, 3.16E-3, 1.95E-3, 1.23E-3, 7.81E-4])
(15601, 2, 1, 10, [0.35, 0.19, 0.12, 0.08, 0.05, 0.04, 0.03, 0.02, 0.01, 8.59E-3])
(15607, 2, 1, 10, [0.18, 0.06, 0.03, 0.02, 8.84E-3, 5.21E-3, 3.16E-3, 1.95E-3, 1.23E-3, 7.81E-4])
(15619, 2, 1, 10, [0.18, 0.06, 0.03, 0.02, 8.84E-3, 5.21E-3, 3.16E-3, 1.95E-3, 1.23E-3, 7.81E-4])
(15629, 2, 1, 10, [0.18, 0.06, 0.03, 0.02, 8.84E-3, 5.21E-3, 3.16E-3, 1.95E-3, 1.23E-3, 7.81E-4])
(15641, 2, 1, 10, [5.54E-13, 0.06, 4.62E-13, 0.02, 5.82E-13, 5.21E-3, 8.42E-13, 1.95E-3, 1.31E-12, 7.81E-4])
(15643, 2, 1, 10, [0.18, 0.06, 0.03, 0.02, 8.84E-3, 5.21E-3, 3.16E-3, 1.95E-3, 1.23E-3, 7.81E-4])
(15647, 2, 1, 10, [0.18, 0.06, 0.03, 0.02, 8.84E-3, 5.21E-3, 3.16E-3, 1.95E-3, 1.23E-3, 7.81E-4])
(15649, 2, 1, 10, [1.66E-12, 0.06, 1.38E-12, 0.02, 1.74E-12, 5.21E-3, 2.52E-12, 1.95E-3, 3.93E-12, 7.81E-4])
(15661, 2, 1, 10, [0.18, 0.06, 0.03, 0.02, 8.84E-3, 5.21E-3, 3.16E-3, 1.95E-3, 1.23E-3, 7.81E-4])
(15667, 2, 1, 10, [0.18, 0.06, 0.03, 0.02, 8.84E-3, 5.21E-3, 3.16E-3, 1.95E-3, 1.23E-3, 7.81E-4])
(15671, 2, 1, 10, [0.18, 0.06, 0.03, 0.02, 8.84E-3, 5.21E-3, 3.16E-3, 1.95E-3, 1.23E-3, 7.81E-4])
(15679, 2, 1, 10, [0.18, 0.06, 0.03, 0.02, 8.84E-3, 5.21E-3, 3.16E-3, 1.95E-3, 1.23E-3, 7.81E-4])
(15683, 2, 1, 10, [0.18, 0.06, 0.03, 0.02, 8.84E-3, 5.21E-3, 3.16E-3, 1.95E-3, 1.23E-3, 7.81E-4])
(15727, 2, 1, 10, [0.18, 0.06, 0.03, 0.02, 8.84E-3, 5.21E-3, 3.16E-3, 1.95E-3, 1.23E-3, 7.81E-4])
(15731, 2, 1, 10, [0.18, 0.06, 0.03, 0.02, 8.84E-3, 5.21E-3, 3.16E-3, 1.95E-3, 1.23E-3, 7.81E-4])
(15733, 2, 1, 10, [0.18, 0.06, 0.03, 0.02, 8.84E-3, 5.21E-3, 3.16E-3, 1.95E-3, 1.23E-3, 7.81E-4])
(15737, 2, 1, 10, [5.44E-13, 0.06, 4.54E-13, 0.02, 5.72E-13, 5.21E-3, 8.26E-13, 1.95E-3, 1.29E-12, 7.81E-4])
(15739, 2, 1, 10, [0.18, 0.06, 0.03, 0.02, 8.84E-3, 5.21E-3, 3.16E-3, 1.95E-3, 1.23E-3, 7.81E-4])
(15749, 2, 1, 10, [0.18, 0.06, 0.03, 0.02, 8.84E-3, 5.21E-3, 3.16E-3, 1.95E-3, 1.23E-3, 7.81E-4])
(15761, 2, 1, 10, [5.42E-13, 0.06, 4.52E-13, 0.02, 5.69E-13, 5.21E-3, 8.22E-13, 1.95E-3, 1.28E-12, 7.81E-4])
(15767, 2, 1, 10, [0.18, 0.06, 0.03, 0.02, 8.84E-3, 5.21E-3, 3.16E-3, 1.95E-3, 1.23E-3, 7.81E-4])
(15773, 2, 1, 10, [0.18, 0.06, 0.03, 0.02, 8.84E-3, 5.21E-3, 3.16E-3, 1.95E-3, 1.23E-3, 7.81E-4])
(15787, 2, 1, 10, [0.18, 0.06, 0.03, 0.02, 8.84E-3, 5.21E-3, 3.16E-3, 1.95E-3, 1.23E-3, 7.81E-4])
(15791, 2, 1, 10, [0.18, 0.06, 0.03, 0.02, 8.84E-3, 5.21E-3, 3.16E-3, 1.95E-3, 1.23E-3, 7.81E-4])
(15797, 2, 1, 10, [0.18, 0.06, 0.03, 0.02, 8.84E-3, 5.21E-3, 3.16E-3, 1.95E-3, 1.23E-3, 7.81E-4])
(15803, 2, 1, 10, [0.18, 0.06, 0.03, 0.02, 8.84E-3, 5.21E-3, 3.16E-3, 1.95E-3, 1.23E-3, 7.81E-4])
(15809, 2, 1, 10, [5.37E-13, 0.06, 4.47E-13, 0.02, 5.64E-13, 5.21E-3, 8.15E-13, 1.95E-3, 1.27E-12, 7.81E-4])
(15817, 2, 1, 10, [1.61E-12, 0.06, 1.34E-12, 0.02, 1.69E-12, 5.21E-3, 2.44E-12, 1.95E-3, 3.81E-12, 7.81E-4])
(15823, 2, 1, 10, [0.18, 0.06, 0.03, 0.02, 8.84E-3, 5.21E-3, 3.16E-3, 1.95E-3, 1.23E-3, 7.81E-4])
(15859, 2, 1, 10, [0.18, 0.06, 0.03, 0.02, 8.84E-3, 5.21E-3, 3.16E-3, 1.95E-3, 1.23E-3, 7.81E-4])
(15877, 2, 1, 10, [0.18, 0.06, 0.03, 0.02, 8.84E-3, 5.21E-3, 3.16E-3, 1.95E-3, 1.23E-3, 7.81E-4])
(15881, 2, 1, 10, [5.30E-13, 0.06, 4.41E-13, 0.02, 5.56E-13, 5.21E-3, 8.04E-13, 1.95E-3, 1.25E-12, 7.81E-4])
(15887, 2, 1, 10, [0.18, 0.06, 0.03, 0.02, 8.84E-3, 5.21E-3, 3.16E-3, 1.95E-3, 1.23E-3, 7.81E-4])
(15889, 2, 1, 10, [0.35, 0.19, 0.12, 0.08, 0.05, 0.04, 0.03, 0.02, 0.01, 8.59E-3])
(15901, 2, 1, 10, [0.18, 0.06, 0.03, 0.02, 8.84E-3, 5.21E-3, 3.16E-3, 1.95E-3, 1.23E-3, 7.81E-4])
(15907, 2, 1, 10, [0.18, 0.06, 0.03, 0.02, 8.84E-3, 5.21E-3, 3.16E-3, 1.95E-3, 1.23E-3, 7.81E-4])
(15913, 2, 1, 10, [1.58E-12, 0.06, 1.32E-12, 0.02, 1.66E-12, 5.21E-3, 2.40E-12, 1.95E-3, 3.74E-12, 7.81E-4])
(15919, 2, 1, 10, [0.18, 0.06, 0.03, 0.02, 8.84E-3, 5.21E-3, 3.16E-3, 1.95E-3, 1.23E-3, 7.81E-4])
(15923, 2, 1, 10, [0.18, 0.06, 0.03, 0.02, 8.84E-3, 5.21E-3, 3.16E-3, 1.95E-3, 1.23E-3, 7.81E-4])
(15937, 2, 1, 10, [1.57E-12, 0.06, 1.31E-12, 0.02, 1.65E-12, 5.21E-3, 2.39E-12, 1.95E-3, 3.72E-12, 7.81E-4])
(15959, 2, 1, 10, [0.18, 0.06, 0.03, 0.02, 8.84E-3, 5.21E-3, 3.16E-3, 1.95E-3, 1.23E-3, 7.81E-4])
(15971, 2, 1, 10, [0.18, 0.06, 0.03, 0.02, 8.84E-3, 5.21E-3, 3.16E-3, 1.95E-3, 1.23E-3, 7.81E-4])
(15973, 2, 1, 10, [0.18, 0.06, 0.03, 0.02, 8.84E-3, 5.21E-3, 3.16E-3, 1.95E-3, 1.23E-3, 7.81E-4])
(15991, 2, 1, 10, [0.18, 0.06, 0.03, 0.02, 8.84E-3, 5.21E-3, 3.16E-3, 1.95E-3, 1.23E-3, 7.81E-4])
(16001, 2, 1, 10, [5.18E-13, 0.06, 4.32E-13, 0.02, 5.44E-13, 5.21E-3, 7.86E-13, 1.95E-3, 1.23E-12, 7.81E-4])
(16007, 2, 1, 10, [0.18, 0.06, 0.03, 0.02, 8.84E-3, 5.21E-3, 3.16E-3, 1.95E-3, 1.23E-3, 7.81E-4])
(16033, 2, 1, 10, [1.54E-12, 0.06, 1.29E-12, 0.02, 1.62E-12, 5.21E-3, 2.34E-12, 1.95E-3, 3.66E-12, 7.81E-4])
(16057, 2, 1, 10, [1.54E-12, 0.06, 1.28E-12, 0.02, 1.61E-12, 5.21E-3, 2.33E-12, 1.95E-3, 3.64E-12, 7.81E-4])
(16061, 2, 1, 10, [0.18, 0.06, 0.03, 0.02, 8.84E-3, 5.21E-3, 3.16E-3, 1.95E-3, 1.23E-3, 7.81E-4])
(16063, 2, 1, 10, [0.18, 0.06, 0.03, 0.02, 8.84E-3, 5.21E-3, 3.16E-3, 1.95E-3, 1.23E-3, 7.81E-4])
(16067, 2, 1, 10, [0.18, 0.06, 0.03, 0.02, 8.84E-3, 5.21E-3, 3.16E-3, 1.95E-3, 1.23E-3, 7.81E-4])
(16069, 2, 1, 10, [0.18, 0.06, 0.03, 0.02, 8.84E-3, 5.21E-3, 3.16E-3, 1.95E-3, 1.23E-3, 7.81E-4])
(16073, 2, 1, 10, [5.11E-13, 0.06, 4.26E-13, 0.02, 5.36E-13, 5.21E-3, 7.75E-13, 1.95E-3, 1.21E-12, 7.81E-4])
(16087, 2, 1, 10, [0.18, 0.06, 0.03, 0.02, 8.84E-3, 5.21E-3, 3.16E-3, 1.95E-3, 1.23E-3, 7.81E-4])
(16091, 2, 1, 10, [0.18, 0.06, 0.03, 0.02, 8.84E-3, 5.21E-3, 3.16E-3, 1.95E-3, 1.23E-3, 7.81E-4])
(16097, 2, 1, 10, [5.09E-13, 0.06, 4.24E-13, 0.02, 5.34E-13, 5.21E-3, 7.72E-13, 1.95E-3, 1.20E-12, 7.81E-4])
(16103, 2, 1, 10, [0.18, 0.06, 0.03, 0.02, 8.84E-3, 5.21E-3, 3.16E-3, 1.95E-3, 1.23E-3, 7.81E-4])
(16111, 2, 1, 10, [0.18, 0.06, 0.03, 0.02, 8.84E-3, 5.21E-3, 3.16E-3, 1.95E-3, 1.23E-3, 7.81E-4])
(16127, 2, 1, 10, [0.18, 0.06, 0.03, 0.02, 8.84E-3, 5.21E-3, 3.16E-3, 1.95E-3, 1.23E-3, 7.81E-4])
(16139, 2, 1, 10, [0.18, 0.06, 0.03, 0.02, 8.84E-3, 5.21E-3, 3.16E-3, 1.95E-3, 1.23E-3, 7.81E-4])
(16141, 2, 1, 10, [0.18, 0.06, 0.03, 0.02, 8.84E-3, 5.21E-3, 3.16E-3, 1.95E-3, 1.23E-3, 7.81E-4])
(16183, 2, 1, 10, [0.18, 0.06, 0.03, 0.02, 8.84E-3, 5.21E-3, 3.16E-3, 1.95E-3, 1.23E-3, 7.81E-4])
(16187, 2, 1, 10, [0.18, 0.06, 0.03, 0.02, 8.84E-3, 5.21E-3, 3.16E-3, 1.95E-3, 1.23E-3, 7.81E-4])
(16189, 2, 1, 10, [0.18, 0.06, 0.03, 0.02, 8.84E-3, 5.21E-3, 3.16E-3, 1.95E-3, 1.23E-3, 7.81E-4])
(16193, 2, 1, 10, [5.00E-13, 0.06, 4.16E-13, 0.02, 5.25E-13, 5.21E-3, 7.58E-13, 1.95E-3, 1.18E-12, 7.81E-4])
(16217, 2, 1, 10, [4.97E-13, 0.06, 4.15E-13, 0.02, 5.22E-13, 5.21E-3, 7.55E-13, 1.95E-3, 1.18E-12, 7.81E-4])
(16223, 2, 1, 10, [0.18, 0.06, 0.03, 0.02, 8.84E-3, 5.21E-3, 3.16E-3, 1.95E-3, 1.23E-3, 7.81E-4])
(16229, 2, 1, 10, [0.18, 0.06, 0.03, 0.02, 8.84E-3, 5.21E-3, 3.16E-3, 1.95E-3, 1.23E-3, 7.81E-4])
(16231, 2, 1, 10, [0.18, 0.06, 0.03, 0.02, 8.84E-3, 5.21E-3, 3.16E-3, 1.95E-3, 1.23E-3, 7.81E-4])
(16249, 2, 1, 10, [1.48E-12, 0.06, 1.24E-12, 0.02, 1.56E-12, 5.21E-3, 2.25E-12, 1.95E-3, 3.51E-12, 7.81E-4])
(16253, 2, 1, 10, [0.18, 0.06, 0.03, 0.02, 8.84E-3, 5.21E-3, 3.16E-3, 1.95E-3, 1.23E-3, 7.81E-4])
(16267, 2, 1, 10, [0.18, 0.06, 0.03, 0.02, 8.84E-3, 5.21E-3, 3.16E-3, 1.95E-3, 1.23E-3, 7.81E-4])
(16273, 2, 1, 10, [1.48E-12, 0.06, 1.23E-12, 0.02, 1.55E-12, 5.21E-3, 2.24E-12, 1.95E-3, 3.50E-12, 7.81E-4])
(16301, 2, 1, 10, [0.18, 0.06, 0.03, 0.02, 8.84E-3, 5.21E-3, 3.16E-3, 1.95E-3, 1.23E-3, 7.81E-4])
(16319, 2, 1, 10, [0.18, 0.06, 0.03, 0.02, 8.84E-3, 5.21E-3, 3.16E-3, 1.95E-3, 1.23E-3, 7.81E-4])
(16333, 2, 1, 10, [0.18, 0.06, 0.03, 0.02, 8.84E-3, 5.21E-3, 3.16E-3, 1.95E-3, 1.23E-3, 7.81E-4])
(16339, 2, 1, 10, [0.18, 0.06, 0.03, 0.02, 8.84E-3, 5.21E-3, 3.16E-3, 1.95E-3, 1.23E-3, 7.81E-4])
(16349, 2, 1, 10, [0.18, 0.06, 0.03, 0.02, 8.84E-3, 5.21E-3, 3.16E-3, 1.95E-3, 1.23E-3, 7.81E-4])
(16361, 2, 1, 10, [4.84E-13, 0.06, 4.04E-13, 0.02, 5.09E-13, 5.21E-3, 7.35E-13, 1.95E-3, 1.15E-12, 7.81E-4])
(16363, 2, 1, 10, [0.18, 0.06, 0.03, 0.02, 8.84E-3, 5.21E-3, 3.16E-3, 1.95E-3, 1.23E-3, 7.81E-4])
(16369, 2, 1, 10, [0.35, 0.19, 0.12, 0.08, 0.05, 0.04, 0.03, 0.02, 0.01, 8.59E-3])
(16381, 2, 1, 10, [0.18, 0.06, 0.03, 0.02, 8.84E-3, 5.21E-3, 3.16E-3, 1.95E-3, 1.23E-3, 7.81E-4])
(16411, 2, 1, 10, [0.18, 0.06, 0.03, 0.02, 8.84E-3, 5.21E-3, 3.16E-3, 1.95E-3, 1.23E-3, 7.81E-4])
(16417, 2, 1, 10, [1.44E-12, 0.06, 1.20E-12, 0.02, 1.51E-12, 5.21E-3, 2.18E-12, 1.95E-3, 3.41E-12, 7.81E-4])
(16421, 2, 1, 10, [0.18, 0.06, 0.03, 0.02, 8.84E-3, 5.21E-3, 3.16E-3, 1.95E-3, 1.23E-3, 7.81E-4])
(16427, 2, 1, 10, [0.18, 0.06, 0.03, 0.02, 8.84E-3, 5.21E-3, 3.16E-3, 1.95E-3, 1.23E-3, 7.81E-4])
(16433, 2, 1, 10, [4.78E-13, 0.06, 3.98E-13, 0.02, 5.02E-13, 5.21E-3, 7.26E-13, 1.95E-3, 1.13E-12, 7.81E-4])
(16447, 2, 1, 10, [0.18, 0.06, 0.03, 0.02, 8.84E-3, 5.21E-3, 3.16E-3, 1.95E-3, 1.23E-3, 7.81E-4])
(16451, 2, 1, 10, [0.18, 0.06, 0.03, 0.02, 8.84E-3, 5.21E-3, 3.16E-3, 1.95E-3, 1.23E-3, 7.81E-4])
(16453, 2, 1, 10, [0.18, 0.06, 0.03, 0.02, 8.84E-3, 5.21E-3, 3.16E-3, 1.95E-3, 1.23E-3, 7.81E-4])
(16477, 2, 1, 10, [0.18, 0.06, 0.03, 0.02, 8.84E-3, 5.21E-3, 3.16E-3, 1.95E-3, 1.23E-3, 7.81E-4])
(16481, 2, 1, 10, [4.74E-13, 0.06, 3.95E-13, 0.02, 4.98E-13, 5.21E-3, 7.19E-13, 1.95E-3, 1.12E-12, 7.81E-4])
(16487, 2, 1, 10, [0.18, 0.06, 0.03, 0.02, 8.84E-3, 5.21E-3, 3.16E-3, 1.95E-3, 1.23E-3, 7.81E-4])
(16493, 2, 1, 10, [0.18, 0.06, 0.03, 0.02, 8.84E-3, 5.21E-3, 3.16E-3, 1.95E-3, 1.23E-3, 7.81E-4])
(16519, 2, 1, 10, [0.18, 0.06, 0.03, 0.02, 8.84E-3, 5.21E-3, 3.16E-3, 1.95E-3, 1.23E-3, 7.81E-4])
(16529, 2, 1, 10, [4.70E-13, 0.06, 3.91E-13, 0.02, 4.93E-13, 5.21E-3, 7.13E-13, 1.95E-3, 1.11E-12, 7.81E-4])
(16547, 2, 1, 10, [0.18, 0.06, 0.03, 0.02, 8.84E-3, 5.21E-3, 3.16E-3, 1.95E-3, 1.23E-3, 7.81E-4])
(16553, 2, 1, 10, [4.68E-13, 0.06, 3.90E-13, 0.02, 4.91E-13, 5.21E-3, 7.10E-13, 1.95E-3, 1.11E-12, 7.81E-4])
(16561, 2, 1, 10, [0.35, 0.19, 0.12, 0.08, 0.05, 0.04, 0.03, 0.02, 0.01, 8.59E-3])
(16567, 2, 1, 10, [0.18, 0.06, 0.03, 0.02, 8.84E-3, 5.21E-3, 3.16E-3, 1.95E-3, 1.23E-3, 7.81E-4])
(16573, 2, 1, 10, [0.18, 0.06, 0.03, 0.02, 8.84E-3, 5.21E-3, 3.16E-3, 1.95E-3, 1.23E-3, 7.81E-4])
(16603, 2, 1, 10, [0.18, 0.06, 0.03, 0.02, 8.84E-3, 5.21E-3, 3.16E-3, 1.95E-3, 1.23E-3, 7.81E-4])
(16607, 2, 1, 10, [0.18, 0.06, 0.03, 0.02, 8.84E-3, 5.21E-3, 3.16E-3, 1.95E-3, 1.23E-3, 7.81E-4])
(16619, 2, 1, 10, [0.18, 0.06, 0.03, 0.02, 8.84E-3, 5.21E-3, 3.16E-3, 1.95E-3, 1.23E-3, 7.81E-4])
(16631, 2, 1, 10, [0.18, 0.06, 0.03, 0.02, 8.84E-3, 5.21E-3, 3.16E-3, 1.95E-3, 1.23E-3, 7.81E-4])
(16633, 2, 1, 10, [1.38E-12, 0.06, 1.15E-12, 0.02, 1.45E-12, 5.21E-3, 2.10E-12, 1.95E-3, 3.28E-12, 7.81E-4])
(16649, 2, 1, 10, [4.60E-13, 0.06, 3.83E-13, 0.02, 4.83E-13, 5.21E-3, 6.98E-13, 1.95E-3, 1.09E-12, 7.81E-4])
(16651, 2, 1, 10, [0.18, 0.06, 0.03, 0.02, 8.84E-3, 5.21E-3, 3.16E-3, 1.95E-3, 1.23E-3, 7.81E-4])
(16657, 2, 1, 10, [1.38E-12, 0.06, 1.15E-12, 0.02, 1.45E-12, 5.21E-3, 2.09E-12, 1.95E-3, 3.26E-12, 7.81E-4])
(16661, 2, 1, 10, [0.18, 0.06, 0.03, 0.02, 8.84E-3, 5.21E-3, 3.16E-3, 1.95E-3, 1.23E-3, 7.81E-4])
(16673, 2, 1, 10, [4.58E-13, 0.06, 3.81E-13, 0.02, 4.81E-13, 5.21E-3, 6.95E-13, 1.95E-3, 1.08E-12, 7.81E-4])
(16691, 2, 1, 10, [0.18, 0.06, 0.03, 0.02, 8.84E-3, 5.21E-3, 3.16E-3, 1.95E-3, 1.23E-3, 7.81E-4])
(16693, 2, 1, 10, [0.18, 0.06, 0.03, 0.02, 8.84E-3, 5.21E-3, 3.16E-3, 1.95E-3, 1.23E-3, 7.81E-4])
(16699, 2, 1, 10, [0.18, 0.06, 0.03, 0.02, 8.84E-3, 5.21E-3, 3.16E-3, 1.95E-3, 1.23E-3, 7.81E-4])
(16703, 2, 1, 10, [0.18, 0.06, 0.03, 0.02, 8.84E-3, 5.21E-3, 3.16E-3, 1.95E-3, 1.23E-3, 7.81E-4])
(16729, 2, 1, 10, [0.35, 0.19, 0.12, 0.08, 0.05, 0.04, 0.03, 0.02, 0.01, 8.59E-3])
(16741, 2, 1, 10, [0.18, 0.06, 0.03, 0.02, 8.84E-3, 5.21E-3, 3.16E-3, 1.95E-3, 1.23E-3, 7.81E-4])
(16747, 2, 1, 10, [0.18, 0.06, 0.03, 0.02, 8.84E-3, 5.21E-3, 3.16E-3, 1.95E-3, 1.23E-3, 7.81E-4])
(16759, 2, 1, 10, [0.18, 0.06, 0.03, 0.02, 8.84E-3, 5.21E-3, 3.16E-3, 1.95E-3, 1.23E-3, 7.81E-4])
(16763, 2, 1, 10, [0.18, 0.06, 0.03, 0.02, 8.84E-3, 5.21E-3, 3.16E-3, 1.95E-3, 1.23E-3, 7.81E-4])
(16787, 2, 1, 10, [0.18, 0.06, 0.03, 0.02, 8.84E-3, 5.21E-3, 3.16E-3, 1.95E-3, 1.23E-3, 7.81E-4])
(16811, 2, 1, 10, [0.18, 0.06, 0.03, 0.02, 8.84E-3, 5.21E-3, 3.16E-3, 1.95E-3, 1.23E-3, 7.81E-4])
(16823, 2, 1, 10, [0.18, 0.06, 0.03, 0.02, 8.84E-3, 5.21E-3, 3.16E-3, 1.95E-3, 1.23E-3, 7.81E-4])
(16829, 2, 1, 10, [0.18, 0.06, 0.03, 0.02, 8.84E-3, 5.21E-3, 3.16E-3, 1.95E-3, 1.23E-3, 7.81E-4])
(16831, 2, 1, 10, [0.18, 0.06, 0.03, 0.02, 8.84E-3, 5.21E-3, 3.16E-3, 1.95E-3, 1.23E-3, 7.81E-4])
(16843, 2, 1, 10, [0.18, 0.06, 0.03, 0.02, 8.84E-3, 5.21E-3, 3.16E-3, 1.95E-3, 1.23E-3, 7.81E-4])
(16871, 2, 1, 10, [0.18, 0.06, 0.03, 0.02, 8.84E-3, 5.21E-3, 3.16E-3, 1.95E-3, 1.23E-3, 7.81E-4])
(16879, 2, 1, 10, [0.18, 0.06, 0.03, 0.02, 8.84E-3, 5.21E-3, 3.16E-3, 1.95E-3, 1.23E-3, 7.81E-4])
(16883, 2, 1, 10, [0.18, 0.06, 0.03, 0.02, 8.84E-3, 5.21E-3, 3.16E-3, 1.95E-3, 1.23E-3, 7.81E-4])
(16889, 2, 1, 10, [4.40E-13, 0.06, 3.67E-13, 0.02, 4.62E-13, 5.21E-3, 6.68E-13, 1.95E-3, 1.04E-12, 7.81E-4])
(16901, 2, 1, 10, [0.18, 0.06, 0.03, 0.02, 8.84E-3, 5.21E-3, 3.16E-3, 1.95E-3, 1.23E-3, 7.81E-4])
(16903, 2, 1, 10, [0.18, 0.06, 0.03, 0.02, 8.84E-3, 5.21E-3, 3.16E-3, 1.95E-3, 1.23E-3, 7.81E-4])
(16921, 2, 1, 10, [1.31E-12, 0.06, 1.09E-12, 0.02, 1.38E-12, 5.21E-3, 1.99E-12, 1.95E-3, 3.11E-12, 7.81E-4])
(16927, 2, 1, 10, [0.18, 0.06, 0.03, 0.02, 8.84E-3, 5.21E-3, 3.16E-3, 1.95E-3, 1.23E-3, 7.81E-4])
(16931, 2, 1, 10, [0.18, 0.06, 0.03, 0.02, 8.84E-3, 5.21E-3, 3.16E-3, 1.95E-3, 1.23E-3, 7.81E-4])
(16937, 2, 1, 10, [4.37E-13, 0.06, 3.64E-13, 0.02, 4.58E-13, 5.21E-3, 6.63E-13, 1.95E-3, 1.03E-12, 7.81E-4])
(16943, 2, 1, 10, [0.18, 0.06, 0.03, 0.02, 8.84E-3, 5.21E-3, 3.16E-3, 1.95E-3, 1.23E-3, 7.81E-4])
(16963, 2, 1, 10, [0.18, 0.06, 0.03, 0.02, 8.84E-3, 5.21E-3, 3.16E-3, 1.95E-3, 1.23E-3, 7.81E-4])
(16979, 2, 1, 10, [0.18, 0.06, 0.03, 0.02, 8.84E-3, 5.21E-3, 3.16E-3, 1.95E-3, 1.23E-3, 7.81E-4])
(16981, 2, 1, 10, [0.18, 0.06, 0.03, 0.02, 8.84E-3, 5.21E-3, 3.16E-3, 1.95E-3, 1.23E-3, 7.81E-4])
(16987, 2, 1, 10, [0.18, 0.06, 0.03, 0.02, 8.84E-3, 5.21E-3, 3.16E-3, 1.95E-3, 1.23E-3, 7.81E-4])
(16993, 2, 1, 10, [1.30E-12, 0.06, 1.08E-12, 0.02, 1.36E-12, 5.21E-3, 1.97E-12, 1.95E-3, 3.07E-12, 7.81E-4])
(17011, 2, 1, 10, [0.18, 0.06, 0.03, 0.02, 8.84E-3, 5.21E-3, 3.16E-3, 1.95E-3, 1.23E-3, 7.81E-4])
(17021, 2, 1, 10, [0.18, 0.06, 0.03, 0.02, 8.84E-3, 5.21E-3, 3.16E-3, 1.95E-3, 1.23E-3, 7.81E-4])
(17027, 2, 1, 10, [0.18, 0.06, 0.03, 0.02, 8.84E-3, 5.21E-3, 3.16E-3, 1.95E-3, 1.23E-3, 7.81E-4])
(17029, 2, 1, 10, [0.18, 0.06, 0.03, 0.02, 8.84E-3, 5.21E-3, 3.16E-3, 1.95E-3, 1.23E-3, 7.81E-4])
(17033, 2, 1, 10, [4.29E-13, 0.06, 3.58E-13, 0.02, 4.51E-13, 5.21E-3, 6.52E-13, 1.95E-3, 1.02E-12, 7.81E-4])
(17041, 2, 1, 10, [0.35, 0.19, 0.12, 0.08, 0.05, 0.04, 0.03, 0.02, 0.01, 8.59E-3])
(17047, 2, 1, 10, [0.18, 0.06, 0.03, 0.02, 8.84E-3, 5.21E-3, 3.16E-3, 1.95E-3, 1.23E-3, 7.81E-4])
(17053, 2, 1, 10, [0.18, 0.06, 0.03, 0.02, 8.84E-3, 5.21E-3, 3.16E-3, 1.95E-3, 1.23E-3, 7.81E-4])
(17077, 2, 1, 10, [0.18, 0.06, 0.03, 0.02, 8.84E-3, 5.21E-3, 3.16E-3, 1.95E-3, 1.23E-3, 7.81E-4])
(17093, 2, 1, 10, [0.18, 0.06, 0.03, 0.02, 8.84E-3, 5.21E-3, 3.16E-3, 1.95E-3, 1.23E-3, 7.81E-4])
(17099, 2, 1, 10, [0.18, 0.06, 0.03, 0.02, 8.84E-3, 5.21E-3, 3.16E-3, 1.95E-3, 1.23E-3, 7.81E-4])
(17107, 2, 1, 10, [0.18, 0.06, 0.03, 0.02, 8.84E-3, 5.21E-3, 3.16E-3, 1.95E-3, 1.23E-3, 7.81E-4])
(17117, 2, 1, 10, [0.18, 0.06, 0.03, 0.02, 8.84E-3, 5.21E-3, 3.16E-3, 1.95E-3, 1.23E-3, 7.81E-4])
(17123, 2, 1, 10, [0.18, 0.06, 0.03, 0.02, 8.84E-3, 5.21E-3, 3.16E-3, 1.95E-3, 1.23E-3, 7.81E-4])
(17137, 2, 1, 10, [1.26E-12, 0.06, 1.05E-12, 0.02, 1.33E-12, 5.21E-3, 1.92E-12, 1.95E-3, 2.99E-12, 7.81E-4])
(17159, 2, 1, 10, [0.18, 0.06, 0.03, 0.02, 8.84E-3, 5.21E-3, 3.16E-3, 1.95E-3, 1.23E-3, 7.81E-4])
(17167, 2, 1, 10, [0.18, 0.06, 0.03, 0.02, 8.84E-3, 5.21E-3, 3.16E-3, 1.95E-3, 1.23E-3, 7.81E-4])
(17183, 2, 1, 10, [0.18, 0.06, 0.03, 0.02, 8.84E-3, 5.21E-3, 3.16E-3, 1.95E-3, 1.23E-3, 7.81E-4])
(17189, 2, 1, 10, [0.18, 0.06, 0.03, 0.02, 8.84E-3, 5.21E-3, 3.16E-3, 1.95E-3, 1.23E-3, 7.81E-4])
(17191, 2, 1, 10, [0.18, 0.06, 0.03, 0.02, 8.84E-3, 5.21E-3, 3.16E-3, 1.95E-3, 1.23E-3, 7.81E-4])
(17203, 2, 1, 10, [0.18, 0.06, 0.03, 0.02, 8.84E-3, 5.21E-3, 3.16E-3, 1.95E-3, 1.23E-3, 7.81E-4])
(17207, 2, 1, 10, [0.18, 0.06, 0.03, 0.02, 8.84E-3, 5.21E-3, 3.16E-3, 1.95E-3, 1.23E-3, 7.81E-4])
(17209, 2, 1, 10, [0.35, 0.19, 0.12, 0.08, 0.05, 0.04, 0.03, 0.02, 0.01, 8.59E-3])
(17231, 2, 1, 10, [0.18, 0.06, 0.03, 0.02, 8.84E-3, 5.21E-3, 3.16E-3, 1.95E-3, 1.23E-3, 7.81E-4])
(17239, 2, 1, 10, [0.18, 0.06, 0.03, 0.02, 8.84E-3, 5.21E-3, 3.16E-3, 1.95E-3, 1.23E-3, 7.81E-4])
(17257, 2, 1, 10, [1.24E-12, 0.06, 1.03E-12, 0.02, 1.30E-12, 5.21E-3, 1.88E-12, 1.95E-3, 2.93E-12, 7.81E-4])
(17291, 2, 1, 10, [0.18, 0.06, 0.03, 0.02, 8.84E-3, 5.21E-3, 3.16E-3, 1.95E-3, 1.23E-3, 7.81E-4])
(17293, 2, 1, 10, [0.18, 0.06, 0.03, 0.02, 8.84E-3, 5.21E-3, 3.16E-3, 1.95E-3, 1.23E-3, 7.81E-4])
(17299, 2, 1, 10, [0.18, 0.06, 0.03, 0.02, 8.84E-3, 5.21E-3, 3.16E-3, 1.95E-3, 1.23E-3, 7.81E-4])
(17317, 2, 1, 10, [0.18, 0.06, 0.03, 0.02, 8.84E-3, 5.21E-3, 3.16E-3, 1.95E-3, 1.23E-3, 7.81E-4])
(17321, 2, 1, 10, [4.08E-13, 0.06, 3.40E-13, 0.02, 4.29E-13, 5.21E-3, 6.20E-13, 1.95E-3, 9.67E-13, 7.81E-4])
(17327, 2, 1, 10, [0.18, 0.06, 0.03, 0.02, 8.84E-3, 5.21E-3, 3.16E-3, 1.95E-3, 1.23E-3, 7.81E-4])
(17333, 2, 1, 10, [0.18, 0.06, 0.03, 0.02, 8.84E-3, 5.21E-3, 3.16E-3, 1.95E-3, 1.23E-3, 7.81E-4])
(17341, 2, 1, 10, [0.18, 0.06, 0.03, 0.02, 8.84E-3, 5.21E-3, 3.16E-3, 1.95E-3, 1.23E-3, 7.81E-4])
(17351, 2, 1, 10, [0.18, 0.06, 0.03, 0.02, 8.84E-3, 5.21E-3, 3.16E-3, 1.95E-3, 1.23E-3, 7.81E-4])
(17359, 2, 1, 10, [0.18, 0.06, 0.03, 0.02, 8.84E-3, 5.21E-3, 3.16E-3, 1.95E-3, 1.23E-3, 7.81E-4])
(17377, 2, 1, 10, [1.21E-12, 0.06, 1.01E-12, 0.02, 1.27E-12, 5.21E-3, 1.84E-12, 1.95E-3, 2.87E-12, 7.81E-4])
(17383, 2, 1, 10, [0.18, 0.06, 0.03, 0.02, 8.84E-3, 5.21E-3, 3.16E-3, 1.95E-3, 1.23E-3, 7.81E-4])
(17387, 2, 1, 10, [0.18, 0.06, 0.03, 0.02, 8.84E-3, 5.21E-3, 3.16E-3, 1.95E-3, 1.23E-3, 7.81E-4])
(17389, 2, 1, 10, [0.18, 0.06, 0.03, 0.02, 8.84E-3, 5.21E-3, 3.16E-3, 1.95E-3, 1.23E-3, 7.81E-4])
(17393, 2, 1, 10, [4.03E-13, 0.06, 3.36E-13, 0.02, 4.23E-13, 5.21E-3, 6.12E-13, 1.95E-3, 9.55E-13, 7.81E-4])
(17401, 2, 1, 10, [0.35, 0.19, 0.12, 0.08, 0.05, 0.04, 0.03, 0.02, 0.01, 8.59E-3])
(17417, 2, 1, 10, [4.02E-13, 0.06, 3.35E-13, 0.02, 4.22E-13, 5.21E-3, 6.09E-13, 1.95E-3, 9.51E-13, 7.81E-4])
(17419, 2, 1, 10, [0.18, 0.06, 0.03, 0.02, 8.84E-3, 5.21E-3, 3.16E-3, 1.95E-3, 1.23E-3, 7.81E-4])
(17431, 2, 1, 10, [0.18, 0.06, 0.03, 0.02, 8.84E-3, 5.21E-3, 3.16E-3, 1.95E-3, 1.23E-3, 7.81E-4])
(17443, 2, 1, 10, [0.18, 0.06, 0.03, 0.02, 8.84E-3, 5.21E-3, 3.16E-3, 1.95E-3, 1.23E-3, 7.81E-4])
(17449, 2, 1, 10, [0.35, 0.19, 0.12, 0.08, 0.05, 0.04, 0.03, 0.02, 0.01, 8.59E-3])
(17467, 2, 1, 10, [0.18, 0.06, 0.03, 0.02, 8.84E-3, 5.21E-3, 3.16E-3, 1.95E-3, 1.23E-3, 7.81E-4])
(17471, 2, 1, 10, [0.18, 0.06, 0.03, 0.02, 8.84E-3, 5.21E-3, 3.16E-3, 1.95E-3, 1.23E-3, 7.81E-4])
(17477, 2, 1, 10, [0.18, 0.06, 0.03, 0.02, 8.84E-3, 5.21E-3, 3.16E-3, 1.95E-3, 1.23E-3, 7.81E-4])
(17483, 2, 1, 10, [0.18, 0.06, 0.03, 0.02, 8.84E-3, 5.21E-3, 3.16E-3, 1.95E-3, 1.23E-3, 7.81E-4])
(17489, 2, 1, 10, [3.97E-13, 0.06, 3.30E-13, 0.02, 4.16E-13, 5.21E-3, 6.02E-13, 1.95E-3, 9.39E-13, 7.81E-4])
(17491, 2, 1, 10, [0.18, 0.06, 0.03, 0.02, 8.84E-3, 5.21E-3, 3.16E-3, 1.95E-3, 1.23E-3, 7.81E-4])
(17497, 2, 1, 10, [1.19E-12, 0.06, 9.90E-13, 0.02, 1.25E-12, 5.21E-3, 1.80E-12, 1.95E-3, 2.81E-12, 7.81E-4])
(17509, 2, 1, 10, [0.18, 0.06, 0.03, 0.02, 8.84E-3, 5.21E-3, 3.16E-3, 1.95E-3, 1.23E-3, 7.81E-4])
(17519, 2, 1, 10, [0.18, 0.06, 0.03, 0.02, 8.84E-3, 5.21E-3, 3.16E-3, 1.95E-3, 1.23E-3, 7.81E-4])
(17539, 2, 1, 10, [0.18, 0.06, 0.03, 0.02, 8.84E-3, 5.21E-3, 3.16E-3, 1.95E-3, 1.23E-3, 7.81E-4])
(17551, 2, 1, 10, [0.18, 0.06, 0.03, 0.02, 8.84E-3, 5.21E-3, 3.16E-3, 1.95E-3, 1.23E-3, 7.81E-4])
(17569, 2, 1, 10, [0.35, 0.19, 0.12, 0.08, 0.05, 0.04, 0.03, 0.02, 0.01, 8.59E-3])
(17573, 2, 1, 10, [0.18, 0.06, 0.03, 0.02, 8.84E-3, 5.21E-3, 3.16E-3, 1.95E-3, 1.23E-3, 7.81E-4])
(17579, 2, 1, 10, [0.18, 0.06, 0.03, 0.02, 8.84E-3, 5.21E-3, 3.16E-3, 1.95E-3, 1.23E-3, 7.81E-4])
(17581, 2, 1, 10, [0.18, 0.06, 0.03, 0.02, 8.84E-3, 5.21E-3, 3.16E-3, 1.95E-3, 1.23E-3, 7.81E-4])
(17597, 2, 1, 10, [0.18, 0.06, 0.03, 0.02, 8.84E-3, 5.21E-3, 3.16E-3, 1.95E-3, 1.23E-3, 7.81E-4])
(17599, 2, 1, 10, [0.18, 0.06, 0.03, 0.02, 8.84E-3, 5.21E-3, 3.16E-3, 1.95E-3, 1.23E-3, 7.81E-4])
(17609, 2, 1, 10, [3.89E-13, 0.06, 3.24E-13, 0.02, 4.08E-13, 5.21E-3, 5.90E-13, 1.95E-3, 9.20E-13, 7.81E-4])
(17623, 2, 1, 10, [0.18, 0.06, 0.03, 0.02, 8.84E-3, 5.21E-3, 3.16E-3, 1.95E-3, 1.23E-3, 7.81E-4])
(17627, 2, 1, 10, [0.18, 0.06, 0.03, 0.02, 8.84E-3, 5.21E-3, 3.16E-3, 1.95E-3, 1.23E-3, 7.81E-4])
(17657, 2, 1, 10, [3.85E-13, 0.06, 3.21E-13, 0.02, 4.05E-13, 5.21E-3, 5.85E-13, 1.95E-3, 9.13E-13, 7.81E-4])
(17659, 2, 1, 10, [0.18, 0.06, 0.03, 0.02, 8.84E-3, 5.21E-3, 3.16E-3, 1.95E-3, 1.23E-3, 7.81E-4])
(17669, 2, 1, 10, [0.18, 0.06, 0.03, 0.02, 8.84E-3, 5.21E-3, 3.16E-3, 1.95E-3, 1.23E-3, 7.81E-4])
(17681, 2, 1, 10, [3.84E-13, 0.06, 3.20E-13, 0.02, 4.03E-13, 5.21E-3, 5.83E-13, 1.95E-3, 9.09E-13, 7.81E-4])
(17683, 2, 1, 10, [0.18, 0.06, 0.03, 0.02, 8.84E-3, 5.21E-3, 3.16E-3, 1.95E-3, 1.23E-3, 7.81E-4])
(17707, 2, 1, 10, [0.18, 0.06, 0.03, 0.02, 8.84E-3, 5.21E-3, 3.16E-3, 1.95E-3, 1.23E-3, 7.81E-4])
(17713, 2, 1, 10, [1.15E-12, 0.06, 9.54E-13, 0.02, 1.20E-12, 5.21E-3, 1.74E-12, 1.95E-3, 2.71E-12, 7.81E-4])
(17729, 2, 1, 10, [3.81E-13, 0.06, 3.17E-13, 0.02, 4.00E-13, 5.21E-3, 5.78E-13, 1.95E-3, 9.02E-13, 7.81E-4])
(17737, 2, 1, 10, [1.14E-12, 0.06, 9.50E-13, 0.02, 1.20E-12, 5.21E-3, 1.73E-12, 1.95E-3, 2.70E-12, 7.81E-4])
(17747, 2, 1, 10, [0.18, 0.06, 0.03, 0.02, 8.84E-3, 5.21E-3, 3.16E-3, 1.95E-3, 1.23E-3, 7.81E-4])
(17749, 2, 1, 10, [0.18, 0.06, 0.03, 0.02, 8.84E-3, 5.21E-3, 3.16E-3, 1.95E-3, 1.23E-3, 7.81E-4])
(17761, 2, 1, 10, [1.14E-12, 0.06, 9.47E-13, 0.02, 1.19E-12, 5.21E-3, 1.72E-12, 1.95E-3, 2.69E-12, 7.81E-4])
(17783, 2, 1, 10, [0.18, 0.06, 0.03, 0.02, 8.84E-3, 5.21E-3, 3.16E-3, 1.95E-3, 1.23E-3, 7.81E-4])
(17789, 2, 1, 10, [0.18, 0.06, 0.03, 0.02, 8.84E-3, 5.21E-3, 3.16E-3, 1.95E-3, 1.23E-3, 7.81E-4])
(17791, 2, 1, 10, [0.18, 0.06, 0.03, 0.02, 8.84E-3, 5.21E-3, 3.16E-3, 1.95E-3, 1.23E-3, 7.81E-4])
(17807, 2, 1, 10, [0.18, 0.06, 0.03, 0.02, 8.84E-3, 5.21E-3, 3.16E-3, 1.95E-3, 1.23E-3, 7.81E-4])
(17827, 2, 1, 10, [0.18, 0.06, 0.03, 0.02, 8.84E-3, 5.21E-3, 3.16E-3, 1.95E-3, 1.23E-3, 7.81E-4])
(17837, 2, 1, 10, [0.18, 0.06, 0.03, 0.02, 8.84E-3, 5.21E-3, 3.16E-3, 1.95E-3, 1.23E-3, 7.81E-4])
(17839, 2, 1, 10, [0.18, 0.06, 0.03, 0.02, 8.84E-3, 5.21E-3, 3.16E-3, 1.95E-3, 1.23E-3, 7.81E-4])
(17851, 2, 1, 10, [0.18, 0.06, 0.03, 0.02, 8.84E-3, 5.21E-3, 3.16E-3, 1.95E-3, 1.23E-3, 7.81E-4])
(17863, 2, 1, 10, [0.18, 0.06, 0.03, 0.02, 8.84E-3, 5.21E-3, 3.16E-3, 1.95E-3, 1.23E-3, 7.81E-4])
(17881, 2, 1, 10, [0.35, 0.19, 0.12, 0.08, 0.05, 0.04, 0.03, 0.02, 0.01, 8.59E-3])
(17891, 2, 1, 10, [0.18, 0.06, 0.03, 0.02, 8.84E-3, 5.21E-3, 3.16E-3, 1.95E-3, 1.23E-3, 7.81E-4])
(17903, 2, 1, 10, [0.18, 0.06, 0.03, 0.02, 8.84E-3, 5.21E-3, 3.16E-3, 1.95E-3, 1.23E-3, 7.81E-4])
(17909, 2, 1, 10, [0.18, 0.06, 0.03, 0.02, 8.84E-3, 5.21E-3, 3.16E-3, 1.95E-3, 1.23E-3, 7.81E-4])
(17911, 2, 1, 10, [0.18, 0.06, 0.03, 0.02, 8.84E-3, 5.21E-3, 3.16E-3, 1.95E-3, 1.23E-3, 7.81E-4])
(17921, 2, 1, 10, [3.69E-13, 0.06, 3.07E-13, 0.02, 3.87E-13, 5.21E-3, 5.59E-13, 1.95E-3, 8.73E-13, 7.81E-4])
(17923, 2, 1, 10, [0.18, 0.06, 0.03, 0.02, 8.84E-3, 5.21E-3, 3.16E-3, 1.95E-3, 1.23E-3, 7.81E-4])
(17929, 2, 1, 10, [1.10E-12, 0.06, 9.20E-13, 0.02, 1.16E-12, 5.21E-3, 1.68E-12, 1.95E-3, 2.62E-12, 7.81E-4])
(17939, 2, 1, 10, [0.18, 0.06, 0.03, 0.02, 8.84E-3, 5.21E-3, 3.16E-3, 1.95E-3, 1.23E-3, 7.81E-4])
(17957, 2, 1, 10, [0.18, 0.06, 0.03, 0.02, 8.84E-3, 5.21E-3, 3.16E-3, 1.95E-3, 1.23E-3, 7.81E-4])
(17959, 2, 1, 10, [0.18, 0.06, 0.03, 0.02, 8.84E-3, 5.21E-3, 3.16E-3, 1.95E-3, 1.23E-3, 7.81E-4])
(17971, 2, 1, 10, [0.18, 0.06, 0.03, 0.02, 8.84E-3, 5.21E-3, 3.16E-3, 1.95E-3, 1.23E-3, 7.81E-4])
(17977, 2, 1, 10, [1.10E-12, 0.06, 9.13E-13, 0.02, 1.15E-12, 5.21E-3, 1.66E-12, 1.95E-3, 2.59E-12, 7.81E-4])
(17981, 2, 1, 10, [0.18, 0.06, 0.03, 0.02, 8.84E-3, 5.21E-3, 3.16E-3, 1.95E-3, 1.23E-3, 7.81E-4])
(17987, 2, 1, 10, [0.18, 0.06, 0.03, 0.02, 8.84E-3, 5.21E-3, 3.16E-3, 1.95E-3, 1.23E-3, 7.81E-4])
(17989, 2, 1, 10, [0.18, 0.06, 0.03, 0.02, 8.84E-3, 5.21E-3, 3.16E-3, 1.95E-3, 1.23E-3, 7.81E-4])
(18013, 2, 1, 10, [0.18, 0.06, 0.03, 0.02, 8.84E-3, 5.21E-3, 3.16E-3, 1.95E-3, 1.23E-3, 7.81E-4])
(18041, 2, 1, 10, [3.61E-13, 0.06, 3.01E-13, 0.02, 3.79E-13, 5.21E-3, 5.48E-13, 1.95E-3, 8.56E-13, 7.81E-4])
(18043, 2, 1, 10, [0.18, 0.06, 0.03, 0.02, 8.84E-3, 5.21E-3, 3.16E-3, 1.95E-3, 1.23E-3, 7.81E-4])
(18047, 2, 1, 10, [0.18, 0.06, 0.03, 0.02, 8.84E-3, 5.21E-3, 3.16E-3, 1.95E-3, 1.23E-3, 7.81E-4])
(18049, 2, 1, 10, [0.35, 0.19, 0.12, 0.08, 0.05, 0.04, 0.03, 0.02, 0.01, 8.59E-3])
(18059, 2, 1, 10, [0.18, 0.06, 0.03, 0.02, 8.84E-3, 5.21E-3, 3.16E-3, 1.95E-3, 1.23E-3, 7.81E-4])
(18061, 2, 1, 10, [0.18, 0.06, 0.03, 0.02, 8.84E-3, 5.21E-3, 3.16E-3, 1.95E-3, 1.23E-3, 7.81E-4])
(18077, 2, 1, 10, [0.18, 0.06, 0.03, 0.02, 8.84E-3, 5.21E-3, 3.16E-3, 1.95E-3, 1.23E-3, 7.81E-4])
(18089, 2, 1, 10, [3.58E-13, 0.06, 2.99E-13, 0.02, 3.76E-13, 5.21E-3, 5.44E-13, 1.95E-3, 8.49E-13, 7.81E-4])
(18097, 2, 1, 10, [1.07E-12, 0.06, 8.95E-13, 0.02, 1.13E-12, 5.21E-3, 1.63E-12, 1.95E-3, 2.54E-12, 7.81E-4])
(18119, 2, 1, 10, [0.18, 0.06, 0.03, 0.02, 8.84E-3, 5.21E-3, 3.16E-3, 1.95E-3, 1.23E-3, 7.81E-4])
(18121, 2, 1, 10, [0.35, 0.19, 0.12, 0.08, 0.05, 0.04, 0.03, 0.02, 0.01, 8.59E-3])
(18127, 2, 1, 10, [0.18, 0.06, 0.03, 0.02, 8.84E-3, 5.21E-3, 3.16E-3, 1.95E-3, 1.23E-3, 7.81E-4])
(18131, 2, 1, 10, [0.18, 0.06, 0.03, 0.02, 8.84E-3, 5.21E-3, 3.16E-3, 1.95E-3, 1.23E-3, 7.81E-4])
(18133, 2, 1, 10, [0.18, 0.06, 0.03, 0.02, 8.84E-3, 5.21E-3, 3.16E-3, 1.95E-3, 1.23E-3, 7.81E-4])
(18143, 2, 1, 10, [0.18, 0.06, 0.03, 0.02, 8.84E-3, 5.21E-3, 3.16E-3, 1.95E-3, 1.23E-3, 7.81E-4])
(18149, 2, 1, 10, [0.18, 0.06, 0.03, 0.02, 8.84E-3, 5.21E-3, 3.16E-3, 1.95E-3, 1.23E-3, 7.81E-4])
(18169, 2, 1, 10, [1.06E-12, 0.06, 8.84E-13, 0.02, 1.11E-12, 5.21E-3, 1.61E-12, 1.95E-3, 2.51E-12, 7.81E-4])
(18181, 2, 1, 10, [0.18, 0.06, 0.03, 0.02, 8.84E-3, 5.21E-3, 3.16E-3, 1.95E-3, 1.23E-3, 7.81E-4])
(18191, 2, 1, 10, [0.18, 0.06, 0.03, 0.02, 8.84E-3, 5.21E-3, 3.16E-3, 1.95E-3, 1.23E-3, 7.81E-4])
(18199, 2, 1, 10, [0.18, 0.06, 0.03, 0.02, 8.84E-3, 5.21E-3, 3.16E-3, 1.95E-3, 1.23E-3, 7.81E-4])
(18211, 2, 1, 10, [0.18, 0.06, 0.03, 0.02, 8.84E-3, 5.21E-3, 3.16E-3, 1.95E-3, 1.23E-3, 7.81E-4])
(18217, 2, 1, 10, [1.05E-12, 0.06, 8.77E-13, 0.02, 1.11E-12, 5.21E-3, 1.60E-12, 1.95E-3, 2.49E-12, 7.81E-4])
(18223, 2, 1, 10, [0.18, 0.06, 0.03, 0.02, 8.84E-3, 5.21E-3, 3.16E-3, 1.95E-3, 1.23E-3, 7.81E-4])
(18229, 2, 1, 10, [0.18, 0.06, 0.03, 0.02, 8.84E-3, 5.21E-3, 3.16E-3, 1.95E-3, 1.23E-3, 7.81E-4])
(18233, 2, 1, 10, [3.50E-13, 0.06, 2.92E-13, 0.02, 3.67E-13, 5.21E-3, 5.31E-13, 1.95E-3, 8.29E-13, 7.81E-4])
(18251, 2, 1, 10, [0.18, 0.06, 0.03, 0.02, 8.84E-3, 5.21E-3, 3.16E-3, 1.95E-3, 1.23E-3, 7.81E-4])
(18253, 2, 1, 10, [0.18, 0.06, 0.03, 0.02, 8.84E-3, 5.21E-3, 3.16E-3, 1.95E-3, 1.23E-3, 7.81E-4])
(18257, 2, 1, 10, [3.49E-13, 0.06, 2.91E-13, 0.02, 3.66E-13, 5.21E-3, 5.29E-13, 1.95E-3, 8.26E-13, 7.81E-4])
(18269, 2, 1, 10, [0.18, 0.06, 0.03, 0.02, 8.84E-3, 5.21E-3, 3.16E-3, 1.95E-3, 1.23E-3, 7.81E-4])
(18287, 2, 1, 10, [0.18, 0.06, 0.03, 0.02, 8.84E-3, 5.21E-3, 3.16E-3, 1.95E-3, 1.23E-3, 7.81E-4])
(18289, 2, 1, 10, [0.35, 0.19, 0.12, 0.08, 0.05, 0.04, 0.03, 0.02, 0.01, 8.59E-3])
(18301, 2, 1, 10, [0.18, 0.06, 0.03, 0.02, 8.84E-3, 5.21E-3, 3.16E-3, 1.95E-3, 1.23E-3, 7.81E-4])
(18307, 2, 1, 10, [0.18, 0.06, 0.03, 0.02, 8.84E-3, 5.21E-3, 3.16E-3, 1.95E-3, 1.23E-3, 7.81E-4])
(18311, 2, 1, 10, [0.18, 0.06, 0.03, 0.02, 8.84E-3, 5.21E-3, 3.16E-3, 1.95E-3, 1.23E-3, 7.81E-4])
(18313, 2, 1, 10, [1.04E-12, 0.06, 8.64E-13, 0.02, 1.09E-12, 5.21E-3, 1.57E-12, 1.95E-3, 2.45E-12, 7.81E-4])
(18329, 2, 1, 10, [3.45E-13, 0.06, 2.87E-13, 0.02, 3.62E-13, 5.21E-3, 5.23E-13, 1.95E-3, 8.16E-13, 7.81E-4])
(18341, 2, 1, 10, [0.18, 0.06, 0.03, 0.02, 8.84E-3, 5.21E-3, 3.16E-3, 1.95E-3, 1.23E-3, 7.81E-4])
(18353, 2, 1, 10, [3.43E-13, 0.06, 2.86E-13, 0.02, 3.60E-13, 5.21E-3, 5.21E-13, 1.95E-3, 8.13E-13, 7.81E-4])
(18367, 2, 1, 10, [0.18, 0.06, 0.03, 0.02, 8.84E-3, 5.21E-3, 3.16E-3, 1.95E-3, 1.23E-3, 7.81E-4])
(18371, 2, 1, 10, [0.18, 0.06, 0.03, 0.02, 8.84E-3, 5.21E-3, 3.16E-3, 1.95E-3, 1.23E-3, 7.81E-4])
(18379, 2, 1, 10, [0.18, 0.06, 0.03, 0.02, 8.84E-3, 5.21E-3, 3.16E-3, 1.95E-3, 1.23E-3, 7.81E-4])
(18397, 2, 1, 10, [0.18, 0.06, 0.03, 0.02, 8.84E-3, 5.21E-3, 3.16E-3, 1.95E-3, 1.23E-3, 7.81E-4])
(18401, 2, 1, 10, [3.40E-13, 0.06, 2.84E-13, 0.02, 3.58E-13, 5.21E-3, 5.17E-13, 1.95E-3, 8.06E-13, 7.81E-4])
(18413, 2, 1, 10, [0.18, 0.06, 0.03, 0.02, 8.84E-3, 5.21E-3, 3.16E-3, 1.95E-3, 1.23E-3, 7.81E-4])
(18427, 2, 1, 10, [0.18, 0.06, 0.03, 0.02, 8.84E-3, 5.21E-3, 3.16E-3, 1.95E-3, 1.23E-3, 7.81E-4])
(18433, 2, 1, 10, [1.02E-12, 0.06, 8.47E-13, 0.02, 1.07E-12, 5.21E-3, 1.54E-12, 1.95E-3, 2.41E-12, 7.81E-4])
(18439, 2, 1, 10, [0.18, 0.06, 0.03, 0.02, 8.84E-3, 5.21E-3, 3.16E-3, 1.95E-3, 1.23E-3, 7.81E-4])
(18443, 2, 1, 10, [0.18, 0.06, 0.03, 0.02, 8.84E-3, 5.21E-3, 3.16E-3, 1.95E-3, 1.23E-3, 7.81E-4])
(18451, 2, 1, 10, [0.18, 0.06, 0.03, 0.02, 8.84E-3, 5.21E-3, 3.16E-3, 1.95E-3, 1.23E-3, 7.81E-4])
(18457, 2, 1, 10, [1.01E-12, 0.06, 8.44E-13, 0.02, 1.06E-12, 5.21E-3, 1.54E-12, 1.95E-3, 2.40E-12, 7.81E-4])
(18461, 2, 1, 10, [0.18, 0.06, 0.03, 0.02, 8.84E-3, 5.21E-3, 3.16E-3, 1.95E-3, 1.23E-3, 7.81E-4])
(18481, 2, 1, 10, [1.01E-12, 0.06, 8.40E-13, 0.02, 1.06E-12, 5.21E-3, 1.53E-12, 1.95E-3, 2.39E-12, 7.81E-4])
(18493, 2, 1, 10, [0.18, 0.06, 0.03, 0.02, 8.84E-3, 5.21E-3, 3.16E-3, 1.95E-3, 1.23E-3, 7.81E-4])
(18503, 2, 1, 10, [0.18, 0.06, 0.03, 0.02, 8.84E-3, 5.21E-3, 3.16E-3, 1.95E-3, 1.23E-3, 7.81E-4])
(18517, 2, 1, 10, [0.18, 0.06, 0.03, 0.02, 8.84E-3, 5.21E-3, 3.16E-3, 1.95E-3, 1.23E-3, 7.81E-4])
(18521, 2, 1, 10, [3.34E-13, 0.06, 2.78E-13, 0.02, 3.51E-13, 5.21E-3, 5.07E-13, 1.95E-3, 7.91E-13, 7.81E-4])
(18523, 2, 1, 10, [0.18, 0.06, 0.03, 0.02, 8.84E-3, 5.21E-3, 3.16E-3, 1.95E-3, 1.23E-3, 7.81E-4])
(18539, 2, 1, 10, [0.18, 0.06, 0.03, 0.02, 8.84E-3, 5.21E-3, 3.16E-3, 1.95E-3, 1.23E-3, 7.81E-4])
(18541, 2, 1, 10, [0.18, 0.06, 0.03, 0.02, 8.84E-3, 5.21E-3, 3.16E-3, 1.95E-3, 1.23E-3, 7.81E-4])
(18553, 2, 1, 10, [9.97E-13, 0.06, 8.30E-13, 0.02, 1.05E-12, 5.21E-3, 1.51E-12, 1.95E-3, 2.36E-12, 7.81E-4])
(18583, 2, 1, 10, [0.18, 0.06, 0.03, 0.02, 8.84E-3, 5.21E-3, 3.16E-3, 1.95E-3, 1.23E-3, 7.81E-4])
(18587, 2, 1, 10, [0.18, 0.06, 0.03, 0.02, 8.84E-3, 5.21E-3, 3.16E-3, 1.95E-3, 1.23E-3, 7.81E-4])
(18593, 2, 1, 10, [3.30E-13, 0.06, 2.75E-13, 0.02, 3.47E-13, 5.21E-3, 5.01E-13, 1.95E-3, 7.82E-13, 7.81E-4])
(18617, 2, 1, 10, [3.29E-13, 0.06, 2.74E-13, 0.02, 3.45E-13, 5.21E-3, 4.99E-13, 1.95E-3, 7.79E-13, 7.81E-4])
(18637, 2, 1, 10, [0.18, 0.06, 0.03, 0.02, 8.84E-3, 5.21E-3, 3.16E-3, 1.95E-3, 1.23E-3, 7.81E-4])
(18661, 2, 1, 10, [0.18, 0.06, 0.03, 0.02, 8.84E-3, 5.21E-3, 3.16E-3, 1.95E-3, 1.23E-3, 7.81E-4])
(18671, 2, 1, 10, [0.18, 0.06, 0.03, 0.02, 8.84E-3, 5.21E-3, 3.16E-3, 1.95E-3, 1.23E-3, 7.81E-4])
(18679, 2, 1, 10, [0.18, 0.06, 0.03, 0.02, 8.84E-3, 5.21E-3, 3.16E-3, 1.95E-3, 1.23E-3, 7.81E-4])
(18691, 2, 1, 10, [0.18, 0.06, 0.03, 0.02, 8.84E-3, 5.21E-3, 3.16E-3, 1.95E-3, 1.23E-3, 7.81E-4])
(18701, 2, 1, 10, [0.18, 0.06, 0.03, 0.02, 8.84E-3, 5.21E-3, 3.16E-3, 1.95E-3, 1.23E-3, 7.81E-4])
(18713, 2, 1, 10, [3.24E-13, 0.06, 2.70E-13, 0.02, 3.40E-13, 5.21E-3, 4.91E-13, 1.95E-3, 7.67E-13, 7.81E-4])
(18719, 2, 1, 10, [0.18, 0.06, 0.03, 0.02, 8.84E-3, 5.21E-3, 3.16E-3, 1.95E-3, 1.23E-3, 7.81E-4])
(18731, 2, 1, 10, [0.18, 0.06, 0.03, 0.02, 8.84E-3, 5.21E-3, 3.16E-3, 1.95E-3, 1.23E-3, 7.81E-4])
(18743, 2, 1, 10, [0.18, 0.06, 0.03, 0.02, 8.84E-3, 5.21E-3, 3.16E-3, 1.95E-3, 1.23E-3, 7.81E-4])
(18749, 2, 1, 10, [0.18, 0.06, 0.03, 0.02, 8.84E-3, 5.21E-3, 3.16E-3, 1.95E-3, 1.23E-3, 7.81E-4])
(18757, 2, 1, 10, [0.18, 0.06, 0.03, 0.02, 8.84E-3, 5.21E-3, 3.16E-3, 1.95E-3, 1.23E-3, 7.81E-4])
(18773, 2, 1, 10, [0.18, 0.06, 0.03, 0.02, 8.84E-3, 5.21E-3, 3.16E-3, 1.95E-3, 1.23E-3, 7.81E-4])
(18787, 2, 1, 10, [0.18, 0.06, 0.03, 0.02, 8.84E-3, 5.21E-3, 3.16E-3, 1.95E-3, 1.23E-3, 7.81E-4])
(18793, 2, 1, 10, [9.59E-13, 0.06, 7.99E-13, 0.02, 1.01E-12, 5.21E-3, 1.46E-12, 1.95E-3, 2.27E-12, 7.81E-4])
(18797, 2, 1, 10, [0.18, 0.06, 0.03, 0.02, 8.84E-3, 5.21E-3, 3.16E-3, 1.95E-3, 1.23E-3, 7.81E-4])
(18803, 2, 1, 10, [0.18, 0.06, 0.03, 0.02, 8.84E-3, 5.21E-3, 3.16E-3, 1.95E-3, 1.23E-3, 7.81E-4])
(18839, 2, 1, 10, [0.18, 0.06, 0.03, 0.02, 8.84E-3, 5.21E-3, 3.16E-3, 1.95E-3, 1.23E-3, 7.81E-4])
(18859, 2, 1, 10, [0.18, 0.06, 0.03, 0.02, 8.84E-3, 5.21E-3, 3.16E-3, 1.95E-3, 1.23E-3, 7.81E-4])
(18869, 2, 1, 10, [0.18, 0.06, 0.03, 0.02, 8.84E-3, 5.21E-3, 3.16E-3, 1.95E-3, 1.23E-3, 7.81E-4])
(18899, 2, 1, 10, [0.18, 0.06, 0.03, 0.02, 8.84E-3, 5.21E-3, 3.16E-3, 1.95E-3, 1.23E-3, 7.81E-4])
(18911, 2, 1, 10, [0.18, 0.06, 0.03, 0.02, 8.84E-3, 5.21E-3, 3.16E-3, 1.95E-3, 1.23E-3, 7.81E-4])
(18913, 2, 1, 10, [9.41E-13, 0.06, 7.84E-13, 0.02, 9.88E-13, 5.21E-3, 1.43E-12, 1.95E-3, 2.23E-12, 7.81E-4])
(18917, 2, 1, 10, [0.18, 0.06, 0.03, 0.02, 8.84E-3, 5.21E-3, 3.16E-3, 1.95E-3, 1.23E-3, 7.81E-4])
(18919, 2, 1, 10, [0.18, 0.06, 0.03, 0.02, 8.84E-3, 5.21E-3, 3.16E-3, 1.95E-3, 1.23E-3, 7.81E-4])
(18947, 2, 1, 10, [0.18, 0.06, 0.03, 0.02, 8.84E-3, 5.21E-3, 3.16E-3, 1.95E-3, 1.23E-3, 7.81E-4])
(18959, 2, 1, 10, [0.18, 0.06, 0.03, 0.02, 8.84E-3, 5.21E-3, 3.16E-3, 1.95E-3, 1.23E-3, 7.81E-4])
(18973, 2, 1, 10, [0.18, 0.06, 0.03, 0.02, 8.84E-3, 5.21E-3, 3.16E-3, 1.95E-3, 1.23E-3, 7.81E-4])
(18979, 2, 1, 10, [0.18, 0.06, 0.03, 0.02, 8.84E-3, 5.21E-3, 3.16E-3, 1.95E-3, 1.23E-3, 7.81E-4])
(19001, 2, 1, 10, [3.09E-13, 0.06, 2.58E-13, 0.02, 3.25E-13, 5.21E-3, 4.69E-13, 1.95E-3, 7.32E-13, 7.81E-4])
(19009, 2, 1, 10, [9.27E-13, 0.06, 7.72E-13, 0.02, 9.73E-13, 5.21E-3, 1.41E-12, 1.95E-3, 2.19E-12, 7.81E-4])
(19013, 2, 1, 10, [0.18, 0.06, 0.03, 0.02, 8.84E-3, 5.21E-3, 3.16E-3, 1.95E-3, 1.23E-3, 7.81E-4])
(19031, 2, 1, 10, [0.18, 0.06, 0.03, 0.02, 8.84E-3, 5.21E-3, 3.16E-3, 1.95E-3, 1.23E-3, 7.81E-4])
(19037, 2, 1, 10, [0.18, 0.06, 0.03, 0.02, 8.84E-3, 5.21E-3, 3.16E-3, 1.95E-3, 1.23E-3, 7.81E-4])
(19051, 2, 1, 10, [0.18, 0.06, 0.03, 0.02, 8.84E-3, 5.21E-3, 3.16E-3, 1.95E-3, 1.23E-3, 7.81E-4])
(19069, 2, 1, 10, [0.18, 0.06, 0.03, 0.02, 8.84E-3, 5.21E-3, 3.16E-3, 1.95E-3, 1.23E-3, 7.81E-4])
(19073, 2, 1, 10, [3.06E-13, 0.06, 2.55E-13, 0.02, 3.21E-13, 5.21E-3, 4.64E-13, 1.95E-3, 7.24E-13, 7.81E-4])
(19079, 2, 1, 10, [0.18, 0.06, 0.03, 0.02, 8.84E-3, 5.21E-3, 3.16E-3, 1.95E-3, 1.23E-3, 7.81E-4])
(19081, 2, 1, 10, [0.35, 0.19, 0.12, 0.08, 0.05, 0.04, 0.03, 0.02, 0.01, 8.59E-3])
(19087, 2, 1, 10, [0.18, 0.06, 0.03, 0.02, 8.84E-3, 5.21E-3, 3.16E-3, 1.95E-3, 1.23E-3, 7.81E-4])
(19121, 2, 1, 10, [3.03E-13, 0.06, 2.53E-13, 0.02, 3.19E-13, 5.21E-3, 4.61E-13, 1.95E-3, 7.19E-13, 7.81E-4])
(19139, 2, 1, 10, [0.18, 0.06, 0.03, 0.02, 8.84E-3, 5.21E-3, 3.16E-3, 1.95E-3, 1.23E-3, 7.81E-4])
(19141, 2, 1, 10, [0.18, 0.06, 0.03, 0.02, 8.84E-3, 5.21E-3, 3.16E-3, 1.95E-3, 1.23E-3, 7.81E-4])
(19157, 2, 1, 10, [0.18, 0.06, 0.03, 0.02, 8.84E-3, 5.21E-3, 3.16E-3, 1.95E-3, 1.23E-3, 7.81E-4])
(19163, 2, 1, 10, [0.18, 0.06, 0.03, 0.02, 8.84E-3, 5.21E-3, 3.16E-3, 1.95E-3, 1.23E-3, 7.81E-4])
(19181, 2, 1, 10, [0.18, 0.06, 0.03, 0.02, 8.84E-3, 5.21E-3, 3.16E-3, 1.95E-3, 1.23E-3, 7.81E-4])
(19183, 2, 1, 10, [0.18, 0.06, 0.03, 0.02, 8.84E-3, 5.21E-3, 3.16E-3, 1.95E-3, 1.23E-3, 7.81E-4])
(19207, 2, 1, 10, [0.18, 0.06, 0.03, 0.02, 8.84E-3, 5.21E-3, 3.16E-3, 1.95E-3, 1.23E-3, 7.81E-4])
(19211, 2, 1, 10, [0.18, 0.06, 0.03, 0.02, 8.84E-3, 5.21E-3, 3.16E-3, 1.95E-3, 1.23E-3, 7.81E-4])
(19213, 2, 1, 10, [0.18, 0.06, 0.03, 0.02, 8.84E-3, 5.21E-3, 3.16E-3, 1.95E-3, 1.23E-3, 7.81E-4])
(19219, 2, 1, 10, [0.18, 0.06, 0.03, 0.02, 8.84E-3, 5.21E-3, 3.16E-3, 1.95E-3, 1.23E-3, 7.81E-4])
(19231, 2, 1, 10, [0.18, 0.06, 0.03, 0.02, 8.84E-3, 5.21E-3, 3.16E-3, 1.95E-3, 1.23E-3, 7.81E-4])
(19237, 2, 1, 10, [0.18, 0.06, 0.03, 0.02, 8.84E-3, 5.21E-3, 3.16E-3, 1.95E-3, 1.23E-3, 7.81E-4])
(19249, 2, 1, 10, [0.35, 0.19, 0.12, 0.08, 0.05, 0.04, 0.03, 0.02, 0.01, 8.59E-3])
(19259, 2, 1, 10, [0.18, 0.06, 0.03, 0.02, 8.84E-3, 5.21E-3, 3.16E-3, 1.95E-3, 1.23E-3, 7.81E-4])
(19267, 2, 1, 10, [0.18, 0.06, 0.03, 0.02, 8.84E-3, 5.21E-3, 3.16E-3, 1.95E-3, 1.23E-3, 7.81E-4])
(19273, 2, 1, 10, [8.89E-13, 0.06, 7.41E-13, 0.02, 9.33E-13, 5.21E-3, 1.35E-12, 1.95E-3, 2.11E-12, 7.81E-4])
(19289, 2, 1, 10, [2.96E-13, 0.06, 2.46E-13, 0.02, 3.10E-13, 5.21E-3, 4.49E-13, 1.95E-3, 7.00E-13, 7.81E-4])
(19301, 2, 1, 10, [0.18, 0.06, 0.03, 0.02, 8.84E-3, 5.21E-3, 3.16E-3, 1.95E-3, 1.23E-3, 7.81E-4])
(19309, 2, 1, 10, [0.18, 0.06, 0.03, 0.02, 8.84E-3, 5.21E-3, 3.16E-3, 1.95E-3, 1.23E-3, 7.81E-4])
(19319, 2, 1, 10, [0.18, 0.06, 0.03, 0.02, 8.84E-3, 5.21E-3, 3.16E-3, 1.95E-3, 1.23E-3, 7.81E-4])
(19333, 2, 1, 10, [0.18, 0.06, 0.03, 0.02, 8.84E-3, 5.21E-3, 3.16E-3, 1.95E-3, 1.23E-3, 7.81E-4])
(19373, 2, 1, 10, [0.18, 0.06, 0.03, 0.02, 8.84E-3, 5.21E-3, 3.16E-3, 1.95E-3, 1.23E-3, 7.81E-4])
(19379, 2, 1, 10, [0.18, 0.06, 0.03, 0.02, 8.84E-3, 5.21E-3, 3.16E-3, 1.95E-3, 1.23E-3, 7.81E-4])
(19381, 2, 1, 10, [0.18, 0.06, 0.03, 0.02, 8.84E-3, 5.21E-3, 3.16E-3, 1.95E-3, 1.23E-3, 7.81E-4])
(19387, 2, 1, 10, [0.18, 0.06, 0.03, 0.02, 8.84E-3, 5.21E-3, 3.16E-3, 1.95E-3, 1.23E-3, 7.81E-4])
(19391, 2, 1, 10, [0.18, 0.06, 0.03, 0.02, 8.84E-3, 5.21E-3, 3.16E-3, 1.95E-3, 1.23E-3, 7.81E-4])
(19403, 2, 1, 10, [0.18, 0.06, 0.03, 0.02, 8.84E-3, 5.21E-3, 3.16E-3, 1.95E-3, 1.23E-3, 7.81E-4])
(19417, 2, 1, 10, [8.69E-13, 0.06, 7.24E-13, 0.02, 9.13E-13, 5.21E-3, 1.32E-12, 1.95E-3, 2.06E-12, 7.81E-4])
(19421, 2, 1, 10, [0.18, 0.06, 0.03, 0.02, 8.84E-3, 5.21E-3, 3.16E-3, 1.95E-3, 1.23E-3, 7.81E-4])
(19423, 2, 1, 10, [0.18, 0.06, 0.03, 0.02, 8.84E-3, 5.21E-3, 3.16E-3, 1.95E-3, 1.23E-3, 7.81E-4])
(19427, 2, 1, 10, [0.18, 0.06, 0.03, 0.02, 8.84E-3, 5.21E-3, 3.16E-3, 1.95E-3, 1.23E-3, 7.81E-4])
(19429, 2, 1, 10, [0.18, 0.06, 0.03, 0.02, 8.84E-3, 5.21E-3, 3.16E-3, 1.95E-3, 1.23E-3, 7.81E-4])
(19433, 2, 1, 10, [2.89E-13, 0.06, 2.41E-13, 0.02, 3.04E-13, 5.21E-3, 4.39E-13, 1.95E-3, 6.85E-13, 7.81E-4])
(19441, 2, 1, 10, [8.66E-13, 0.06, 7.22E-13, 0.02, 9.09E-13, 5.21E-3, 1.31E-12, 1.95E-3, 2.05E-12, 7.81E-4])
(19447, 2, 1, 10, [0.18, 0.06, 0.03, 0.02, 8.84E-3, 5.21E-3, 3.16E-3, 1.95E-3, 1.23E-3, 7.81E-4])
(19457, 2, 1, 10, [2.88E-13, 0.06, 2.40E-13, 0.02, 3.02E-13, 5.21E-3, 4.37E-13, 1.95E-3, 6.82E-13, 7.81E-4])
(19463, 2, 1, 10, [0.18, 0.06, 0.03, 0.02, 8.84E-3, 5.21E-3, 3.16E-3, 1.95E-3, 1.23E-3, 7.81E-4])
(19469, 2, 1, 10, [0.18, 0.06, 0.03, 0.02, 8.84E-3, 5.21E-3, 3.16E-3, 1.95E-3, 1.23E-3, 7.81E-4])
(19471, 2, 1, 10, [0.18, 0.06, 0.03, 0.02, 8.84E-3, 5.21E-3, 3.16E-3, 1.95E-3, 1.23E-3, 7.81E-4])
(19477, 2, 1, 10, [0.18, 0.06, 0.03, 0.02, 8.84E-3, 5.21E-3, 3.16E-3, 1.95E-3, 1.23E-3, 7.81E-4])
(19483, 2, 1, 10, [0.18, 0.06, 0.03, 0.02, 8.84E-3, 5.21E-3, 3.16E-3, 1.95E-3, 1.23E-3, 7.81E-4])
(19489, 2, 1, 10, [8.60E-13, 0.06, 7.16E-13, 0.02, 9.03E-13, 5.21E-3, 1.31E-12, 1.95E-3, 2.04E-12, 7.81E-4])
(19501, 2, 1, 10, [0.18, 0.06, 0.03, 0.02, 8.84E-3, 5.21E-3, 3.16E-3, 1.95E-3, 1.23E-3, 7.81E-4])
(19507, 2, 1, 10, [0.18, 0.06, 0.03, 0.02, 8.84E-3, 5.21E-3, 3.16E-3, 1.95E-3, 1.23E-3, 7.81E-4])
(19531, 2, 1, 10, [0.18, 0.06, 0.03, 0.02, 8.84E-3, 5.21E-3, 3.16E-3, 1.95E-3, 1.23E-3, 7.81E-4])
(19541, 2, 1, 10, [0.18, 0.06, 0.03, 0.02, 8.84E-3, 5.21E-3, 3.16E-3, 1.95E-3, 1.23E-3, 7.81E-4])
(19543, 2, 1, 10, [0.18, 0.06, 0.03, 0.02, 8.84E-3, 5.21E-3, 3.16E-3, 1.95E-3, 1.23E-3, 7.81E-4])
(19553, 2, 1, 10, [2.84E-13, 0.06, 2.36E-13, 0.02, 2.98E-13, 5.21E-3, 4.31E-13, 1.95E-3, 6.72E-13, 7.81E-4])
(19559, 2, 1, 10, [0.18, 0.06, 0.03, 0.02, 8.84E-3, 5.21E-3, 3.16E-3, 1.95E-3, 1.23E-3, 7.81E-4])
(19571, 2, 1, 10, [0.18, 0.06, 0.03, 0.02, 8.84E-3, 5.21E-3, 3.16E-3, 1.95E-3, 1.23E-3, 7.81E-4])
(19577, 2, 1, 10, [2.83E-13, 0.06, 2.36E-13, 0.02, 2.97E-13, 5.21E-3, 4.29E-13, 1.95E-3, 6.70E-13, 7.81E-4])
(19583, 2, 1, 10, [0.18, 0.06, 0.03, 0.02, 8.84E-3, 5.21E-3, 3.16E-3, 1.95E-3, 1.23E-3, 7.81E-4])
(19597, 2, 1, 10, [0.18, 0.06, 0.03, 0.02, 8.84E-3, 5.21E-3, 3.16E-3, 1.95E-3, 1.23E-3, 7.81E-4])
(19603, 2, 1, 10, [0.18, 0.06, 0.03, 0.02, 8.84E-3, 5.21E-3, 3.16E-3, 1.95E-3, 1.23E-3, 7.81E-4])
(19609, 2, 1, 10, [8.44E-13, 0.06, 7.03E-13, 0.02, 8.86E-13, 5.21E-3, 1.28E-12, 1.95E-3, 2.00E-12, 7.81E-4])
(19661, 2, 1, 10, [0.18, 0.06, 0.03, 0.02, 8.84E-3, 5.21E-3, 3.16E-3, 1.95E-3, 1.23E-3, 7.81E-4])
(19681, 2, 1, 10, [8.35E-13, 0.06, 6.96E-13, 0.02, 8.77E-13, 5.21E-3, 1.27E-12, 1.95E-3, 1.98E-12, 7.81E-4])
(19687, 2, 1, 10, [0.18, 0.06, 0.03, 0.02, 8.84E-3, 5.21E-3, 3.16E-3, 1.95E-3, 1.23E-3, 7.81E-4])
(19697, 2, 1, 10, [2.78E-13, 0.06, 2.31E-13, 0.02, 2.91E-13, 5.21E-3, 4.21E-13, 1.95E-3, 6.57E-13, 7.81E-4])
(19699, 2, 1, 10, [0.18, 0.06, 0.03, 0.02, 8.84E-3, 5.21E-3, 3.16E-3, 1.95E-3, 1.23E-3, 7.81E-4])
(19709, 2, 1, 10, [0.18, 0.06, 0.03, 0.02, 8.84E-3, 5.21E-3, 3.16E-3, 1.95E-3, 1.23E-3, 7.81E-4])
(19717, 2, 1, 10, [0.18, 0.06, 0.03, 0.02, 8.84E-3, 5.21E-3, 3.16E-3, 1.95E-3, 1.23E-3, 7.81E-4])
(19727, 2, 1, 10, [0.18, 0.06, 0.03, 0.02, 8.84E-3, 5.21E-3, 3.16E-3, 1.95E-3, 1.23E-3, 7.81E-4])
(19739, 2, 1, 10, [0.18, 0.06, 0.03, 0.02, 8.84E-3, 5.21E-3, 3.16E-3, 1.95E-3, 1.23E-3, 7.81E-4])
(19751, 2, 1, 10, [0.18, 0.06, 0.03, 0.02, 8.84E-3, 5.21E-3, 3.16E-3, 1.95E-3, 1.23E-3, 7.81E-4])
(19753, 2, 1, 10, [8.26E-13, 0.06, 6.88E-13, 0.02, 8.67E-13, 5.21E-3, 1.25E-12, 1.95E-3, 1.96E-12, 7.81E-4])
(19759, 2, 1, 10, [0.18, 0.06, 0.03, 0.02, 8.84E-3, 5.21E-3, 3.16E-3, 1.95E-3, 1.23E-3, 7.81E-4])
(19763, 2, 1, 10, [0.18, 0.06, 0.03, 0.02, 8.84E-3, 5.21E-3, 3.16E-3, 1.95E-3, 1.23E-3, 7.81E-4])
(19777, 2, 1, 10, [8.23E-13, 0.06, 6.86E-13, 0.02, 8.64E-13, 5.21E-3, 1.25E-12, 1.95E-3, 1.95E-12, 7.81E-4])
(19793, 2, 1, 10, [2.74E-13, 0.06, 2.28E-13, 0.02, 2.87E-13, 5.21E-3, 4.15E-13, 1.95E-3, 6.48E-13, 7.81E-4])
(19801, 2, 1, 10, [0.35, 0.19, 0.12, 0.08, 0.05, 0.04, 0.03, 0.02, 0.01, 8.59E-3])
(19813, 2, 1, 10, [0.18, 0.06, 0.03, 0.02, 8.84E-3, 5.21E-3, 3.16E-3, 1.95E-3, 1.23E-3, 7.81E-4])
(19819, 2, 1, 10, [0.18, 0.06, 0.03, 0.02, 8.84E-3, 5.21E-3, 3.16E-3, 1.95E-3, 1.23E-3, 7.81E-4])
(19841, 2, 1, 10, [2.72E-13, 0.06, 2.26E-13, 0.02, 2.85E-13, 5.21E-3, 4.12E-13, 1.95E-3, 6.43E-13, 7.81E-4])
(19843, 2, 1, 10, [0.18, 0.06, 0.03, 0.02, 8.84E-3, 5.21E-3, 3.16E-3, 1.95E-3, 1.23E-3, 7.81E-4])
(19853, 2, 1, 10, [0.18, 0.06, 0.03, 0.02, 8.84E-3, 5.21E-3, 3.16E-3, 1.95E-3, 1.23E-3, 7.81E-4])
(19861, 2, 1, 10, [0.18, 0.06, 0.03, 0.02, 8.84E-3, 5.21E-3, 3.16E-3, 1.95E-3, 1.23E-3, 7.81E-4])
(19867, 2, 1, 10, [0.18, 0.06, 0.03, 0.02, 8.84E-3, 5.21E-3, 3.16E-3, 1.95E-3, 1.23E-3, 7.81E-4])
(19889, 2, 1, 10, [2.70E-13, 0.06, 2.25E-13, 0.02, 2.83E-13, 5.21E-3, 4.09E-13, 1.95E-3, 6.39E-13, 7.81E-4])
(19891, 2, 1, 10, [0.18, 0.06, 0.03, 0.02, 8.84E-3, 5.21E-3, 3.16E-3, 1.95E-3, 1.23E-3, 7.81E-4])
(19913, 2, 1, 10, [2.69E-13, 0.06, 2.24E-13, 0.02, 2.82E-13, 5.21E-3, 4.08E-13, 1.95E-3, 6.36E-13, 7.81E-4])
(19919, 2, 1, 10, [0.18, 0.06, 0.03, 0.02, 8.84E-3, 5.21E-3, 3.16E-3, 1.95E-3, 1.23E-3, 7.81E-4])
(19927, 2, 1, 10, [0.18, 0.06, 0.03, 0.02, 8.84E-3, 5.21E-3, 3.16E-3, 1.95E-3, 1.23E-3, 7.81E-4])
(19937, 2, 1, 10, [2.68E-13, 0.06, 2.23E-13, 0.02, 2.81E-13, 5.21E-3, 4.06E-13, 1.95E-3, 6.34E-13, 7.81E-4])
(19949, 2, 1, 10, [0.18, 0.06, 0.03, 0.02, 8.84E-3, 5.21E-3, 3.16E-3, 1.95E-3, 1.23E-3, 7.81E-4])
(19961, 2, 1, 10, [2.67E-13, 0.06, 2.22E-13, 0.02, 2.80E-13, 5.21E-3, 4.05E-13, 1.95E-3, 6.32E-13, 7.81E-4])
(19963, 2, 1, 10, [0.18, 0.06, 0.03, 0.02, 8.84E-3, 5.21E-3, 3.16E-3, 1.95E-3, 1.23E-3, 7.81E-4])
(19973, 2, 1, 10, [0.18, 0.06, 0.03, 0.02, 8.84E-3, 5.21E-3, 3.16E-3, 1.95E-3, 1.23E-3, 7.81E-4])
(19979, 2, 1, 10, [0.18, 0.06, 0.03, 0.02, 8.84E-3, 5.21E-3, 3.16E-3, 1.95E-3, 1.23E-3, 7.81E-4])
(19991, 2, 1, 10, [0.18, 0.06, 0.03, 0.02, 8.84E-3, 5.21E-3, 3.16E-3, 1.95E-3, 1.23E-3, 7.81E-4])
(19993, 2, 1, 10, [7.96E-13, 0.06, 6.64E-13, 0.02, 8.36E-13, 5.21E-3, 1.21E-12, 1.95E-3, 1.89E-12, 7.81E-4])
(19997, 2, 1, 10, [0.18, 0.06, 0.03, 0.02, 8.84E-3, 5.21E-3, 3.16E-3, 1.95E-3, 1.23E-3, 7.81E-4])
(20011, 2, 1, 10, [0.18, 0.06, 0.03, 0.02, 8.84E-3, 5.21E-3, 3.16E-3, 1.95E-3, 1.23E-3, 7.81E-4])
(20021, 2, 1, 10, [0.18, 0.06, 0.03, 0.02, 8.84E-3, 5.21E-3, 3.16E-3, 1.95E-3, 1.23E-3, 7.81E-4])
(20023, 2, 1, 10, [0.18, 0.06, 0.03, 0.02, 8.84E-3, 5.21E-3, 3.16E-3, 1.95E-3, 1.23E-3, 7.81E-4])
(20029, 2, 1, 10, [0.18, 0.06, 0.03, 0.02, 8.84E-3, 5.21E-3, 3.16E-3, 1.95E-3, 1.23E-3, 7.81E-4])
(20047, 2, 1, 10, [0.18, 0.06, 0.03, 0.02, 8.84E-3, 5.21E-3, 3.16E-3, 1.95E-3, 1.23E-3, 7.81E-4])
(20051, 2, 1, 10, [0.18, 0.06, 0.03, 0.02, 8.84E-3, 5.21E-3, 3.16E-3, 1.95E-3, 1.23E-3, 7.81E-4])
(20063, 2, 1, 10, [0.18, 0.06, 0.03, 0.02, 8.84E-3, 5.21E-3, 3.16E-3, 1.95E-3, 1.23E-3, 7.81E-4])
(20071, 2, 1, 10, [0.18, 0.06, 0.03, 0.02, 8.84E-3, 5.21E-3, 3.16E-3, 1.95E-3, 1.23E-3, 7.81E-4])
(20089, 2, 1, 10, [0.35, 0.19, 0.12, 0.08, 0.05, 0.04, 0.03, 0.02, 0.01, 8.59E-3])
(20101, 2, 1, 10, [0.18, 0.06, 0.03, 0.02, 8.84E-3, 5.21E-3, 3.16E-3, 1.95E-3, 1.23E-3, 7.81E-4])
(20107, 2, 1, 10, [0.18, 0.06, 0.03, 0.02, 8.84E-3, 5.21E-3, 3.16E-3, 1.95E-3, 1.23E-3, 7.81E-4])
(20113, 2, 1, 10, [7.82E-13, 0.06, 6.52E-13, 0.02, 8.21E-13, 5.21E-3, 1.19E-12, 1.95E-3, 1.85E-12, 7.81E-4])
(20117, 2, 1, 10, [0.18, 0.06, 0.03, 0.02, 8.84E-3, 5.21E-3, 3.16E-3, 1.95E-3, 1.23E-3, 7.81E-4])
(20123, 2, 1, 10, [0.18, 0.06, 0.03, 0.02, 8.84E-3, 5.21E-3, 3.16E-3, 1.95E-3, 1.23E-3, 7.81E-4])
(20129, 2, 1, 10, [2.60E-13, 0.06, 2.17E-13, 0.02, 2.73E-13, 5.21E-3, 3.95E-13, 1.95E-3, 6.16E-13, 7.81E-4])
(20143, 2, 1, 10, [0.18, 0.06, 0.03, 0.02, 8.84E-3, 5.21E-3, 3.16E-3, 1.95E-3, 1.23E-3, 7.81E-4])
(20147, 2, 1, 10, [0.18, 0.06, 0.03, 0.02, 8.84E-3, 5.21E-3, 3.16E-3, 1.95E-3, 1.23E-3, 7.81E-4])
(20149, 2, 1, 10, [0.18, 0.06, 0.03, 0.02, 8.84E-3, 5.21E-3, 3.16E-3, 1.95E-3, 1.23E-3, 7.81E-4])
(20161, 2, 1, 10, [7.77E-13, 0.06, 6.47E-13, 0.02, 8.15E-13, 5.21E-3, 1.18E-12, 1.95E-3, 1.84E-12, 7.81E-4])
(20173, 2, 1, 10, [0.18, 0.06, 0.03, 0.02, 8.84E-3, 5.21E-3, 3.16E-3, 1.95E-3, 1.23E-3, 7.81E-4])
(20177, 2, 1, 10, [2.58E-13, 0.06, 2.15E-13, 0.02, 2.71E-13, 5.21E-3, 3.92E-13, 1.95E-3, 6.12E-13, 7.81E-4])
(20183, 2, 1, 10, [0.18, 0.06, 0.03, 0.02, 8.84E-3, 5.21E-3, 3.16E-3, 1.95E-3, 1.23E-3, 7.81E-4])
(20201, 2, 1, 10, [2.57E-13, 0.06, 2.14E-13, 0.02, 2.70E-13, 5.21E-3, 3.91E-13, 1.95E-3, 6.09E-13, 7.81E-4])
(20219, 2, 1, 10, [0.18, 0.06, 0.03, 0.02, 8.84E-3, 5.21E-3, 3.16E-3, 1.95E-3, 1.23E-3, 7.81E-4])
(20231, 2, 1, 10, [0.18, 0.06, 0.03, 0.02, 8.84E-3, 5.21E-3, 3.16E-3, 1.95E-3, 1.23E-3, 7.81E-4])
(20233, 2, 1, 10, [7.68E-13, 0.06, 6.40E-13, 0.02, 8.07E-13, 5.21E-3, 1.17E-12, 1.95E-3, 1.82E-12, 7.81E-4])
(20249, 2, 1, 10, [2.56E-13, 0.06, 2.13E-13, 0.02, 2.68E-13, 5.21E-3, 3.88E-13, 1.95E-3, 6.05E-13, 7.81E-4])
(20261, 2, 1, 10, [0.18, 0.06, 0.03, 0.02, 8.84E-3, 5.21E-3, 3.16E-3, 1.95E-3, 1.23E-3, 7.81E-4])
(20269, 2, 1, 10, [0.18, 0.06, 0.03, 0.02, 8.84E-3, 5.21E-3, 3.16E-3, 1.95E-3, 1.23E-3, 7.81E-4])
(20287, 2, 1, 10, [0.18, 0.06, 0.03, 0.02, 8.84E-3, 5.21E-3, 3.16E-3, 1.95E-3, 1.23E-3, 7.81E-4])
(20297, 2, 1, 10, [2.54E-13, 0.06, 2.11E-13, 0.02, 2.66E-13, 5.21E-3, 3.85E-13, 1.95E-3, 6.01E-13, 7.81E-4])
(20323, 2, 1, 10, [0.18, 0.06, 0.03, 0.02, 8.84E-3, 5.21E-3, 3.16E-3, 1.95E-3, 1.23E-3, 7.81E-4])
(20327, 2, 1, 10, [0.18, 0.06, 0.03, 0.02, 8.84E-3, 5.21E-3, 3.16E-3, 1.95E-3, 1.23E-3, 7.81E-4])
(20333, 2, 1, 10, [0.18, 0.06, 0.03, 0.02, 8.84E-3, 5.21E-3, 3.16E-3, 1.95E-3, 1.23E-3, 7.81E-4])
(20341, 2, 1, 10, [0.18, 0.06, 0.03, 0.02, 8.84E-3, 5.21E-3, 3.16E-3, 1.95E-3, 1.23E-3, 7.81E-4])
(20347, 2, 1, 10, [0.18, 0.06, 0.03, 0.02, 8.84E-3, 5.21E-3, 3.16E-3, 1.95E-3, 1.23E-3, 7.81E-4])
(20353, 2, 1, 10, [7.55E-13, 0.06, 6.29E-13, 0.02, 7.93E-13, 5.21E-3, 1.15E-12, 1.95E-3, 1.79E-12, 7.81E-4])
(20357, 2, 1, 10, [0.18, 0.06, 0.03, 0.02, 8.84E-3, 5.21E-3, 3.16E-3, 1.95E-3, 1.23E-3, 7.81E-4])
(20359, 2, 1, 10, [0.18, 0.06, 0.03, 0.02, 8.84E-3, 5.21E-3, 3.16E-3, 1.95E-3, 1.23E-3, 7.81E-4])
(20369, 2, 1, 10, [2.51E-13, 0.06, 2.09E-13, 0.02, 2.64E-13, 5.21E-3, 3.81E-13, 1.95E-3, 5.94E-13, 7.81E-4])
(20389, 2, 1, 10, [0.18, 0.06, 0.03, 0.02, 8.84E-3, 5.21E-3, 3.16E-3, 1.95E-3, 1.23E-3, 7.81E-4])
(20393, 2, 1, 10, [2.50E-13, 0.06, 2.08E-13, 0.02, 2.63E-13, 5.21E-3, 3.80E-13, 1.95E-3, 5.92E-13, 7.81E-4])
(20399, 2, 1, 10, [0.18, 0.06, 0.03, 0.02, 8.84E-3, 5.21E-3, 3.16E-3, 1.95E-3, 1.23E-3, 7.81E-4])
(20407, 2, 1, 10, [0.18, 0.06, 0.03, 0.02, 8.84E-3, 5.21E-3, 3.16E-3, 1.95E-3, 1.23E-3, 7.81E-4])
(20411, 2, 1, 10, [0.18, 0.06, 0.03, 0.02, 8.84E-3, 5.21E-3, 3.16E-3, 1.95E-3, 1.23E-3, 7.81E-4])
(20431, 2, 1, 10, [0.18, 0.06, 0.03, 0.02, 8.84E-3, 5.21E-3, 3.16E-3, 1.95E-3, 1.23E-3, 7.81E-4])
(20441, 2, 1, 10, [2.48E-13, 0.06, 2.07E-13, 0.02, 2.61E-13, 5.21E-3, 3.77E-13, 1.95E-3, 5.88E-13, 7.81E-4])
(20443, 2, 1, 10, [0.18, 0.06, 0.03, 0.02, 8.84E-3, 5.21E-3, 3.16E-3, 1.95E-3, 1.23E-3, 7.81E-4])
(20477, 2, 1, 10, [0.18, 0.06, 0.03, 0.02, 8.84E-3, 5.21E-3, 3.16E-3, 1.95E-3, 1.23E-3, 7.81E-4])
(20479, 2, 1, 10, [0.18, 0.06, 0.03, 0.02, 8.84E-3, 5.21E-3, 3.16E-3, 1.95E-3, 1.23E-3, 7.81E-4])
(20483, 2, 1, 10, [0.18, 0.06, 0.03, 0.02, 8.84E-3, 5.21E-3, 3.16E-3, 1.95E-3, 1.23E-3, 7.81E-4])
(20507, 2, 1, 10, [0.18, 0.06, 0.03, 0.02, 8.84E-3, 5.21E-3, 3.16E-3, 1.95E-3, 1.23E-3, 7.81E-4])
(20509, 2, 1, 10, [0.18, 0.06, 0.03, 0.02, 8.84E-3, 5.21E-3, 3.16E-3, 1.95E-3, 1.23E-3, 7.81E-4])
(20521, 2, 1, 10, [7.36E-13, 0.06, 6.14E-13, 0.02, 7.73E-13, 5.21E-3, 1.12E-12, 1.95E-3, 1.74E-12, 7.81E-4])
(20533, 2, 1, 10, [0.18, 0.06, 0.03, 0.02, 8.84E-3, 5.21E-3, 3.16E-3, 1.95E-3, 1.23E-3, 7.81E-4])
(20543, 2, 1, 10, [0.18, 0.06, 0.03, 0.02, 8.84E-3, 5.21E-3, 3.16E-3, 1.95E-3, 1.23E-3, 7.81E-4])
(20549, 2, 1, 10, [0.18, 0.06, 0.03, 0.02, 8.84E-3, 5.21E-3, 3.16E-3, 1.95E-3, 1.23E-3, 7.81E-4])
(20551, 2, 1, 10, [0.18, 0.06, 0.03, 0.02, 8.84E-3, 5.21E-3, 3.16E-3, 1.95E-3, 1.23E-3, 7.81E-4])
(20563, 2, 1, 10, [0.18, 0.06, 0.03, 0.02, 8.84E-3, 5.21E-3, 3.16E-3, 1.95E-3, 1.23E-3, 7.81E-4])
(20593, 2, 1, 10, [7.29E-13, 0.06, 6.07E-13, 0.02, 7.65E-13, 5.21E-3, 1.11E-12, 1.95E-3, 1.73E-12, 7.81E-4])
(20599, 2, 1, 10, [0.18, 0.06, 0.03, 0.02, 8.84E-3, 5.21E-3, 3.16E-3, 1.95E-3, 1.23E-3, 7.81E-4])
(20611, 2, 1, 10, [0.18, 0.06, 0.03, 0.02, 8.84E-3, 5.21E-3, 3.16E-3, 1.95E-3, 1.23E-3, 7.81E-4])
(20627, 2, 1, 10, [0.18, 0.06, 0.03, 0.02, 8.84E-3, 5.21E-3, 3.16E-3, 1.95E-3, 1.23E-3, 7.81E-4])
(20639, 2, 1, 10, [0.18, 0.06, 0.03, 0.02, 8.84E-3, 5.21E-3, 3.16E-3, 1.95E-3, 1.23E-3, 7.81E-4])
(20641, 2, 1, 10, [0.35, 0.19, 0.12, 0.08, 0.05, 0.04, 0.03, 0.02, 0.01, 8.59E-3])
(20663, 2, 1, 10, [0.18, 0.06, 0.03, 0.02, 8.84E-3, 5.21E-3, 3.16E-3, 1.95E-3, 1.23E-3, 7.81E-4])
(20681, 2, 1, 10, [2.40E-13, 0.06, 2.00E-13, 0.02, 2.52E-13, 5.21E-3, 3.64E-13, 1.95E-3, 5.68E-13, 7.81E-4])
(20693, 2, 1, 10, [0.18, 0.06, 0.03, 0.02, 8.84E-3, 5.21E-3, 3.16E-3, 1.95E-3, 1.23E-3, 7.81E-4])
(20707, 2, 1, 10, [0.18, 0.06, 0.03, 0.02, 8.84E-3, 5.21E-3, 3.16E-3, 1.95E-3, 1.23E-3, 7.81E-4])
(20717, 2, 1, 10, [0.18, 0.06, 0.03, 0.02, 8.84E-3, 5.21E-3, 3.16E-3, 1.95E-3, 1.23E-3, 7.81E-4])
(20719, 2, 1, 10, [0.18, 0.06, 0.03, 0.02, 8.84E-3, 5.21E-3, 3.16E-3, 1.95E-3, 1.23E-3, 7.81E-4])
(20731, 2, 1, 10, [0.18, 0.06, 0.03, 0.02, 8.84E-3, 5.21E-3, 3.16E-3, 1.95E-3, 1.23E-3, 7.81E-4])
(20743, 2, 1, 10, [0.18, 0.06, 0.03, 0.02, 8.84E-3, 5.21E-3, 3.16E-3, 1.95E-3, 1.23E-3, 7.81E-4])
(20747, 2, 1, 10, [0.18, 0.06, 0.03, 0.02, 8.84E-3, 5.21E-3, 3.16E-3, 1.95E-3, 1.23E-3, 7.81E-4])
(20749, 2, 1, 10, [0.18, 0.06, 0.03, 0.02, 8.84E-3, 5.21E-3, 3.16E-3, 1.95E-3, 1.23E-3, 7.81E-4])
(20753, 2, 1, 10, [2.37E-13, 0.06, 1.98E-13, 0.02, 2.49E-13, 5.21E-3, 3.60E-13, 1.95E-3, 5.62E-13, 7.81E-4])
(20759, 2, 1, 10, [0.18, 0.06, 0.03, 0.02, 8.84E-3, 5.21E-3, 3.16E-3, 1.95E-3, 1.23E-3, 7.81E-4])
(20771, 2, 1, 10, [0.18, 0.06, 0.03, 0.02, 8.84E-3, 5.21E-3, 3.16E-3, 1.95E-3, 1.23E-3, 7.81E-4])
(20773, 2, 1, 10, [0.18, 0.06, 0.03, 0.02, 8.84E-3, 5.21E-3, 3.16E-3, 1.95E-3, 1.23E-3, 7.81E-4])
(20789, 2, 1, 10, [0.18, 0.06, 0.03, 0.02, 8.84E-3, 5.21E-3, 3.16E-3, 1.95E-3, 1.23E-3, 7.81E-4])
(20807, 2, 1, 10, [0.18, 0.06, 0.03, 0.02, 8.84E-3, 5.21E-3, 3.16E-3, 1.95E-3, 1.23E-3, 7.81E-4])
(20809, 2, 1, 10, [0.35, 0.19, 0.12, 0.08, 0.05, 0.04, 0.03, 0.02, 0.01, 8.59E-3])
(20849, 2, 1, 10, [2.34E-13, 0.06, 1.95E-13, 0.02, 2.46E-13, 5.21E-3, 3.55E-13, 1.95E-3, 5.54E-13, 7.81E-4])
(20857, 2, 1, 10, [7.01E-13, 0.06, 5.85E-13, 0.02, 7.37E-13, 5.21E-3, 1.06E-12, 1.95E-3, 1.66E-12, 7.81E-4])
(20873, 2, 1, 10, [2.33E-13, 0.06, 1.94E-13, 0.02, 2.45E-13, 5.21E-3, 3.54E-13, 1.95E-3, 5.52E-13, 7.81E-4])
(20879, 2, 1, 10, [0.18, 0.06, 0.03, 0.02, 8.84E-3, 5.21E-3, 3.16E-3, 1.95E-3, 1.23E-3, 7.81E-4])
(20887, 2, 1, 10, [0.18, 0.06, 0.03, 0.02, 8.84E-3, 5.21E-3, 3.16E-3, 1.95E-3, 1.23E-3, 7.81E-4])
(20897, 2, 1, 10, [2.32E-13, 0.06, 1.94E-13, 0.02, 2.44E-13, 5.21E-3, 3.53E-13, 1.95E-3, 5.51E-13, 7.81E-4])
(20899, 2, 1, 10, [0.18, 0.06, 0.03, 0.02, 8.84E-3, 5.21E-3, 3.16E-3, 1.95E-3, 1.23E-3, 7.81E-4])
(20903, 2, 1, 10, [0.18, 0.06, 0.03, 0.02, 8.84E-3, 5.21E-3, 3.16E-3, 1.95E-3, 1.23E-3, 7.81E-4])
(20921, 2, 1, 10, [2.32E-13, 0.06, 1.93E-13, 0.02, 2.43E-13, 5.21E-3, 3.52E-13, 1.95E-3, 5.49E-13, 7.81E-4])
(20929, 2, 1, 10, [0.35, 0.19, 0.12, 0.08, 0.05, 0.04, 0.03, 0.02, 0.01, 8.59E-3])
(20939, 2, 1, 10, [0.18, 0.06, 0.03, 0.02, 8.84E-3, 5.21E-3, 3.16E-3, 1.95E-3, 1.23E-3, 7.81E-4])
(20947, 2, 1, 10, [0.18, 0.06, 0.03, 0.02, 8.84E-3, 5.21E-3, 3.16E-3, 1.95E-3, 1.23E-3, 7.81E-4])
(20959, 2, 1, 10, [0.18, 0.06, 0.03, 0.02, 8.84E-3, 5.21E-3, 3.16E-3, 1.95E-3, 1.23E-3, 7.81E-4])
(20963, 2, 1, 10, [0.18, 0.06, 0.03, 0.02, 8.84E-3, 5.21E-3, 3.16E-3, 1.95E-3, 1.23E-3, 7.81E-4])
(20981, 2, 1, 10, [0.18, 0.06, 0.03, 0.02, 8.84E-3, 5.21E-3, 3.16E-3, 1.95E-3, 1.23E-3, 7.81E-4])
(20983, 2, 1, 10, [0.18, 0.06, 0.03, 0.02, 8.84E-3, 5.21E-3, 3.16E-3, 1.95E-3, 1.23E-3, 7.81E-4])
(21001, 2, 1, 10, [6.87E-13, 0.06, 5.73E-13, 0.02, 7.21E-13, 5.21E-3, 1.04E-12, 1.95E-3, 1.63E-12, 7.81E-4])
(21011, 2, 1, 10, [0.18, 0.06, 0.03, 0.02, 8.84E-3, 5.21E-3, 3.16E-3, 1.95E-3, 1.23E-3, 7.81E-4])
(21013, 2, 1, 10, [0.18, 0.06, 0.03, 0.02, 8.84E-3, 5.21E-3, 3.16E-3, 1.95E-3, 1.23E-3, 7.81E-4])
(21017, 2, 1, 10, [2.29E-13, 0.06, 1.90E-13, 0.02, 2.40E-13, 5.21E-3, 3.47E-13, 1.95E-3, 5.41E-13, 7.81E-4])
(21019, 2, 1, 10, [0.18, 0.06, 0.03, 0.02, 8.84E-3, 5.21E-3, 3.16E-3, 1.95E-3, 1.23E-3, 7.81E-4])
(21023, 2, 1, 10, [0.18, 0.06, 0.03, 0.02, 8.84E-3, 5.21E-3, 3.16E-3, 1.95E-3, 1.23E-3, 7.81E-4])
(21031, 2, 1, 10, [0.18, 0.06, 0.03, 0.02, 8.84E-3, 5.21E-3, 3.16E-3, 1.95E-3, 1.23E-3, 7.81E-4])
(21059, 2, 1, 10, [0.18, 0.06, 0.03, 0.02, 8.84E-3, 5.21E-3, 3.16E-3, 1.95E-3, 1.23E-3, 7.81E-4])
(21061, 2, 1, 10, [0.18, 0.06, 0.03, 0.02, 8.84E-3, 5.21E-3, 3.16E-3, 1.95E-3, 1.23E-3, 7.81E-4])
(21067, 2, 1, 10, [0.18, 0.06, 0.03, 0.02, 8.84E-3, 5.21E-3, 3.16E-3, 1.95E-3, 1.23E-3, 7.81E-4])
(21089, 2, 1, 10, [2.26E-13, 0.06, 1.88E-13, 0.02, 2.37E-13, 5.21E-3, 3.43E-13, 1.95E-3, 5.36E-13, 7.81E-4])
(21101, 2, 1, 10, [0.18, 0.06, 0.03, 0.02, 8.84E-3, 5.21E-3, 3.16E-3, 1.95E-3, 1.23E-3, 7.81E-4])
(21107, 2, 1, 10, [0.18, 0.06, 0.03, 0.02, 8.84E-3, 5.21E-3, 3.16E-3, 1.95E-3, 1.23E-3, 7.81E-4])
(21121, 2, 1, 10, [6.75E-13, 0.06, 5.63E-13, 0.02, 7.09E-13, 5.21E-3, 1.03E-12, 1.95E-3, 1.60E-12, 7.81E-4])
(21139, 2, 1, 10, [0.18, 0.06, 0.03, 0.02, 8.84E-3, 5.21E-3, 3.16E-3, 1.95E-3, 1.23E-3, 7.81E-4])
(21143, 2, 1, 10, [0.18, 0.06, 0.03, 0.02, 8.84E-3, 5.21E-3, 3.16E-3, 1.95E-3, 1.23E-3, 7.81E-4])
(21149, 2, 1, 10, [0.18, 0.06, 0.03, 0.02, 8.84E-3, 5.21E-3, 3.16E-3, 1.95E-3, 1.23E-3, 7.81E-4])
(21157, 2, 1, 10, [0.18, 0.06, 0.03, 0.02, 8.84E-3, 5.21E-3, 3.16E-3, 1.95E-3, 1.23E-3, 7.81E-4])
(21163, 2, 1, 10, [0.18, 0.06, 0.03, 0.02, 8.84E-3, 5.21E-3, 3.16E-3, 1.95E-3, 1.23E-3, 7.81E-4])
(21169, 2, 1, 10, [6.71E-13, 0.06, 5.59E-13, 0.02, 7.04E-13, 5.21E-3, 1.02E-12, 1.95E-3, 1.59E-12, 7.81E-4])
(21179, 2, 1, 10, [0.18, 0.06, 0.03, 0.02, 8.84E-3, 5.21E-3, 3.16E-3, 1.95E-3, 1.23E-3, 7.81E-4])
(21187, 2, 1, 10, [0.18, 0.06, 0.03, 0.02, 8.84E-3, 5.21E-3, 3.16E-3, 1.95E-3, 1.23E-3, 7.81E-4])
(21191, 2, 1, 10, [0.18, 0.06, 0.03, 0.02, 8.84E-3, 5.21E-3, 3.16E-3, 1.95E-3, 1.23E-3, 7.81E-4])
(21193, 2, 1, 10, [6.69E-13, 0.06, 5.57E-13, 0.02, 7.02E-13, 5.21E-3, 1.01E-12, 1.95E-3, 1.58E-12, 7.81E-4])
(21211, 2, 1, 10, [0.18, 0.06, 0.03, 0.02, 8.84E-3, 5.21E-3, 3.16E-3, 1.95E-3, 1.23E-3, 7.81E-4])
(21221, 2, 1, 10, [0.18, 0.06, 0.03, 0.02, 8.84E-3, 5.21E-3, 3.16E-3, 1.95E-3, 1.23E-3, 7.81E-4])
(21227, 2, 1, 10, [0.18, 0.06, 0.03, 0.02, 8.84E-3, 5.21E-3, 3.16E-3, 1.95E-3, 1.23E-3, 7.81E-4])
(21247, 2, 1, 10, [0.18, 0.06, 0.03, 0.02, 8.84E-3, 5.21E-3, 3.16E-3, 1.95E-3, 1.23E-3, 7.81E-4])
(21269, 2, 1, 10, [0.18, 0.06, 0.03, 0.02, 8.84E-3, 5.21E-3, 3.16E-3, 1.95E-3, 1.23E-3, 7.81E-4])
(21277, 2, 1, 10, [0.18, 0.06, 0.03, 0.02, 8.84E-3, 5.21E-3, 3.16E-3, 1.95E-3, 1.23E-3, 7.81E-4])
(21283, 2, 1, 10, [0.18, 0.06, 0.03, 0.02, 8.84E-3, 5.21E-3, 3.16E-3, 1.95E-3, 1.23E-3, 7.81E-4])
(21313, 2, 1, 10, [6.57E-13, 0.06, 5.48E-13, 0.02, 6.90E-13, 5.21E-3, 9.98E-13, 1.95E-3, 1.56E-12, 7.81E-4])
(21317, 2, 1, 10, [0.18, 0.06, 0.03, 0.02, 8.84E-3, 5.21E-3, 3.16E-3, 1.95E-3, 1.23E-3, 7.81E-4])
(21319, 2, 1, 10, [0.18, 0.06, 0.03, 0.02, 8.84E-3, 5.21E-3, 3.16E-3, 1.95E-3, 1.23E-3, 7.81E-4])
(21323, 2, 1, 10, [0.18, 0.06, 0.03, 0.02, 8.84E-3, 5.21E-3, 3.16E-3, 1.95E-3, 1.23E-3, 7.81E-4])
(21341, 2, 1, 10, [0.18, 0.06, 0.03, 0.02, 8.84E-3, 5.21E-3, 3.16E-3, 1.95E-3, 1.23E-3, 7.81E-4])
(21347, 2, 1, 10, [0.18, 0.06, 0.03, 0.02, 8.84E-3, 5.21E-3, 3.16E-3, 1.95E-3, 1.23E-3, 7.81E-4])
(21377, 2, 1, 10, [2.17E-13, 0.06, 1.81E-13, 0.02, 2.28E-13, 5.21E-3, 3.30E-13, 1.95E-3, 5.14E-13, 7.81E-4])
(21379, 2, 1, 10, [0.18, 0.06, 0.03, 0.02, 8.84E-3, 5.21E-3, 3.16E-3, 1.95E-3, 1.23E-3, 7.81E-4])
(21383, 2, 1, 10, [0.18, 0.06, 0.03, 0.02, 8.84E-3, 5.21E-3, 3.16E-3, 1.95E-3, 1.23E-3, 7.81E-4])
(21391, 2, 1, 10, [0.18, 0.06, 0.03, 0.02, 8.84E-3, 5.21E-3, 3.16E-3, 1.95E-3, 1.23E-3, 7.81E-4])
(21397, 2, 1, 10, [0.18, 0.06, 0.03, 0.02, 8.84E-3, 5.21E-3, 3.16E-3, 1.95E-3, 1.23E-3, 7.81E-4])
(21401, 2, 1, 10, [2.16E-13, 0.06, 1.80E-13, 0.02, 2.27E-13, 5.21E-3, 3.29E-13, 1.95E-3, 5.13E-13, 7.81E-4])
(21407, 2, 1, 10, [0.18, 0.06, 0.03, 0.02, 8.84E-3, 5.21E-3, 3.16E-3, 1.95E-3, 1.23E-3, 7.81E-4])
(21419, 2, 1, 10, [0.18, 0.06, 0.03, 0.02, 8.84E-3, 5.21E-3, 3.16E-3, 1.95E-3, 1.23E-3, 7.81E-4])
(21433, 2, 1, 10, [6.46E-13, 0.06, 5.39E-13, 0.02, 6.79E-13, 5.21E-3, 9.81E-13, 1.95E-3, 1.53E-12, 7.81E-4])
(21467, 2, 1, 10, [0.18, 0.06, 0.03, 0.02, 8.84E-3, 5.21E-3, 3.16E-3, 1.95E-3, 1.23E-3, 7.81E-4])
(21481, 2, 1, 10, [0.35, 0.19, 0.12, 0.08, 0.05, 0.04, 0.03, 0.02, 0.01, 8.59E-3])
(21487, 2, 1, 10, [0.18, 0.06, 0.03, 0.02, 8.84E-3, 5.21E-3, 3.16E-3, 1.95E-3, 1.23E-3, 7.81E-4])
(21491, 2, 1, 10, [0.18, 0.06, 0.03, 0.02, 8.84E-3, 5.21E-3, 3.16E-3, 1.95E-3, 1.23E-3, 7.81E-4])
(21493, 2, 1, 10, [0.18, 0.06, 0.03, 0.02, 8.84E-3, 5.21E-3, 3.16E-3, 1.95E-3, 1.23E-3, 7.81E-4])
(21499, 2, 1, 10, [0.18, 0.06, 0.03, 0.02, 8.84E-3, 5.21E-3, 3.16E-3, 1.95E-3, 1.23E-3, 7.81E-4])
(21503, 2, 1, 10, [0.18, 0.06, 0.03, 0.02, 8.84E-3, 5.21E-3, 3.16E-3, 1.95E-3, 1.23E-3, 7.81E-4])
(21517, 2, 1, 10, [0.18, 0.06, 0.03, 0.02, 8.84E-3, 5.21E-3, 3.16E-3, 1.95E-3, 1.23E-3, 7.81E-4])
(21521, 2, 1, 10, [2.13E-13, 0.06, 1.77E-13, 0.02, 2.23E-13, 5.21E-3, 3.23E-13, 1.95E-3, 5.04E-13, 7.81E-4])
(21523, 2, 1, 10, [0.18, 0.06, 0.03, 0.02, 8.84E-3, 5.21E-3, 3.16E-3, 1.95E-3, 1.23E-3, 7.81E-4])
(21529, 2, 1, 10, [6.38E-13, 0.06, 5.31E-13, 0.02, 6.70E-13, 5.21E-3, 9.68E-13, 1.95E-3, 1.51E-12, 7.81E-4])
(21557, 2, 1, 10, [0.18, 0.06, 0.03, 0.02, 8.84E-3, 5.21E-3, 3.16E-3, 1.95E-3, 1.23E-3, 7.81E-4])
(21559, 2, 1, 10, [0.18, 0.06, 0.03, 0.02, 8.84E-3, 5.21E-3, 3.16E-3, 1.95E-3, 1.23E-3, 7.81E-4])
(21563, 2, 1, 10, [0.18, 0.06, 0.03, 0.02, 8.84E-3, 5.21E-3, 3.16E-3, 1.95E-3, 1.23E-3, 7.81E-4])
(21569, 2, 1, 10, [2.11E-13, 0.06, 1.76E-13, 0.02, 2.22E-13, 5.21E-3, 3.21E-13, 1.95E-3, 5.01E-13, 7.81E-4])
(21577, 2, 1, 10, [6.34E-13, 0.06, 5.28E-13, 0.02, 6.65E-13, 5.21E-3, 9.62E-13, 1.95E-3, 1.50E-12, 7.81E-4])
(21587, 2, 1, 10, [0.18, 0.06, 0.03, 0.02, 8.84E-3, 5.21E-3, 3.16E-3, 1.95E-3, 1.23E-3, 7.81E-4])
(21589, 2, 1, 10, [0.18, 0.06, 0.03, 0.02, 8.84E-3, 5.21E-3, 3.16E-3, 1.95E-3, 1.23E-3, 7.81E-4])
(21599, 2, 1, 10, [0.18, 0.06, 0.03, 0.02, 8.84E-3, 5.21E-3, 3.16E-3, 1.95E-3, 1.23E-3, 7.81E-4])
(21601, 2, 1, 10, [0.35, 0.19, 0.12, 0.08, 0.05, 0.04, 0.03, 0.02, 0.01, 8.59E-3])
(21611, 2, 1, 10, [0.18, 0.06, 0.03, 0.02, 8.84E-3, 5.21E-3, 3.16E-3, 1.95E-3, 1.23E-3, 7.81E-4])
(21613, 2, 1, 10, [0.18, 0.06, 0.03, 0.02, 8.84E-3, 5.21E-3, 3.16E-3, 1.95E-3, 1.23E-3, 7.81E-4])
(21617, 2, 1, 10, [2.10E-13, 0.06, 1.75E-13, 0.02, 2.21E-13, 5.21E-3, 3.19E-13, 1.95E-3, 4.97E-13, 7.81E-4])
(21647, 2, 1, 10, [0.18, 0.06, 0.03, 0.02, 8.84E-3, 5.21E-3, 3.16E-3, 1.95E-3, 1.23E-3, 7.81E-4])
(21649, 2, 1, 10, [0.35, 0.19, 0.12, 0.08, 0.05, 0.04, 0.03, 0.02, 0.01, 8.59E-3])
(21661, 2, 1, 10, [0.18, 0.06, 0.03, 0.02, 8.84E-3, 5.21E-3, 3.16E-3, 1.95E-3, 1.23E-3, 7.81E-4])
(21673, 2, 1, 10, [6.25E-13, 0.06, 5.21E-13, 0.02, 6.56E-13, 5.21E-3, 9.49E-13, 1.95E-3, 1.48E-12, 7.81E-4])
(21683, 2, 1, 10, [0.18, 0.06, 0.03, 0.02, 8.84E-3, 5.21E-3, 3.16E-3, 1.95E-3, 1.23E-3, 7.81E-4])
(21701, 2, 1, 10, [0.18, 0.06, 0.03, 0.02, 8.84E-3, 5.21E-3, 3.16E-3, 1.95E-3, 1.23E-3, 7.81E-4])
(21713, 2, 1, 10, [2.07E-13, 0.06, 1.73E-13, 0.02, 2.18E-13, 5.21E-3, 3.15E-13, 1.95E-3, 4.91E-13, 7.81E-4])
(21727, 2, 1, 10, [0.18, 0.06, 0.03, 0.02, 8.84E-3, 5.21E-3, 3.16E-3, 1.95E-3, 1.23E-3, 7.81E-4])
(21737, 2, 1, 10, [2.07E-13, 0.06, 1.72E-13, 0.02, 2.17E-13, 5.21E-3, 3.14E-13, 1.95E-3, 4.89E-13, 7.81E-4])
(21739, 2, 1, 10, [0.18, 0.06, 0.03, 0.02, 8.84E-3, 5.21E-3, 3.16E-3, 1.95E-3, 1.23E-3, 7.81E-4])
(21751, 2, 1, 10, [0.18, 0.06, 0.03, 0.02, 8.84E-3, 5.21E-3, 3.16E-3, 1.95E-3, 1.23E-3, 7.81E-4])
(21757, 2, 1, 10, [0.18, 0.06, 0.03, 0.02, 8.84E-3, 5.21E-3, 3.16E-3, 1.95E-3, 1.23E-3, 7.81E-4])
(21767, 2, 1, 10, [0.18, 0.06, 0.03, 0.02, 8.84E-3, 5.21E-3, 3.16E-3, 1.95E-3, 1.23E-3, 7.81E-4])
(21773, 2, 1, 10, [0.18, 0.06, 0.03, 0.02, 8.84E-3, 5.21E-3, 3.16E-3, 1.95E-3, 1.23E-3, 7.81E-4])
(21787, 2, 1, 10, [0.18, 0.06, 0.03, 0.02, 8.84E-3, 5.21E-3, 3.16E-3, 1.95E-3, 1.23E-3, 7.81E-4])
(21799, 2, 1, 10, [0.18, 0.06, 0.03, 0.02, 8.84E-3, 5.21E-3, 3.16E-3, 1.95E-3, 1.23E-3, 7.81E-4])
(21803, 2, 1, 10, [0.18, 0.06, 0.03, 0.02, 8.84E-3, 5.21E-3, 3.16E-3, 1.95E-3, 1.23E-3, 7.81E-4])
(21817, 2, 1, 10, [6.13E-13, 0.06, 5.11E-13, 0.02, 6.44E-13, 5.21E-3, 9.30E-13, 1.95E-3, 1.45E-12, 7.81E-4])
(21821, 2, 1, 10, [0.18, 0.06, 0.03, 0.02, 8.84E-3, 5.21E-3, 3.16E-3, 1.95E-3, 1.23E-3, 7.81E-4])
(21839, 2, 1, 10, [0.18, 0.06, 0.03, 0.02, 8.84E-3, 5.21E-3, 3.16E-3, 1.95E-3, 1.23E-3, 7.81E-4])
(21841, 2, 1, 10, [6.11E-13, 0.06, 5.09E-13, 0.02, 6.41E-13, 5.21E-3, 9.27E-13, 1.95E-3, 1.45E-12, 7.81E-4])
(21851, 2, 1, 10, [0.18, 0.06, 0.03, 0.02, 8.84E-3, 5.21E-3, 3.16E-3, 1.95E-3, 1.23E-3, 7.81E-4])
(21859, 2, 1, 10, [0.18, 0.06, 0.03, 0.02, 8.84E-3, 5.21E-3, 3.16E-3, 1.95E-3, 1.23E-3, 7.81E-4])
(21863, 2, 1, 10, [0.18, 0.06, 0.03, 0.02, 8.84E-3, 5.21E-3, 3.16E-3, 1.95E-3, 1.23E-3, 7.81E-4])
(21871, 2, 1, 10, [0.18, 0.06, 0.03, 0.02, 8.84E-3, 5.21E-3, 3.16E-3, 1.95E-3, 1.23E-3, 7.81E-4])
(21881, 2, 1, 10, [2.02E-13, 0.06, 1.69E-13, 0.02, 2.13E-13, 5.21E-3, 3.07E-13, 1.95E-3, 4.80E-13, 7.81E-4])
(21893, 2, 1, 10, [0.18, 0.06, 0.03, 0.02, 8.84E-3, 5.21E-3, 3.16E-3, 1.95E-3, 1.23E-3, 7.81E-4])
(21911, 2, 1, 10, [0.18, 0.06, 0.03, 0.02, 8.84E-3, 5.21E-3, 3.16E-3, 1.95E-3, 1.23E-3, 7.81E-4])
(21929, 2, 1, 10, [2.01E-13, 0.06, 1.68E-13, 0.02, 2.11E-13, 5.21E-3, 3.05E-13, 1.95E-3, 4.76E-13, 7.81E-4])
(21937, 2, 1, 10, [6.03E-13, 0.06, 5.02E-13, 0.02, 6.33E-13, 5.21E-3, 9.15E-13, 1.95E-3, 1.43E-12, 7.81E-4])
(21943, 2, 1, 10, [0.18, 0.06, 0.03, 0.02, 8.84E-3, 5.21E-3, 3.16E-3, 1.95E-3, 1.23E-3, 7.81E-4])
(21961, 2, 1, 10, [6.01E-13, 0.06, 5.01E-13, 0.02, 6.31E-13, 5.21E-3, 9.12E-13, 1.95E-3, 1.42E-12, 7.81E-4])
(21977, 2, 1, 10, [2.00E-13, 0.06, 1.67E-13, 0.02, 2.10E-13, 5.21E-3, 3.03E-13, 1.95E-3, 4.73E-13, 7.81E-4])
(21991, 2, 1, 10, [0.18, 0.06, 0.03, 0.02, 8.84E-3, 5.21E-3, 3.16E-3, 1.95E-3, 1.23E-3, 7.81E-4])
(21997, 2, 1, 10, [0.18, 0.06, 0.03, 0.02, 8.84E-3, 5.21E-3, 3.16E-3, 1.95E-3, 1.23E-3, 7.81E-4])
(22003, 2, 1, 10, [0.18, 0.06, 0.03, 0.02, 8.84E-3, 5.21E-3, 3.16E-3, 1.95E-3, 1.23E-3, 7.81E-4])
(22013, 2, 1, 10, [0.18, 0.06, 0.03, 0.02, 8.84E-3, 5.21E-3, 3.16E-3, 1.95E-3, 1.23E-3, 7.81E-4])
(22027, 2, 1, 10, [0.18, 0.06, 0.03, 0.02, 8.84E-3, 5.21E-3, 3.16E-3, 1.95E-3, 1.23E-3, 7.81E-4])
(22031, 2, 1, 10, [0.18, 0.06, 0.03, 0.02, 8.84E-3, 5.21E-3, 3.16E-3, 1.95E-3, 1.23E-3, 7.81E-4])
(22037, 2, 1, 10, [0.18, 0.06, 0.03, 0.02, 8.84E-3, 5.21E-3, 3.16E-3, 1.95E-3, 1.23E-3, 7.81E-4])
(22039, 2, 1, 10, [0.18, 0.06, 0.03, 0.02, 8.84E-3, 5.21E-3, 3.16E-3, 1.95E-3, 1.23E-3, 7.81E-4])
(22051, 2, 1, 10, [0.18, 0.06, 0.03, 0.02, 8.84E-3, 5.21E-3, 3.16E-3, 1.95E-3, 1.23E-3, 7.81E-4])
(22063, 2, 1, 10, [0.18, 0.06, 0.03, 0.02, 8.84E-3, 5.21E-3, 3.16E-3, 1.95E-3, 1.23E-3, 7.81E-4])
(22067, 2, 1, 10, [0.18, 0.06, 0.03, 0.02, 8.84E-3, 5.21E-3, 3.16E-3, 1.95E-3, 1.23E-3, 7.81E-4])
(22073, 2, 1, 10, [1.97E-13, 0.06, 1.64E-13, 0.02, 2.07E-13, 5.21E-3, 2.99E-13, 1.95E-3, 4.67E-13, 7.81E-4])
(22079, 2, 1, 10, [0.18, 0.06, 0.03, 0.02, 8.84E-3, 5.21E-3, 3.16E-3, 1.95E-3, 1.23E-3, 7.81E-4])
(22091, 2, 1, 10, [0.18, 0.06, 0.03, 0.02, 8.84E-3, 5.21E-3, 3.16E-3, 1.95E-3, 1.23E-3, 7.81E-4])
(22093, 2, 1, 10, [0.18, 0.06, 0.03, 0.02, 8.84E-3, 5.21E-3, 3.16E-3, 1.95E-3, 1.23E-3, 7.81E-4])
(22109, 2, 1, 10, [0.18, 0.06, 0.03, 0.02, 8.84E-3, 5.21E-3, 3.16E-3, 1.95E-3, 1.23E-3, 7.81E-4])
(22111, 2, 1, 10, [0.18, 0.06, 0.03, 0.02, 8.84E-3, 5.21E-3, 3.16E-3, 1.95E-3, 1.23E-3, 7.81E-4])
(22123, 2, 1, 10, [0.18, 0.06, 0.03, 0.02, 8.84E-3, 5.21E-3, 3.16E-3, 1.95E-3, 1.23E-3, 7.81E-4])
(22129, 2, 1, 10, [5.87E-13, 0.06, 4.89E-13, 0.02, 6.17E-13, 5.21E-3, 8.91E-13, 1.95E-3, 1.39E-12, 7.81E-4])
(22133, 2, 1, 10, [0.18, 0.06, 0.03, 0.02, 8.84E-3, 5.21E-3, 3.16E-3, 1.95E-3, 1.23E-3, 7.81E-4])
(22147, 2, 1, 10, [0.18, 0.06, 0.03, 0.02, 8.84E-3, 5.21E-3, 3.16E-3, 1.95E-3, 1.23E-3, 7.81E-4])
(22153, 2, 1, 10, [5.85E-13, 0.06, 4.88E-13, 0.02, 6.15E-13, 5.21E-3, 8.89E-13, 1.95E-3, 1.39E-12, 7.81E-4])
(22157, 2, 1, 10, [0.18, 0.06, 0.03, 0.02, 8.84E-3, 5.21E-3, 3.16E-3, 1.95E-3, 1.23E-3, 7.81E-4])
(22159, 2, 1, 10, [0.18, 0.06, 0.03, 0.02, 8.84E-3, 5.21E-3, 3.16E-3, 1.95E-3, 1.23E-3, 7.81E-4])
(22171, 2, 1, 10, [0.18, 0.06, 0.03, 0.02, 8.84E-3, 5.21E-3, 3.16E-3, 1.95E-3, 1.23E-3, 7.81E-4])
(22189, 2, 1, 10, [0.18, 0.06, 0.03, 0.02, 8.84E-3, 5.21E-3, 3.16E-3, 1.95E-3, 1.23E-3, 7.81E-4])
(22193, 2, 1, 10, [1.94E-13, 0.06, 1.62E-13, 0.02, 2.04E-13, 5.21E-3, 2.95E-13, 1.95E-3, 4.60E-13, 7.81E-4])
(22229, 2, 1, 10, [0.18, 0.06, 0.03, 0.02, 8.84E-3, 5.21E-3, 3.16E-3, 1.95E-3, 1.23E-3, 7.81E-4])
(22247, 2, 1, 10, [0.18, 0.06, 0.03, 0.02, 8.84E-3, 5.21E-3, 3.16E-3, 1.95E-3, 1.23E-3, 7.81E-4])
(22259, 2, 1, 10, [0.18, 0.06, 0.03, 0.02, 8.84E-3, 5.21E-3, 3.16E-3, 1.95E-3, 1.23E-3, 7.81E-4])
(22271, 2, 1, 10, [0.18, 0.06, 0.03, 0.02, 8.84E-3, 5.21E-3, 3.16E-3, 1.95E-3, 1.23E-3, 7.81E-4])
(22273, 2, 1, 10, [5.76E-13, 0.06, 4.80E-13, 0.02, 6.05E-13, 5.21E-3, 8.74E-13, 1.95E-3, 1.36E-12, 7.81E-4])
(22277, 2, 1, 10, [0.18, 0.06, 0.03, 0.02, 8.84E-3, 5.21E-3, 3.16E-3, 1.95E-3, 1.23E-3, 7.81E-4])
(22279, 2, 1, 10, [0.18, 0.06, 0.03, 0.02, 8.84E-3, 5.21E-3, 3.16E-3, 1.95E-3, 1.23E-3, 7.81E-4])
(22283, 2, 1, 10, [0.18, 0.06, 0.03, 0.02, 8.84E-3, 5.21E-3, 3.16E-3, 1.95E-3, 1.23E-3, 7.81E-4])
(22291, 2, 1, 10, [0.18, 0.06, 0.03, 0.02, 8.84E-3, 5.21E-3, 3.16E-3, 1.95E-3, 1.23E-3, 7.81E-4])
(22303, 2, 1, 10, [0.18, 0.06, 0.03, 0.02, 8.84E-3, 5.21E-3, 3.16E-3, 1.95E-3, 1.23E-3, 7.81E-4])
(22307, 2, 1, 10, [0.18, 0.06, 0.03, 0.02, 8.84E-3, 5.21E-3, 3.16E-3, 1.95E-3, 1.23E-3, 7.81E-4])
(22343, 2, 1, 10, [0.18, 0.06, 0.03, 0.02, 8.84E-3, 5.21E-3, 3.16E-3, 1.95E-3, 1.23E-3, 7.81E-4])
(22349, 2, 1, 10, [0.18, 0.06, 0.03, 0.02, 8.84E-3, 5.21E-3, 3.16E-3, 1.95E-3, 1.23E-3, 7.81E-4])
(22367, 2, 1, 10, [0.18, 0.06, 0.03, 0.02, 8.84E-3, 5.21E-3, 3.16E-3, 1.95E-3, 1.23E-3, 7.81E-4])
(22369, 2, 1, 10, [5.69E-13, 0.06, 4.74E-13, 0.02, 5.97E-13, 5.21E-3, 8.63E-13, 1.95E-3, 1.35E-12, 7.81E-4])
(22381, 2, 1, 10, [0.18, 0.06, 0.03, 0.02, 8.84E-3, 5.21E-3, 3.16E-3, 1.95E-3, 1.23E-3, 7.81E-4])
(22391, 2, 1, 10, [0.18, 0.06, 0.03, 0.02, 8.84E-3, 5.21E-3, 3.16E-3, 1.95E-3, 1.23E-3, 7.81E-4])
(22397, 2, 1, 10, [0.18, 0.06, 0.03, 0.02, 8.84E-3, 5.21E-3, 3.16E-3, 1.95E-3, 1.23E-3, 7.81E-4])
(22409, 2, 1, 10, [1.89E-13, 0.06, 1.57E-13, 0.02, 1.98E-13, 5.21E-3, 2.86E-13, 1.95E-3, 4.46E-13, 7.81E-4])
(22433, 2, 1, 10, [1.88E-13, 0.06, 1.57E-13, 0.02, 1.97E-13, 5.21E-3, 2.85E-13, 1.95E-3, 4.45E-13, 7.81E-4])
(22441, 2, 1, 10, [0.35, 0.19, 0.12, 0.08, 0.05, 0.04, 0.03, 0.02, 0.01, 8.59E-3])
(22447, 2, 1, 10, [0.18, 0.06, 0.03, 0.02, 8.84E-3, 5.21E-3, 3.16E-3, 1.95E-3, 1.23E-3, 7.81E-4])
(22453, 2, 1, 10, [0.18, 0.06, 0.03, 0.02, 8.84E-3, 5.21E-3, 3.16E-3, 1.95E-3, 1.23E-3, 7.81E-4])
(22469, 2, 1, 10, [0.18, 0.06, 0.03, 0.02, 8.84E-3, 5.21E-3, 3.16E-3, 1.95E-3, 1.23E-3, 7.81E-4])
(22481, 2, 1, 10, [1.87E-13, 0.06, 1.56E-13, 0.02, 1.96E-13, 5.21E-3, 2.83E-13, 1.95E-3, 4.42E-13, 7.81E-4])
(22483, 2, 1, 10, [0.18, 0.06, 0.03, 0.02, 8.84E-3, 5.21E-3, 3.16E-3, 1.95E-3, 1.23E-3, 7.81E-4])
(22501, 2, 1, 10, [0.18, 0.06, 0.03, 0.02, 8.84E-3, 5.21E-3, 3.16E-3, 1.95E-3, 1.23E-3, 7.81E-4])
(22511, 2, 1, 10, [0.18, 0.06, 0.03, 0.02, 8.84E-3, 5.21E-3, 3.16E-3, 1.95E-3, 1.23E-3, 7.81E-4])
(22531, 2, 1, 10, [0.18, 0.06, 0.03, 0.02, 8.84E-3, 5.21E-3, 3.16E-3, 1.95E-3, 1.23E-3, 7.81E-4])
(22541, 2, 1, 10, [0.18, 0.06, 0.03, 0.02, 8.84E-3, 5.21E-3, 3.16E-3, 1.95E-3, 1.23E-3, 7.81E-4])
(22543, 2, 1, 10, [0.18, 0.06, 0.03, 0.02, 8.84E-3, 5.21E-3, 3.16E-3, 1.95E-3, 1.23E-3, 7.81E-4])
(22549, 2, 1, 10, [0.18, 0.06, 0.03, 0.02, 8.84E-3, 5.21E-3, 3.16E-3, 1.95E-3, 1.23E-3, 7.81E-4])
(22567, 2, 1, 10, [0.18, 0.06, 0.03, 0.02, 8.84E-3, 5.21E-3, 3.16E-3, 1.95E-3, 1.23E-3, 7.81E-4])
(22571, 2, 1, 10, [0.18, 0.06, 0.03, 0.02, 8.84E-3, 5.21E-3, 3.16E-3, 1.95E-3, 1.23E-3, 7.81E-4])
(22573, 2, 1, 10, [0.18, 0.06, 0.03, 0.02, 8.84E-3, 5.21E-3, 3.16E-3, 1.95E-3, 1.23E-3, 7.81E-4])
(22613, 2, 1, 10, [0.18, 0.06, 0.03, 0.02, 8.84E-3, 5.21E-3, 3.16E-3, 1.95E-3, 1.23E-3, 7.81E-4])
(22619, 2, 1, 10, [0.18, 0.06, 0.03, 0.02, 8.84E-3, 5.21E-3, 3.16E-3, 1.95E-3, 1.23E-3, 7.81E-4])
(22621, 2, 1, 10, [0.18, 0.06, 0.03, 0.02, 8.84E-3, 5.21E-3, 3.16E-3, 1.95E-3, 1.23E-3, 7.81E-4])
(22637, 2, 1, 10, [0.18, 0.06, 0.03, 0.02, 8.84E-3, 5.21E-3, 3.16E-3, 1.95E-3, 1.23E-3, 7.81E-4])
(22639, 2, 1, 10, [0.18, 0.06, 0.03, 0.02, 8.84E-3, 5.21E-3, 3.16E-3, 1.95E-3, 1.23E-3, 7.81E-4])
(22643, 2, 1, 10, [0.18, 0.06, 0.03, 0.02, 8.84E-3, 5.21E-3, 3.16E-3, 1.95E-3, 1.23E-3, 7.81E-4])
(22651, 2, 1, 10, [0.18, 0.06, 0.03, 0.02, 8.84E-3, 5.21E-3, 3.16E-3, 1.95E-3, 1.23E-3, 7.81E-4])
(22669, 2, 1, 10, [0.18, 0.06, 0.03, 0.02, 8.84E-3, 5.21E-3, 3.16E-3, 1.95E-3, 1.23E-3, 7.81E-4])
(22679, 2, 1, 10, [0.18, 0.06, 0.03, 0.02, 8.84E-3, 5.21E-3, 3.16E-3, 1.95E-3, 1.23E-3, 7.81E-4])
(22691, 2, 1, 10, [0.18, 0.06, 0.03, 0.02, 8.84E-3, 5.21E-3, 3.16E-3, 1.95E-3, 1.23E-3, 7.81E-4])
(22697, 2, 1, 10, [1.81E-13, 0.06, 1.51E-13, 0.02, 1.91E-13, 5.21E-3, 2.75E-13, 1.95E-3, 4.30E-13, 7.81E-4])
(22699, 2, 1, 10, [0.18, 0.06, 0.03, 0.02, 8.84E-3, 5.21E-3, 3.16E-3, 1.95E-3, 1.23E-3, 7.81E-4])
(22709, 2, 1, 10, [0.18, 0.06, 0.03, 0.02, 8.84E-3, 5.21E-3, 3.16E-3, 1.95E-3, 1.23E-3, 7.81E-4])
(22717, 2, 1, 10, [0.18, 0.06, 0.03, 0.02, 8.84E-3, 5.21E-3, 3.16E-3, 1.95E-3, 1.23E-3, 7.81E-4])
(22721, 2, 1, 10, [1.81E-13, 0.06, 1.51E-13, 0.02, 1.90E-13, 5.21E-3, 2.75E-13, 1.95E-3, 4.28E-13, 7.81E-4])
(22727, 2, 1, 10, [0.18, 0.06, 0.03, 0.02, 8.84E-3, 5.21E-3, 3.16E-3, 1.95E-3, 1.23E-3, 7.81E-4])
(22739, 2, 1, 10, [0.18, 0.06, 0.03, 0.02, 8.84E-3, 5.21E-3, 3.16E-3, 1.95E-3, 1.23E-3, 7.81E-4])
(22741, 2, 1, 10, [0.18, 0.06, 0.03, 0.02, 8.84E-3, 5.21E-3, 3.16E-3, 1.95E-3, 1.23E-3, 7.81E-4])
(22751, 2, 1, 10, [0.18, 0.06, 0.03, 0.02, 8.84E-3, 5.21E-3, 3.16E-3, 1.95E-3, 1.23E-3, 7.81E-4])
(22769, 2, 1, 10, [1.80E-13, 0.06, 1.50E-13, 0.02, 1.89E-13, 5.21E-3, 2.73E-13, 1.95E-3, 4.26E-13, 7.81E-4])
(22777, 2, 1, 10, [5.39E-13, 0.06, 4.49E-13, 0.02, 5.66E-13, 5.21E-3, 8.18E-13, 1.95E-3, 1.28E-12, 7.81E-4])
(22783, 2, 1, 10, [0.18, 0.06, 0.03, 0.02, 8.84E-3, 5.21E-3, 3.16E-3, 1.95E-3, 1.23E-3, 7.81E-4])
(22787, 2, 1, 10, [0.18, 0.06, 0.03, 0.02, 8.84E-3, 5.21E-3, 3.16E-3, 1.95E-3, 1.23E-3, 7.81E-4])
(22807, 2, 1, 10, [0.18, 0.06, 0.03, 0.02, 8.84E-3, 5.21E-3, 3.16E-3, 1.95E-3, 1.23E-3, 7.81E-4])
(22811, 2, 1, 10, [0.18, 0.06, 0.03, 0.02, 8.84E-3, 5.21E-3, 3.16E-3, 1.95E-3, 1.23E-3, 7.81E-4])
(22817, 2, 1, 10, [1.79E-13, 0.06, 1.49E-13, 0.02, 1.88E-13, 5.21E-3, 2.71E-13, 1.95E-3, 4.23E-13, 7.81E-4])
(22853, 2, 1, 10, [0.18, 0.06, 0.03, 0.02, 8.84E-3, 5.21E-3, 3.16E-3, 1.95E-3, 1.23E-3, 7.81E-4])
(22859, 2, 1, 10, [0.18, 0.06, 0.03, 0.02, 8.84E-3, 5.21E-3, 3.16E-3, 1.95E-3, 1.23E-3, 7.81E-4])
(22861, 2, 1, 10, [0.18, 0.06, 0.03, 0.02, 8.84E-3, 5.21E-3, 3.16E-3, 1.95E-3, 1.23E-3, 7.81E-4])
(22871, 2, 1, 10, [0.18, 0.06, 0.03, 0.02, 8.84E-3, 5.21E-3, 3.16E-3, 1.95E-3, 1.23E-3, 7.81E-4])
(22877, 2, 1, 10, [0.18, 0.06, 0.03, 0.02, 8.84E-3, 5.21E-3, 3.16E-3, 1.95E-3, 1.23E-3, 7.81E-4])
(22901, 2, 1, 10, [0.18, 0.06, 0.03, 0.02, 8.84E-3, 5.21E-3, 3.16E-3, 1.95E-3, 1.23E-3, 7.81E-4])
(22907, 2, 1, 10, [0.18, 0.06, 0.03, 0.02, 8.84E-3, 5.21E-3, 3.16E-3, 1.95E-3, 1.23E-3, 7.81E-4])
(22921, 2, 1, 10, [0.35, 0.19, 0.12, 0.08, 0.05, 0.04, 0.03, 0.02, 0.01, 8.59E-3])
(22937, 2, 1, 10, [1.76E-13, 0.06, 1.46E-13, 0.02, 1.85E-13, 5.21E-3, 2.67E-13, 1.95E-3, 4.16E-13, 7.81E-4])
(22943, 2, 1, 10, [0.18, 0.06, 0.03, 0.02, 8.84E-3, 5.21E-3, 3.16E-3, 1.95E-3, 1.23E-3, 7.81E-4])
(22961, 2, 1, 10, [1.75E-13, 0.06, 1.46E-13, 0.02, 1.84E-13, 5.21E-3, 2.66E-13, 1.95E-3, 4.15E-13, 7.81E-4])
(22963, 2, 1, 10, [0.18, 0.06, 0.03, 0.02, 8.84E-3, 5.21E-3, 3.16E-3, 1.95E-3, 1.23E-3, 7.81E-4])
(22973, 2, 1, 10, [0.18, 0.06, 0.03, 0.02, 8.84E-3, 5.21E-3, 3.16E-3, 1.95E-3, 1.23E-3, 7.81E-4])
(22993, 2, 1, 10, [5.24E-13, 0.06, 4.36E-13, 0.02, 5.50E-13, 5.21E-3, 7.95E-13, 1.95E-3, 1.24E-12, 7.81E-4])
(23003, 2, 1, 10, [0.18, 0.06, 0.03, 0.02, 8.84E-3, 5.21E-3, 3.16E-3, 1.95E-3, 1.23E-3, 7.81E-4])
(23011, 2, 1, 10, [0.18, 0.06, 0.03, 0.02, 8.84E-3, 5.21E-3, 3.16E-3, 1.95E-3, 1.23E-3, 7.81E-4])
(23017, 2, 1, 10, [5.22E-13, 0.06, 4.35E-13, 0.02, 5.48E-13, 5.21E-3, 7.92E-13, 1.95E-3, 1.24E-12, 7.81E-4])
(23021, 2, 1, 10, [0.18, 0.06, 0.03, 0.02, 8.84E-3, 5.21E-3, 3.16E-3, 1.95E-3, 1.23E-3, 7.81E-4])
(23027, 2, 1, 10, [0.18, 0.06, 0.03, 0.02, 8.84E-3, 5.21E-3, 3.16E-3, 1.95E-3, 1.23E-3, 7.81E-4])
(23029, 2, 1, 10, [0.18, 0.06, 0.03, 0.02, 8.84E-3, 5.21E-3, 3.16E-3, 1.95E-3, 1.23E-3, 7.81E-4])
(23039, 2, 1, 10, [0.18, 0.06, 0.03, 0.02, 8.84E-3, 5.21E-3, 3.16E-3, 1.95E-3, 1.23E-3, 7.81E-4])
(23041, 2, 1, 10, [5.20E-13, 0.06, 4.34E-13, 0.02, 5.46E-13, 5.21E-3, 7.90E-13, 1.95E-3, 1.23E-12, 7.81E-4])
(23053, 2, 1, 10, [0.18, 0.06, 0.03, 0.02, 8.84E-3, 5.21E-3, 3.16E-3, 1.95E-3, 1.23E-3, 7.81E-4])
(23057, 2, 1, 10, [1.73E-13, 0.06, 1.44E-13, 0.02, 1.82E-13, 5.21E-3, 2.63E-13, 1.95E-3, 4.10E-13, 7.81E-4])
(23059, 2, 1, 10, [0.18, 0.06, 0.03, 0.02, 8.84E-3, 5.21E-3, 3.16E-3, 1.95E-3, 1.23E-3, 7.81E-4])
(23063, 2, 1, 10, [0.18, 0.06, 0.03, 0.02, 8.84E-3, 5.21E-3, 3.16E-3, 1.95E-3, 1.23E-3, 7.81E-4])
(23071, 2, 1, 10, [0.18, 0.06, 0.03, 0.02, 8.84E-3, 5.21E-3, 3.16E-3, 1.95E-3, 1.23E-3, 7.81E-4])
(23081, 2, 1, 10, [1.73E-13, 0.06, 1.44E-13, 0.02, 1.81E-13, 5.21E-3, 2.62E-13, 1.95E-3, 4.09E-13, 7.81E-4])
(23087, 2, 1, 10, [0.18, 0.06, 0.03, 0.02, 8.84E-3, 5.21E-3, 3.16E-3, 1.95E-3, 1.23E-3, 7.81E-4])
(23099, 2, 1, 10, [0.18, 0.06, 0.03, 0.02, 8.84E-3, 5.21E-3, 3.16E-3, 1.95E-3, 1.23E-3, 7.81E-4])
(23117, 2, 1, 10, [0.18, 0.06, 0.03, 0.02, 8.84E-3, 5.21E-3, 3.16E-3, 1.95E-3, 1.23E-3, 7.81E-4])
(23131, 2, 1, 10, [0.18, 0.06, 0.03, 0.02, 8.84E-3, 5.21E-3, 3.16E-3, 1.95E-3, 1.23E-3, 7.81E-4])
(23143, 2, 1, 10, [0.18, 0.06, 0.03, 0.02, 8.84E-3, 5.21E-3, 3.16E-3, 1.95E-3, 1.23E-3, 7.81E-4])
(23159, 2, 1, 10, [0.18, 0.06, 0.03, 0.02, 8.84E-3, 5.21E-3, 3.16E-3, 1.95E-3, 1.23E-3, 7.81E-4])
(23167, 2, 1, 10, [0.18, 0.06, 0.03, 0.02, 8.84E-3, 5.21E-3, 3.16E-3, 1.95E-3, 1.23E-3, 7.81E-4])
(23173, 2, 1, 10, [0.18, 0.06, 0.03, 0.02, 8.84E-3, 5.21E-3, 3.16E-3, 1.95E-3, 1.23E-3, 7.81E-4])
(23189, 2, 1, 10, [0.18, 0.06, 0.03, 0.02, 8.84E-3, 5.21E-3, 3.16E-3, 1.95E-3, 1.23E-3, 7.81E-4])
(23197, 2, 1, 10, [0.18, 0.06, 0.03, 0.02, 8.84E-3, 5.21E-3, 3.16E-3, 1.95E-3, 1.23E-3, 7.81E-4])
(23201, 2, 1, 10, [1.70E-13, 0.06, 1.42E-13, 0.02, 1.78E-13, 5.21E-3, 2.58E-13, 1.95E-3, 4.02E-13, 7.81E-4])
(23203, 2, 1, 10, [0.18, 0.06, 0.03, 0.02, 8.84E-3, 5.21E-3, 3.16E-3, 1.95E-3, 1.23E-3, 7.81E-4])
(23209, 2, 1, 10, [5.09E-13, 0.06, 4.24E-13, 0.02, 5.35E-13, 5.21E-3, 7.73E-13, 1.95E-3, 1.21E-12, 7.81E-4])
(23227, 2, 1, 10, [0.18, 0.06, 0.03, 0.02, 8.84E-3, 5.21E-3, 3.16E-3, 1.95E-3, 1.23E-3, 7.81E-4])
(23251, 2, 1, 10, [0.18, 0.06, 0.03, 0.02, 8.84E-3, 5.21E-3, 3.16E-3, 1.95E-3, 1.23E-3, 7.81E-4])
(23269, 2, 1, 10, [0.18, 0.06, 0.03, 0.02, 8.84E-3, 5.21E-3, 3.16E-3, 1.95E-3, 1.23E-3, 7.81E-4])
(23279, 2, 1, 10, [0.18, 0.06, 0.03, 0.02, 8.84E-3, 5.21E-3, 3.16E-3, 1.95E-3, 1.23E-3, 7.81E-4])
(23291, 2, 1, 10, [0.18, 0.06, 0.03, 0.02, 8.84E-3, 5.21E-3, 3.16E-3, 1.95E-3, 1.23E-3, 7.81E-4])
(23293, 2, 1, 10, [0.18, 0.06, 0.03, 0.02, 8.84E-3, 5.21E-3, 3.16E-3, 1.95E-3, 1.23E-3, 7.81E-4])
(23297, 2, 1, 10, [1.68E-13, 0.06, 1.40E-13, 0.02, 1.76E-13, 5.21E-3, 2.55E-13, 1.95E-3, 3.97E-13, 7.81E-4])
(23311, 2, 1, 10, [0.18, 0.06, 0.03, 0.02, 8.84E-3, 5.21E-3, 3.16E-3, 1.95E-3, 1.23E-3, 7.81E-4])
(23321, 2, 1, 10, [1.67E-13, 0.06, 1.39E-13, 0.02, 1.76E-13, 5.21E-3, 2.54E-13, 1.95E-3, 3.96E-13, 7.81E-4])
(23327, 2, 1, 10, [0.18, 0.06, 0.03, 0.02, 8.84E-3, 5.21E-3, 3.16E-3, 1.95E-3, 1.23E-3, 7.81E-4])
(23333, 2, 1, 10, [0.18, 0.06, 0.03, 0.02, 8.84E-3, 5.21E-3, 3.16E-3, 1.95E-3, 1.23E-3, 7.81E-4])
(23339, 2, 1, 10, [0.18, 0.06, 0.03, 0.02, 8.84E-3, 5.21E-3, 3.16E-3, 1.95E-3, 1.23E-3, 7.81E-4])
(23357, 2, 1, 10, [0.18, 0.06, 0.03, 0.02, 8.84E-3, 5.21E-3, 3.16E-3, 1.95E-3, 1.23E-3, 7.81E-4])
(23369, 2, 1, 10, [1.66E-13, 0.06, 1.39E-13, 0.02, 1.75E-13, 5.21E-3, 2.52E-13, 1.95E-3, 3.94E-13, 7.81E-4])
(23371, 2, 1, 10, [0.18, 0.06, 0.03, 0.02, 8.84E-3, 5.21E-3, 3.16E-3, 1.95E-3, 1.23E-3, 7.81E-4])
(23399, 2, 1, 10, [0.18, 0.06, 0.03, 0.02, 8.84E-3, 5.21E-3, 3.16E-3, 1.95E-3, 1.23E-3, 7.81E-4])
(23417, 2, 1, 10, [1.65E-13, 0.06, 1.38E-13, 0.02, 1.73E-13, 5.21E-3, 2.51E-13, 1.95E-3, 3.91E-13, 7.81E-4])
(23431, 2, 1, 10, [0.18, 0.06, 0.03, 0.02, 8.84E-3, 5.21E-3, 3.16E-3, 1.95E-3, 1.23E-3, 7.81E-4])
(23447, 2, 1, 10, [0.18, 0.06, 0.03, 0.02, 8.84E-3, 5.21E-3, 3.16E-3, 1.95E-3, 1.23E-3, 7.81E-4])
(23459, 2, 1, 10, [0.18, 0.06, 0.03, 0.02, 8.84E-3, 5.21E-3, 3.16E-3, 1.95E-3, 1.23E-3, 7.81E-4])
(23473, 2, 1, 10, [4.92E-13, 0.06, 4.10E-13, 0.02, 5.17E-13, 5.21E-3, 7.47E-13, 1.95E-3, 1.17E-12, 7.81E-4])
(23497, 2, 1, 10, [4.91E-13, 0.06, 4.09E-13, 0.02, 5.15E-13, 5.21E-3, 7.45E-13, 1.95E-3, 1.16E-12, 7.81E-4])
(23509, 2, 1, 10, [0.18, 0.06, 0.03, 0.02, 8.84E-3, 5.21E-3, 3.16E-3, 1.95E-3, 1.23E-3, 7.81E-4])
(23531, 2, 1, 10, [0.18, 0.06, 0.03, 0.02, 8.84E-3, 5.21E-3, 3.16E-3, 1.95E-3, 1.23E-3, 7.81E-4])
(23537, 2, 1, 10, [1.63E-13, 0.06, 1.36E-13, 0.02, 1.71E-13, 5.21E-3, 2.47E-13, 1.95E-3, 3.85E-13, 7.81E-4])
(23539, 2, 1, 10, [0.18, 0.06, 0.03, 0.02, 8.84E-3, 5.21E-3, 3.16E-3, 1.95E-3, 1.23E-3, 7.81E-4])
(23549, 2, 1, 10, [0.18, 0.06, 0.03, 0.02, 8.84E-3, 5.21E-3, 3.16E-3, 1.95E-3, 1.23E-3, 7.81E-4])
(23557, 2, 1, 10, [0.18, 0.06, 0.03, 0.02, 8.84E-3, 5.21E-3, 3.16E-3, 1.95E-3, 1.23E-3, 7.81E-4])
(23561, 2, 1, 10, [1.62E-13, 0.06, 1.35E-13, 0.02, 1.70E-13, 5.21E-3, 2.46E-13, 1.95E-3, 3.84E-13, 7.81E-4])
(23563, 2, 1, 10, [0.18, 0.06, 0.03, 0.02, 8.84E-3, 5.21E-3, 3.16E-3, 1.95E-3, 1.23E-3, 7.81E-4])
(23567, 2, 1, 10, [0.18, 0.06, 0.03, 0.02, 8.84E-3, 5.21E-3, 3.16E-3, 1.95E-3, 1.23E-3, 7.81E-4])
(23581, 2, 1, 10, [0.18, 0.06, 0.03, 0.02, 8.84E-3, 5.21E-3, 3.16E-3, 1.95E-3, 1.23E-3, 7.81E-4])
(23593, 2, 1, 10, [4.85E-13, 0.06, 4.04E-13, 0.02, 5.09E-13, 5.21E-3, 7.36E-13, 1.95E-3, 1.15E-12, 7.81E-4])
(23599, 2, 1, 10, [0.18, 0.06, 0.03, 0.02, 8.84E-3, 5.21E-3, 3.16E-3, 1.95E-3, 1.23E-3, 7.81E-4])
(23603, 2, 1, 10, [0.18, 0.06, 0.03, 0.02, 8.84E-3, 5.21E-3, 3.16E-3, 1.95E-3, 1.23E-3, 7.81E-4])
(23609, 2, 1, 10, [1.61E-13, 0.06, 1.34E-13, 0.02, 1.69E-13, 5.21E-3, 2.45E-13, 1.95E-3, 3.82E-13, 7.81E-4])
(23623, 2, 1, 10, [0.18, 0.06, 0.03, 0.02, 8.84E-3, 5.21E-3, 3.16E-3, 1.95E-3, 1.23E-3, 7.81E-4])
(23627, 2, 1, 10, [0.18, 0.06, 0.03, 0.02, 8.84E-3, 5.21E-3, 3.16E-3, 1.95E-3, 1.23E-3, 7.81E-4])
(23629, 2, 1, 10, [0.18, 0.06, 0.03, 0.02, 8.84E-3, 5.21E-3, 3.16E-3, 1.95E-3, 1.23E-3, 7.81E-4])
(23633, 2, 1, 10, [1.61E-13, 0.06, 1.34E-13, 0.02, 1.69E-13, 5.21E-3, 2.44E-13, 1.95E-3, 3.81E-13, 7.81E-4])
(23663, 2, 1, 10, [0.18, 0.06, 0.03, 0.02, 8.84E-3, 5.21E-3, 3.16E-3, 1.95E-3, 1.23E-3, 7.81E-4])
(23669, 2, 1, 10, [0.18, 0.06, 0.03, 0.02, 8.84E-3, 5.21E-3, 3.16E-3, 1.95E-3, 1.23E-3, 7.81E-4])
(23671, 2, 1, 10, [0.18, 0.06, 0.03, 0.02, 8.84E-3, 5.21E-3, 3.16E-3, 1.95E-3, 1.23E-3, 7.81E-4])
(23677, 2, 1, 10, [0.18, 0.06, 0.03, 0.02, 8.84E-3, 5.21E-3, 3.16E-3, 1.95E-3, 1.23E-3, 7.81E-4])
(23687, 2, 1, 10, [0.18, 0.06, 0.03, 0.02, 8.84E-3, 5.21E-3, 3.16E-3, 1.95E-3, 1.23E-3, 7.81E-4])
(23689, 2, 1, 10, [4.79E-13, 0.06, 3.99E-13, 0.02, 5.03E-13, 5.21E-3, 7.27E-13, 1.95E-3, 1.13E-12, 7.81E-4])
(23719, 2, 1, 10, [0.18, 0.06, 0.03, 0.02, 8.84E-3, 5.21E-3, 3.16E-3, 1.95E-3, 1.23E-3, 7.81E-4])
(23741, 2, 1, 10, [0.18, 0.06, 0.03, 0.02, 8.84E-3, 5.21E-3, 3.16E-3, 1.95E-3, 1.23E-3, 7.81E-4])
(23743, 2, 1, 10, [0.18, 0.06, 0.03, 0.02, 8.84E-3, 5.21E-3, 3.16E-3, 1.95E-3, 1.23E-3, 7.81E-4])
(23747, 2, 1, 10, [0.18, 0.06, 0.03, 0.02, 8.84E-3, 5.21E-3, 3.16E-3, 1.95E-3, 1.23E-3, 7.81E-4])
(23753, 2, 1, 10, [1.58E-13, 0.06, 1.32E-13, 0.02, 1.66E-13, 5.21E-3, 2.40E-13, 1.95E-3, 3.75E-13, 7.81E-4])
(23761, 2, 1, 10, [0.35, 0.19, 0.12, 0.08, 0.05, 0.04, 0.03, 0.02, 0.01, 8.59E-3])
(23767, 2, 1, 10, [0.18, 0.06, 0.03, 0.02, 8.84E-3, 5.21E-3, 3.16E-3, 1.95E-3, 1.23E-3, 7.81E-4])
(23773, 2, 1, 10, [0.18, 0.06, 0.03, 0.02, 8.84E-3, 5.21E-3, 3.16E-3, 1.95E-3, 1.23E-3, 7.81E-4])
(23789, 2, 1, 10, [0.18, 0.06, 0.03, 0.02, 8.84E-3, 5.21E-3, 3.16E-3, 1.95E-3, 1.23E-3, 7.81E-4])
(23801, 2, 1, 10, [1.57E-13, 0.06, 1.31E-13, 0.02, 1.65E-13, 5.21E-3, 2.39E-13, 1.95E-3, 3.73E-13, 7.81E-4])
(23813, 2, 1, 10, [0.18, 0.06, 0.03, 0.02, 8.84E-3, 5.21E-3, 3.16E-3, 1.95E-3, 1.23E-3, 7.81E-4])
(23819, 2, 1, 10, [0.18, 0.06, 0.03, 0.02, 8.84E-3, 5.21E-3, 3.16E-3, 1.95E-3, 1.23E-3, 7.81E-4])
(23827, 2, 1, 10, [0.18, 0.06, 0.03, 0.02, 8.84E-3, 5.21E-3, 3.16E-3, 1.95E-3, 1.23E-3, 7.81E-4])
(23831, 2, 1, 10, [0.18, 0.06, 0.03, 0.02, 8.84E-3, 5.21E-3, 3.16E-3, 1.95E-3, 1.23E-3, 7.81E-4])
(23833, 2, 1, 10, [4.70E-13, 0.06, 3.92E-13, 0.02, 4.94E-13, 5.21E-3, 7.14E-13, 1.95E-3, 1.11E-12, 7.81E-4])
(23857, 2, 1, 10, [4.69E-13, 0.06, 3.91E-13, 0.02, 4.92E-13, 5.21E-3, 7.11E-13, 1.95E-3, 1.11E-12, 7.81E-4])
(23869, 2, 1, 10, [0.18, 0.06, 0.03, 0.02, 8.84E-3, 5.21E-3, 3.16E-3, 1.95E-3, 1.23E-3, 7.81E-4])
(23873, 2, 1, 10, [1.56E-13, 0.06, 1.30E-13, 0.02, 1.64E-13, 5.21E-3, 2.37E-13, 1.95E-3, 3.69E-13, 7.81E-4])
(23879, 2, 1, 10, [0.18, 0.06, 0.03, 0.02, 8.84E-3, 5.21E-3, 3.16E-3, 1.95E-3, 1.23E-3, 7.81E-4])
(23887, 2, 1, 10, [0.18, 0.06, 0.03, 0.02, 8.84E-3, 5.21E-3, 3.16E-3, 1.95E-3, 1.23E-3, 7.81E-4])
(23893, 2, 1, 10, [0.18, 0.06, 0.03, 0.02, 8.84E-3, 5.21E-3, 3.16E-3, 1.95E-3, 1.23E-3, 7.81E-4])
(23899, 2, 1, 10, [0.18, 0.06, 0.03, 0.02, 8.84E-3, 5.21E-3, 3.16E-3, 1.95E-3, 1.23E-3, 7.81E-4])
(23909, 2, 1, 10, [0.18, 0.06, 0.03, 0.02, 8.84E-3, 5.21E-3, 3.16E-3, 1.95E-3, 1.23E-3, 7.81E-4])
(23911, 2, 1, 10, [0.18, 0.06, 0.03, 0.02, 8.84E-3, 5.21E-3, 3.16E-3, 1.95E-3, 1.23E-3, 7.81E-4])
(23917, 2, 1, 10, [0.18, 0.06, 0.03, 0.02, 8.84E-3, 5.21E-3, 3.16E-3, 1.95E-3, 1.23E-3, 7.81E-4])
(23929, 2, 1, 10, [0.35, 0.19, 0.12, 0.08, 0.05, 0.04, 0.03, 0.02, 0.01, 8.59E-3])
(23957, 2, 1, 10, [0.18, 0.06, 0.03, 0.02, 8.84E-3, 5.21E-3, 3.16E-3, 1.95E-3, 1.23E-3, 7.81E-4])
(23971, 2, 1, 10, [0.18, 0.06, 0.03, 0.02, 8.84E-3, 5.21E-3, 3.16E-3, 1.95E-3, 1.23E-3, 7.81E-4])
(23977, 2, 1, 10, [4.62E-13, 0.06, 3.85E-13, 0.02, 4.85E-13, 5.21E-3, 7.01E-13, 1.95E-3, 1.09E-12, 7.81E-4])
(23981, 2, 1, 10, [0.18, 0.06, 0.03, 0.02, 8.84E-3, 5.21E-3, 3.16E-3, 1.95E-3, 1.23E-3, 7.81E-4])
(23993, 2, 1, 10, [1.54E-13, 0.06, 1.28E-13, 0.02, 1.61E-13, 5.21E-3, 2.33E-13, 1.95E-3, 3.64E-13, 7.81E-4])
(24001, 2, 1, 10, [0.35, 0.19, 0.12, 0.08, 0.05, 0.04, 0.03, 0.02, 0.01, 8.59E-3])
(24007, 2, 1, 10, [0.18, 0.06, 0.03, 0.02, 8.84E-3, 5.21E-3, 3.16E-3, 1.95E-3, 1.23E-3, 7.81E-4])
(24019, 2, 1, 10, [0.18, 0.06, 0.03, 0.02, 8.84E-3, 5.21E-3, 3.16E-3, 1.95E-3, 1.23E-3, 7.81E-4])
(24023, 2, 1, 10, [0.18, 0.06, 0.03, 0.02, 8.84E-3, 5.21E-3, 3.16E-3, 1.95E-3, 1.23E-3, 7.81E-4])
(24029, 2, 1, 10, [0.18, 0.06, 0.03, 0.02, 8.84E-3, 5.21E-3, 3.16E-3, 1.95E-3, 1.23E-3, 7.81E-4])
(24043, 2, 1, 10, [0.18, 0.06, 0.03, 0.02, 8.84E-3, 5.21E-3, 3.16E-3, 1.95E-3, 1.23E-3, 7.81E-4])
(24049, 2, 1, 10, [4.58E-13, 0.06, 3.81E-13, 0.02, 4.80E-13, 5.21E-3, 6.95E-13, 1.95E-3, 1.08E-12, 7.81E-4])
(24061, 2, 1, 10, [0.18, 0.06, 0.03, 0.02, 8.84E-3, 5.21E-3, 3.16E-3, 1.95E-3, 1.23E-3, 7.81E-4])
(24071, 2, 1, 10, [0.18, 0.06, 0.03, 0.02, 8.84E-3, 5.21E-3, 3.16E-3, 1.95E-3, 1.23E-3, 7.81E-4])
(24077, 2, 1, 10, [0.18, 0.06, 0.03, 0.02, 8.84E-3, 5.21E-3, 3.16E-3, 1.95E-3, 1.23E-3, 7.81E-4])
(24083, 2, 1, 10, [0.18, 0.06, 0.03, 0.02, 8.84E-3, 5.21E-3, 3.16E-3, 1.95E-3, 1.23E-3, 7.81E-4])
(24091, 2, 1, 10, [0.18, 0.06, 0.03, 0.02, 8.84E-3, 5.21E-3, 3.16E-3, 1.95E-3, 1.23E-3, 7.81E-4])
(24097, 2, 1, 10, [4.55E-13, 0.06, 3.79E-13, 0.02, 4.78E-13, 5.21E-3, 6.90E-13, 1.95E-3, 1.08E-12, 7.81E-4])
(24103, 2, 1, 10, [0.18, 0.06, 0.03, 0.02, 8.84E-3, 5.21E-3, 3.16E-3, 1.95E-3, 1.23E-3, 7.81E-4])
(24107, 2, 1, 10, [0.18, 0.06, 0.03, 0.02, 8.84E-3, 5.21E-3, 3.16E-3, 1.95E-3, 1.23E-3, 7.81E-4])
(24109, 2, 1, 10, [0.18, 0.06, 0.03, 0.02, 8.84E-3, 5.21E-3, 3.16E-3, 1.95E-3, 1.23E-3, 7.81E-4])
(24113, 2, 1, 10, [1.51E-13, 0.06, 1.26E-13, 0.02, 1.59E-13, 5.21E-3, 2.30E-13, 1.95E-3, 3.58E-13, 7.81E-4])
(24121, 2, 1, 10, [0.35, 0.19, 0.12, 0.08, 0.05, 0.04, 0.03, 0.02, 0.01, 8.59E-3])
(24133, 2, 1, 10, [0.18, 0.06, 0.03, 0.02, 8.84E-3, 5.21E-3, 3.16E-3, 1.95E-3, 1.23E-3, 7.81E-4])
(24137, 2, 1, 10, [1.51E-13, 0.06, 1.26E-13, 0.02, 1.58E-13, 5.21E-3, 2.29E-13, 1.95E-3, 3.57E-13, 7.81E-4])
(24151, 2, 1, 10, [0.18, 0.06, 0.03, 0.02, 8.84E-3, 5.21E-3, 3.16E-3, 1.95E-3, 1.23E-3, 7.81E-4])
(24169, 2, 1, 10, [0.35, 0.19, 0.12, 0.08, 0.05, 0.04, 0.03, 0.02, 0.01, 8.59E-3])
(24179, 2, 1, 10, [0.18, 0.06, 0.03, 0.02, 8.84E-3, 5.21E-3, 3.16E-3, 1.95E-3, 1.23E-3, 7.81E-4])
(24181, 2, 1, 10, [0.18, 0.06, 0.03, 0.02, 8.84E-3, 5.21E-3, 3.16E-3, 1.95E-3, 1.23E-3, 7.81E-4])
(24197, 2, 1, 10, [0.18, 0.06, 0.03, 0.02, 8.84E-3, 5.21E-3, 3.16E-3, 1.95E-3, 1.23E-3, 7.81E-4])
(24203, 2, 1, 10, [0.18, 0.06, 0.03, 0.02, 8.84E-3, 5.21E-3, 3.16E-3, 1.95E-3, 1.23E-3, 7.81E-4])
(24223, 2, 1, 10, [0.18, 0.06, 0.03, 0.02, 8.84E-3, 5.21E-3, 3.16E-3, 1.95E-3, 1.23E-3, 7.81E-4])
(24229, 2, 1, 10, [0.18, 0.06, 0.03, 0.02, 8.84E-3, 5.21E-3, 3.16E-3, 1.95E-3, 1.23E-3, 7.81E-4])
(24239, 2, 1, 10, [0.18, 0.06, 0.03, 0.02, 8.84E-3, 5.21E-3, 3.16E-3, 1.95E-3, 1.23E-3, 7.81E-4])
(24247, 2, 1, 10, [0.18, 0.06, 0.03, 0.02, 8.84E-3, 5.21E-3, 3.16E-3, 1.95E-3, 1.23E-3, 7.81E-4])
(24251, 2, 1, 10, [0.18, 0.06, 0.03, 0.02, 8.84E-3, 5.21E-3, 3.16E-3, 1.95E-3, 1.23E-3, 7.81E-4])
(24281, 2, 1, 10, [1.48E-13, 0.06, 1.23E-13, 0.02, 1.56E-13, 5.21E-3, 2.25E-13, 1.95E-3, 3.51E-13, 7.81E-4])
(24317, 2, 1, 10, [0.18, 0.06, 0.03, 0.02, 8.84E-3, 5.21E-3, 3.16E-3, 1.95E-3, 1.23E-3, 7.81E-4])
(24329, 2, 1, 10, [1.47E-13, 0.06, 1.23E-13, 0.02, 1.55E-13, 5.21E-3, 2.24E-13, 1.95E-3, 3.49E-13, 7.81E-4])
(24337, 2, 1, 10, [4.42E-13, 0.06, 3.68E-13, 0.02, 4.64E-13, 5.21E-3, 6.70E-13, 1.95E-3, 1.05E-12, 7.81E-4])
(24359, 2, 1, 10, [0.18, 0.06, 0.03, 0.02, 8.84E-3, 5.21E-3, 3.16E-3, 1.95E-3, 1.23E-3, 7.81E-4])
(24371, 2, 1, 10, [0.18, 0.06, 0.03, 0.02, 8.84E-3, 5.21E-3, 3.16E-3, 1.95E-3, 1.23E-3, 7.81E-4])
(24373, 2, 1, 10, [0.18, 0.06, 0.03, 0.02, 8.84E-3, 5.21E-3, 3.16E-3, 1.95E-3, 1.23E-3, 7.81E-4])
(24379, 2, 1, 10, [0.18, 0.06, 0.03, 0.02, 8.84E-3, 5.21E-3, 3.16E-3, 1.95E-3, 1.23E-3, 7.81E-4])
(24391, 2, 1, 10, [0.18, 0.06, 0.03, 0.02, 8.84E-3, 5.21E-3, 3.16E-3, 1.95E-3, 1.23E-3, 7.81E-4])
(24407, 2, 1, 10, [0.18, 0.06, 0.03, 0.02, 8.84E-3, 5.21E-3, 3.16E-3, 1.95E-3, 1.23E-3, 7.81E-4])
(24413, 2, 1, 10, [0.18, 0.06, 0.03, 0.02, 8.84E-3, 5.21E-3, 3.16E-3, 1.95E-3, 1.23E-3, 7.81E-4])
(24419, 2, 1, 10, [0.18, 0.06, 0.03, 0.02, 8.84E-3, 5.21E-3, 3.16E-3, 1.95E-3, 1.23E-3, 7.81E-4])
(24421, 2, 1, 10, [0.18, 0.06, 0.03, 0.02, 8.84E-3, 5.21E-3, 3.16E-3, 1.95E-3, 1.23E-3, 7.81E-4])
(24439, 2, 1, 10, [0.18, 0.06, 0.03, 0.02, 8.84E-3, 5.21E-3, 3.16E-3, 1.95E-3, 1.23E-3, 7.81E-4])
(24443, 2, 1, 10, [0.18, 0.06, 0.03, 0.02, 8.84E-3, 5.21E-3, 3.16E-3, 1.95E-3, 1.23E-3, 7.81E-4])
(24469, 2, 1, 10, [0.18, 0.06, 0.03, 0.02, 8.84E-3, 5.21E-3, 3.16E-3, 1.95E-3, 1.23E-3, 7.81E-4])
(24473, 2, 1, 10, [1.45E-13, 0.06, 1.21E-13, 0.02, 1.52E-13, 5.21E-3, 2.20E-13, 1.95E-3, 3.43E-13, 7.81E-4])
(24481, 2, 1, 10, [4.34E-13, 0.06, 3.61E-13, 0.02, 4.55E-13, 5.21E-3, 6.58E-13, 1.95E-3, 1.03E-12, 7.81E-4])
(24499, 2, 1, 10, [0.18, 0.06, 0.03, 0.02, 8.84E-3, 5.21E-3, 3.16E-3, 1.95E-3, 1.23E-3, 7.81E-4])
(24509, 2, 1, 10, [0.18, 0.06, 0.03, 0.02, 8.84E-3, 5.21E-3, 3.16E-3, 1.95E-3, 1.23E-3, 7.81E-4])
(24517, 2, 1, 10, [0.18, 0.06, 0.03, 0.02, 8.84E-3, 5.21E-3, 3.16E-3, 1.95E-3, 1.23E-3, 7.81E-4])
(24527, 2, 1, 10, [0.18, 0.06, 0.03, 0.02, 8.84E-3, 5.21E-3, 3.16E-3, 1.95E-3, 1.23E-3, 7.81E-4])
(24533, 2, 1, 10, [0.18, 0.06, 0.03, 0.02, 8.84E-3, 5.21E-3, 3.16E-3, 1.95E-3, 1.23E-3, 7.81E-4])
(24547, 2, 1, 10, [0.18, 0.06, 0.03, 0.02, 8.84E-3, 5.21E-3, 3.16E-3, 1.95E-3, 1.23E-3, 7.81E-4])
(24551, 2, 1, 10, [0.18, 0.06, 0.03, 0.02, 8.84E-3, 5.21E-3, 3.16E-3, 1.95E-3, 1.23E-3, 7.81E-4])
(24571, 2, 1, 10, [0.18, 0.06, 0.03, 0.02, 8.84E-3, 5.21E-3, 3.16E-3, 1.95E-3, 1.23E-3, 7.81E-4])
(24593, 2, 1, 10, [1.43E-13, 0.06, 1.19E-13, 0.02, 1.50E-13, 5.21E-3, 2.16E-13, 1.95E-3, 3.38E-13, 7.81E-4])
(24611, 2, 1, 10, [0.18, 0.06, 0.03, 0.02, 8.84E-3, 5.21E-3, 3.16E-3, 1.95E-3, 1.23E-3, 7.81E-4])
(24623, 2, 1, 10, [0.18, 0.06, 0.03, 0.02, 8.84E-3, 5.21E-3, 3.16E-3, 1.95E-3, 1.23E-3, 7.81E-4])
(24631, 2, 1, 10, [0.18, 0.06, 0.03, 0.02, 8.84E-3, 5.21E-3, 3.16E-3, 1.95E-3, 1.23E-3, 7.81E-4])
(24659, 2, 1, 10, [0.18, 0.06, 0.03, 0.02, 8.84E-3, 5.21E-3, 3.16E-3, 1.95E-3, 1.23E-3, 7.81E-4])
(24671, 2, 1, 10, [0.18, 0.06, 0.03, 0.02, 8.84E-3, 5.21E-3, 3.16E-3, 1.95E-3, 1.23E-3, 7.81E-4])
(24677, 2, 1, 10, [0.18, 0.06, 0.03, 0.02, 8.84E-3, 5.21E-3, 3.16E-3, 1.95E-3, 1.23E-3, 7.81E-4])
(24683, 2, 1, 10, [0.18, 0.06, 0.03, 0.02, 8.84E-3, 5.21E-3, 3.16E-3, 1.95E-3, 1.23E-3, 7.81E-4])
(24691, 2, 1, 10, [0.18, 0.06, 0.03, 0.02, 8.84E-3, 5.21E-3, 3.16E-3, 1.95E-3, 1.23E-3, 7.81E-4])
(24697, 2, 1, 10, [4.22E-13, 0.06, 3.52E-13, 0.02, 4.44E-13, 5.21E-3, 6.41E-13, 1.95E-3, 1.00E-12, 7.81E-4])
(24709, 2, 1, 10, [0.18, 0.06, 0.03, 0.02, 8.84E-3, 5.21E-3, 3.16E-3, 1.95E-3, 1.23E-3, 7.81E-4])
(24733, 2, 1, 10, [0.18, 0.06, 0.03, 0.02, 8.84E-3, 5.21E-3, 3.16E-3, 1.95E-3, 1.23E-3, 7.81E-4])
(24749, 2, 1, 10, [0.18, 0.06, 0.03, 0.02, 8.84E-3, 5.21E-3, 3.16E-3, 1.95E-3, 1.23E-3, 7.81E-4])
(24763, 2, 1, 10, [0.18, 0.06, 0.03, 0.02, 8.84E-3, 5.21E-3, 3.16E-3, 1.95E-3, 1.23E-3, 7.81E-4])
(24767, 2, 1, 10, [0.18, 0.06, 0.03, 0.02, 8.84E-3, 5.21E-3, 3.16E-3, 1.95E-3, 1.23E-3, 7.81E-4])
(24781, 2, 1, 10, [0.18, 0.06, 0.03, 0.02, 8.84E-3, 5.21E-3, 3.16E-3, 1.95E-3, 1.23E-3, 7.81E-4])
(24793, 2, 1, 10, [4.18E-13, 0.06, 3.48E-13, 0.02, 4.38E-13, 5.21E-3, 6.34E-13, 1.95E-3, 9.89E-13, 7.81E-4])
(24799, 2, 1, 10, [0.18, 0.06, 0.03, 0.02, 8.84E-3, 5.21E-3, 3.16E-3, 1.95E-3, 1.23E-3, 7.81E-4])
(24809, 2, 1, 10, [1.39E-13, 0.06, 1.16E-13, 0.02, 1.46E-13, 5.21E-3, 2.11E-13, 1.95E-3, 3.29E-13, 7.81E-4])
(24821, 2, 1, 10, [0.18, 0.06, 0.03, 0.02, 8.84E-3, 5.21E-3, 3.16E-3, 1.95E-3, 1.23E-3, 7.81E-4])
(24841, 2, 1, 10, [0.35, 0.19, 0.12, 0.08, 0.05, 0.04, 0.03, 0.02, 0.01, 8.59E-3])
(24847, 2, 1, 10, [0.18, 0.06, 0.03, 0.02, 8.84E-3, 5.21E-3, 3.16E-3, 1.95E-3, 1.23E-3, 7.81E-4])
(24851, 2, 1, 10, [0.18, 0.06, 0.03, 0.02, 8.84E-3, 5.21E-3, 3.16E-3, 1.95E-3, 1.23E-3, 7.81E-4])
(24859, 2, 1, 10, [0.18, 0.06, 0.03, 0.02, 8.84E-3, 5.21E-3, 3.16E-3, 1.95E-3, 1.23E-3, 7.81E-4])
(24877, 2, 1, 10, [0.18, 0.06, 0.03, 0.02, 8.84E-3, 5.21E-3, 3.16E-3, 1.95E-3, 1.23E-3, 7.81E-4])
(24889, 2, 1, 10, [4.13E-13, 0.06, 3.44E-13, 0.02, 4.33E-13, 5.21E-3, 6.27E-13, 1.95E-3, 9.77E-13, 7.81E-4])
(24907, 2, 1, 10, [0.18, 0.06, 0.03, 0.02, 8.84E-3, 5.21E-3, 3.16E-3, 1.95E-3, 1.23E-3, 7.81E-4])
(24917, 2, 1, 10, [0.18, 0.06, 0.03, 0.02, 8.84E-3, 5.21E-3, 3.16E-3, 1.95E-3, 1.23E-3, 7.81E-4])
(24919, 2, 1, 10, [0.18, 0.06, 0.03, 0.02, 8.84E-3, 5.21E-3, 3.16E-3, 1.95E-3, 1.23E-3, 7.81E-4])
(24923, 2, 1, 10, [0.18, 0.06, 0.03, 0.02, 8.84E-3, 5.21E-3, 3.16E-3, 1.95E-3, 1.23E-3, 7.81E-4])
(24943, 2, 1, 10, [0.18, 0.06, 0.03, 0.02, 8.84E-3, 5.21E-3, 3.16E-3, 1.95E-3, 1.23E-3, 7.81E-4])
(24953, 2, 1, 10, [1.37E-13, 0.06, 1.14E-13, 0.02, 1.43E-13, 5.21E-3, 2.07E-13, 1.95E-3, 3.23E-13, 7.81E-4])
(24967, 2, 1, 10, [0.18, 0.06, 0.03, 0.02, 8.84E-3, 5.21E-3, 3.16E-3, 1.95E-3, 1.23E-3, 7.81E-4])
(24971, 2, 1, 10, [0.18, 0.06, 0.03, 0.02, 8.84E-3, 5.21E-3, 3.16E-3, 1.95E-3, 1.23E-3, 7.81E-4])
(24977, 2, 1, 10, [1.36E-13, 0.06, 1.13E-13, 0.02, 1.43E-13, 5.21E-3, 2.07E-13, 1.95E-3, 3.22E-13, 7.81E-4])
(24979, 2, 1, 10, [0.18, 0.06, 0.03, 0.02, 8.84E-3, 5.21E-3, 3.16E-3, 1.95E-3, 1.23E-3, 7.81E-4])
(24989, 2, 1, 10, [0.18, 0.06, 0.03, 0.02, 8.84E-3, 5.21E-3, 3.16E-3, 1.95E-3, 1.23E-3, 7.81E-4])
(25013, 2, 1, 10, [0.18, 0.06, 0.03, 0.02, 8.84E-3, 5.21E-3, 3.16E-3, 1.95E-3, 1.23E-3, 7.81E-4])
(25031, 2, 1, 10, [0.18, 0.06, 0.03, 0.02, 8.84E-3, 5.21E-3, 3.16E-3, 1.95E-3, 1.23E-3, 7.81E-4])
(25033, 2, 1, 10, [4.06E-13, 0.06, 3.38E-13, 0.02, 4.26E-13, 5.21E-3, 6.16E-13, 1.95E-3, 9.61E-13, 7.81E-4])
(25037, 2, 1, 10, [0.18, 0.06, 0.03, 0.02, 8.84E-3, 5.21E-3, 3.16E-3, 1.95E-3, 1.23E-3, 7.81E-4])
(25057, 2, 1, 10, [4.05E-13, 0.06, 3.37E-13, 0.02, 4.25E-13, 5.21E-3, 6.14E-13, 1.95E-3, 9.58E-13, 7.81E-4])
(25073, 2, 1, 10, [1.35E-13, 0.06, 1.12E-13, 0.02, 1.41E-13, 5.21E-3, 2.04E-13, 1.95E-3, 3.19E-13, 7.81E-4])
(25087, 2, 1, 10, [0.18, 0.06, 0.03, 0.02, 8.84E-3, 5.21E-3, 3.16E-3, 1.95E-3, 1.23E-3, 7.81E-4])
(25097, 2, 1, 10, [1.34E-13, 0.06, 1.12E-13, 0.02, 1.41E-13, 5.21E-3, 2.04E-13, 1.95E-3, 3.18E-13, 7.81E-4])
(25111, 2, 1, 10, [0.18, 0.06, 0.03, 0.02, 8.84E-3, 5.21E-3, 3.16E-3, 1.95E-3, 1.23E-3, 7.81E-4])
(25117, 2, 1, 10, [0.18, 0.06, 0.03, 0.02, 8.84E-3, 5.21E-3, 3.16E-3, 1.95E-3, 1.23E-3, 7.81E-4])
(25121, 2, 1, 10, [1.34E-13, 0.06, 1.12E-13, 0.02, 1.41E-13, 5.21E-3, 2.03E-13, 1.95E-3, 3.17E-13, 7.81E-4])
(25127, 2, 1, 10, [0.18, 0.06, 0.03, 0.02, 8.84E-3, 5.21E-3, 3.16E-3, 1.95E-3, 1.23E-3, 7.81E-4])
(25147, 2, 1, 10, [0.18, 0.06, 0.03, 0.02, 8.84E-3, 5.21E-3, 3.16E-3, 1.95E-3, 1.23E-3, 7.81E-4])
(25153, 2, 1, 10, [4.00E-13, 0.06, 3.33E-13, 0.02, 4.20E-13, 5.21E-3, 6.07E-13, 1.95E-3, 9.47E-13, 7.81E-4])
(25163, 2, 1, 10, [0.18, 0.06, 0.03, 0.02, 8.84E-3, 5.21E-3, 3.16E-3, 1.95E-3, 1.23E-3, 7.81E-4])
(25169, 2, 1, 10, [1.33E-13, 0.06, 1.11E-13, 0.02, 1.40E-13, 5.21E-3, 2.02E-13, 1.95E-3, 3.15E-13, 7.81E-4])
(25171, 2, 1, 10, [0.18, 0.06, 0.03, 0.02, 8.84E-3, 5.21E-3, 3.16E-3, 1.95E-3, 1.23E-3, 7.81E-4])
(25183, 2, 1, 10, [0.18, 0.06, 0.03, 0.02, 8.84E-3, 5.21E-3, 3.16E-3, 1.95E-3, 1.23E-3, 7.81E-4])
(25189, 2, 1, 10, [0.18, 0.06, 0.03, 0.02, 8.84E-3, 5.21E-3, 3.16E-3, 1.95E-3, 1.23E-3, 7.81E-4])
(25219, 2, 1, 10, [0.18, 0.06, 0.03, 0.02, 8.84E-3, 5.21E-3, 3.16E-3, 1.95E-3, 1.23E-3, 7.81E-4])
(25229, 2, 1, 10, [0.18, 0.06, 0.03, 0.02, 8.84E-3, 5.21E-3, 3.16E-3, 1.95E-3, 1.23E-3, 7.81E-4])
(25237, 2, 1, 10, [0.18, 0.06, 0.03, 0.02, 8.84E-3, 5.21E-3, 3.16E-3, 1.95E-3, 1.23E-3, 7.81E-4])
(25243, 2, 1, 10, [0.18, 0.06, 0.03, 0.02, 8.84E-3, 5.21E-3, 3.16E-3, 1.95E-3, 1.23E-3, 7.81E-4])
(25247, 2, 1, 10, [0.18, 0.06, 0.03, 0.02, 8.84E-3, 5.21E-3, 3.16E-3, 1.95E-3, 1.23E-3, 7.81E-4])
(25253, 2, 1, 10, [0.18, 0.06, 0.03, 0.02, 8.84E-3, 5.21E-3, 3.16E-3, 1.95E-3, 1.23E-3, 7.81E-4])
(25261, 2, 1, 10, [0.18, 0.06, 0.03, 0.02, 8.84E-3, 5.21E-3, 3.16E-3, 1.95E-3, 1.23E-3, 7.81E-4])
(25301, 2, 1, 10, [0.18, 0.06, 0.03, 0.02, 8.84E-3, 5.21E-3, 3.16E-3, 1.95E-3, 1.23E-3, 7.81E-4])
(25303, 2, 1, 10, [0.18, 0.06, 0.03, 0.02, 8.84E-3, 5.21E-3, 3.16E-3, 1.95E-3, 1.23E-3, 7.81E-4])
(25307, 2, 1, 10, [0.18, 0.06, 0.03, 0.02, 8.84E-3, 5.21E-3, 3.16E-3, 1.95E-3, 1.23E-3, 7.81E-4])
(25309, 2, 1, 10, [0.18, 0.06, 0.03, 0.02, 8.84E-3, 5.21E-3, 3.16E-3, 1.95E-3, 1.23E-3, 7.81E-4])
(25321, 2, 1, 10, [3.92E-13, 0.06, 3.27E-13, 0.02, 4.12E-13, 5.21E-3, 5.95E-13, 1.95E-3, 9.28E-13, 7.81E-4])
(25339, 2, 1, 10, [0.18, 0.06, 0.03, 0.02, 8.84E-3, 5.21E-3, 3.16E-3, 1.95E-3, 1.23E-3, 7.81E-4])
(25343, 2, 1, 10, [0.18, 0.06, 0.03, 0.02, 8.84E-3, 5.21E-3, 3.16E-3, 1.95E-3, 1.23E-3, 7.81E-4])
(25349, 2, 1, 10, [0.18, 0.06, 0.03, 0.02, 8.84E-3, 5.21E-3, 3.16E-3, 1.95E-3, 1.23E-3, 7.81E-4])
(25357, 2, 1, 10, [0.18, 0.06, 0.03, 0.02, 8.84E-3, 5.21E-3, 3.16E-3, 1.95E-3, 1.23E-3, 7.81E-4])
(25367, 2, 1, 10, [0.18, 0.06, 0.03, 0.02, 8.84E-3, 5.21E-3, 3.16E-3, 1.95E-3, 1.23E-3, 7.81E-4])
(25373, 2, 1, 10, [0.18, 0.06, 0.03, 0.02, 8.84E-3, 5.21E-3, 3.16E-3, 1.95E-3, 1.23E-3, 7.81E-4])
(25391, 2, 1, 10, [0.18, 0.06, 0.03, 0.02, 8.84E-3, 5.21E-3, 3.16E-3, 1.95E-3, 1.23E-3, 7.81E-4])
(25409, 2, 1, 10, [1.29E-13, 0.06, 1.08E-13, 0.02, 1.36E-13, 5.21E-3, 1.96E-13, 1.95E-3, 3.06E-13, 7.81E-4])
(25411, 2, 1, 10, [0.18, 0.06, 0.03, 0.02, 8.84E-3, 5.21E-3, 3.16E-3, 1.95E-3, 1.23E-3, 7.81E-4])
(25423, 2, 1, 10, [0.18, 0.06, 0.03, 0.02, 8.84E-3, 5.21E-3, 3.16E-3, 1.95E-3, 1.23E-3, 7.81E-4])
(25439, 2, 1, 10, [0.18, 0.06, 0.03, 0.02, 8.84E-3, 5.21E-3, 3.16E-3, 1.95E-3, 1.23E-3, 7.81E-4])
(25447, 2, 1, 10, [0.18, 0.06, 0.03, 0.02, 8.84E-3, 5.21E-3, 3.16E-3, 1.95E-3, 1.23E-3, 7.81E-4])
(25453, 2, 1, 10, [0.18, 0.06, 0.03, 0.02, 8.84E-3, 5.21E-3, 3.16E-3, 1.95E-3, 1.23E-3, 7.81E-4])
(25457, 2, 1, 10, [1.29E-13, 0.06, 1.07E-13, 0.02, 1.35E-13, 5.21E-3, 1.95E-13, 1.95E-3, 3.05E-13, 7.81E-4])
(25463, 2, 1, 10, [0.18, 0.06, 0.03, 0.02, 8.84E-3, 5.21E-3, 3.16E-3, 1.95E-3, 1.23E-3, 7.81E-4])
(25469, 2, 1, 10, [0.18, 0.06, 0.03, 0.02, 8.84E-3, 5.21E-3, 3.16E-3, 1.95E-3, 1.23E-3, 7.81E-4])
(25471, 2, 1, 10, [0.18, 0.06, 0.03, 0.02, 8.84E-3, 5.21E-3, 3.16E-3, 1.95E-3, 1.23E-3, 7.81E-4])
(25523, 2, 1, 10, [0.18, 0.06, 0.03, 0.02, 8.84E-3, 5.21E-3, 3.16E-3, 1.95E-3, 1.23E-3, 7.81E-4])
(25537, 2, 1, 10, [3.82E-13, 0.06, 3.18E-13, 0.02, 4.01E-13, 5.21E-3, 5.80E-13, 1.95E-3, 9.05E-13, 7.81E-4])
(25541, 2, 1, 10, [0.18, 0.06, 0.03, 0.02, 8.84E-3, 5.21E-3, 3.16E-3, 1.95E-3, 1.23E-3, 7.81E-4])
(25561, 2, 1, 10, [3.81E-13, 0.06, 3.18E-13, 0.02, 4.00E-13, 5.21E-3, 5.78E-13, 1.95E-3, 9.02E-13, 7.81E-4])
(25577, 2, 1, 10, [1.27E-13, 0.06, 1.06E-13, 0.02, 1.33E-13, 5.21E-3, 1.92E-13, 1.95E-3, 3.00E-13, 7.81E-4])
(25579, 2, 1, 10, [0.18, 0.06, 0.03, 0.02, 8.84E-3, 5.21E-3, 3.16E-3, 1.95E-3, 1.23E-3, 7.81E-4])
(25583, 2, 1, 10, [0.18, 0.06, 0.03, 0.02, 8.84E-3, 5.21E-3, 3.16E-3, 1.95E-3, 1.23E-3, 7.81E-4])
(25589, 2, 1, 10, [0.18, 0.06, 0.03, 0.02, 8.84E-3, 5.21E-3, 3.16E-3, 1.95E-3, 1.23E-3, 7.81E-4])
(25601, 2, 1, 10, [1.26E-13, 0.06, 1.05E-13, 0.02, 1.33E-13, 5.21E-3, 1.92E-13, 1.95E-3, 2.99E-13, 7.81E-4])
(25603, 2, 1, 10, [0.18, 0.06, 0.03, 0.02, 8.84E-3, 5.21E-3, 3.16E-3, 1.95E-3, 1.23E-3, 7.81E-4])
(25609, 2, 1, 10, [0.35, 0.19, 0.12, 0.08, 0.05, 0.04, 0.03, 0.02, 0.01, 8.59E-3])
(25621, 2, 1, 10, [0.18, 0.06, 0.03, 0.02, 8.84E-3, 5.21E-3, 3.16E-3, 1.95E-3, 1.23E-3, 7.81E-4])
(25633, 2, 1, 10, [3.78E-13, 0.06, 3.15E-13, 0.02, 3.97E-13, 5.21E-3, 5.74E-13, 1.95E-3, 8.95E-13, 7.81E-4])
(25639, 2, 1, 10, [0.18, 0.06, 0.03, 0.02, 8.84E-3, 5.21E-3, 3.16E-3, 1.95E-3, 1.23E-3, 7.81E-4])
(25643, 2, 1, 10, [0.18, 0.06, 0.03, 0.02, 8.84E-3, 5.21E-3, 3.16E-3, 1.95E-3, 1.23E-3, 7.81E-4])
(25657, 2, 1, 10, [3.77E-13, 0.06, 3.14E-13, 0.02, 3.96E-13, 5.21E-3, 5.72E-13, 1.95E-3, 8.92E-13, 7.81E-4])
(25667, 2, 1, 10, [0.18, 0.06, 0.03, 0.02, 8.84E-3, 5.21E-3, 3.16E-3, 1.95E-3, 1.23E-3, 7.81E-4])
(25673, 2, 1, 10, [1.25E-13, 0.06, 1.04E-13, 0.02, 1.32E-13, 5.21E-3, 1.90E-13, 1.95E-3, 2.97E-13, 7.81E-4])
(25679, 2, 1, 10, [0.18, 0.06, 0.03, 0.02, 8.84E-3, 5.21E-3, 3.16E-3, 1.95E-3, 1.23E-3, 7.81E-4])
(25693, 2, 1, 10, [0.18, 0.06, 0.03, 0.02, 8.84E-3, 5.21E-3, 3.16E-3, 1.95E-3, 1.23E-3, 7.81E-4])
(25703, 2, 1, 10, [0.18, 0.06, 0.03, 0.02, 8.84E-3, 5.21E-3, 3.16E-3, 1.95E-3, 1.23E-3, 7.81E-4])
(25717, 2, 1, 10, [0.18, 0.06, 0.03, 0.02, 8.84E-3, 5.21E-3, 3.16E-3, 1.95E-3, 1.23E-3, 7.81E-4])
(25733, 2, 1, 10, [0.18, 0.06, 0.03, 0.02, 8.84E-3, 5.21E-3, 3.16E-3, 1.95E-3, 1.23E-3, 7.81E-4])
(25741, 2, 1, 10, [0.18, 0.06, 0.03, 0.02, 8.84E-3, 5.21E-3, 3.16E-3, 1.95E-3, 1.23E-3, 7.81E-4])
(25747, 2, 1, 10, [0.18, 0.06, 0.03, 0.02, 8.84E-3, 5.21E-3, 3.16E-3, 1.95E-3, 1.23E-3, 7.81E-4])
(25759, 2, 1, 10, [0.18, 0.06, 0.03, 0.02, 8.84E-3, 5.21E-3, 3.16E-3, 1.95E-3, 1.23E-3, 7.81E-4])
(25763, 2, 1, 10, [0.18, 0.06, 0.03, 0.02, 8.84E-3, 5.21E-3, 3.16E-3, 1.95E-3, 1.23E-3, 7.81E-4])
(25771, 2, 1, 10, [0.18, 0.06, 0.03, 0.02, 8.84E-3, 5.21E-3, 3.16E-3, 1.95E-3, 1.23E-3, 7.81E-4])
(25793, 2, 1, 10, [1.24E-13, 0.06, 1.03E-13, 0.02, 1.30E-13, 5.21E-3, 1.88E-13, 1.95E-3, 2.93E-13, 7.81E-4])
(25799, 2, 1, 10, [0.18, 0.06, 0.03, 0.02, 8.84E-3, 5.21E-3, 3.16E-3, 1.95E-3, 1.23E-3, 7.81E-4])
(25801, 2, 1, 10, [0.35, 0.19, 0.12, 0.08, 0.05, 0.04, 0.03, 0.02, 0.01, 8.59E-3])
(25819, 2, 1, 10, [0.18, 0.06, 0.03, 0.02, 8.84E-3, 5.21E-3, 3.16E-3, 1.95E-3, 1.23E-3, 7.81E-4])
(25841, 2, 1, 10, [1.23E-13, 0.06, 1.02E-13, 0.02, 1.29E-13, 5.21E-3, 1.87E-13, 1.95E-3, 2.91E-13, 7.81E-4])
(25847, 2, 1, 10, [0.18, 0.06, 0.03, 0.02, 8.84E-3, 5.21E-3, 3.16E-3, 1.95E-3, 1.23E-3, 7.81E-4])
(25849, 2, 1, 10, [0.35, 0.19, 0.12, 0.08, 0.05, 0.04, 0.03, 0.02, 0.01, 8.59E-3])
(25867, 2, 1, 10, [0.18, 0.06, 0.03, 0.02, 8.84E-3, 5.21E-3, 3.16E-3, 1.95E-3, 1.23E-3, 7.81E-4])
(25873, 2, 1, 10, [3.67E-13, 0.06, 3.06E-13, 0.02, 3.86E-13, 5.21E-3, 5.58E-13, 1.95E-3, 8.70E-13, 7.81E-4])
(25889, 2, 1, 10, [1.22E-13, 0.06, 1.02E-13, 0.02, 1.28E-13, 5.21E-3, 1.86E-13, 1.95E-3, 2.90E-13, 7.81E-4])
(25903, 2, 1, 10, [0.18, 0.06, 0.03, 0.02, 8.84E-3, 5.21E-3, 3.16E-3, 1.95E-3, 1.23E-3, 7.81E-4])
(25913, 2, 1, 10, [1.22E-13, 0.06, 1.02E-13, 0.02, 1.28E-13, 5.21E-3, 1.85E-13, 1.95E-3, 2.89E-13, 7.81E-4])
(25919, 2, 1, 10, [0.18, 0.06, 0.03, 0.02, 8.84E-3, 5.21E-3, 3.16E-3, 1.95E-3, 1.23E-3, 7.81E-4])
(25931, 2, 1, 10, [0.18, 0.06, 0.03, 0.02, 8.84E-3, 5.21E-3, 3.16E-3, 1.95E-3, 1.23E-3, 7.81E-4])
(25933, 2, 1, 10, [0.18, 0.06, 0.03, 0.02, 8.84E-3, 5.21E-3, 3.16E-3, 1.95E-3, 1.23E-3, 7.81E-4])
(25939, 2, 1, 10, [0.18, 0.06, 0.03, 0.02, 8.84E-3, 5.21E-3, 3.16E-3, 1.95E-3, 1.23E-3, 7.81E-4])
(25943, 2, 1, 10, [0.18, 0.06, 0.03, 0.02, 8.84E-3, 5.21E-3, 3.16E-3, 1.95E-3, 1.23E-3, 7.81E-4])
(25951, 2, 1, 10, [0.18, 0.06, 0.03, 0.02, 8.84E-3, 5.21E-3, 3.16E-3, 1.95E-3, 1.23E-3, 7.81E-4])
(25969, 2, 1, 10, [0.35, 0.19, 0.12, 0.08, 0.05, 0.04, 0.03, 0.02, 0.01, 8.59E-3])
(25981, 2, 1, 10, [0.18, 0.06, 0.03, 0.02, 8.84E-3, 5.21E-3, 3.16E-3, 1.95E-3, 1.23E-3, 7.81E-4])
(25997, 2, 1, 10, [0.18, 0.06, 0.03, 0.02, 8.84E-3, 5.21E-3, 3.16E-3, 1.95E-3, 1.23E-3, 7.81E-4])
(25999, 2, 1, 10, [0.18, 0.06, 0.03, 0.02, 8.84E-3, 5.21E-3, 3.16E-3, 1.95E-3, 1.23E-3, 7.81E-4])
(26003, 2, 1, 10, [0.18, 0.06, 0.03, 0.02, 8.84E-3, 5.21E-3, 3.16E-3, 1.95E-3, 1.23E-3, 7.81E-4])
(26017, 2, 1, 10, [3.61E-13, 0.06, 3.01E-13, 0.02, 3.79E-13, 5.21E-3, 5.49E-13, 1.95E-3, 8.56E-13, 7.81E-4])
(26021, 2, 1, 10, [0.18, 0.06, 0.03, 0.02, 8.84E-3, 5.21E-3, 3.16E-3, 1.95E-3, 1.23E-3, 7.81E-4])
(26029, 2, 1, 10, [0.18, 0.06, 0.03, 0.02, 8.84E-3, 5.21E-3, 3.16E-3, 1.95E-3, 1.23E-3, 7.81E-4])
(26041, 2, 1, 10, [3.60E-13, 0.06, 3.00E-13, 0.02, 3.78E-13, 5.21E-3, 5.47E-13, 1.95E-3, 8.53E-13, 7.81E-4])
(26053, 2, 1, 10, [0.18, 0.06, 0.03, 0.02, 8.84E-3, 5.21E-3, 3.16E-3, 1.95E-3, 1.23E-3, 7.81E-4])
(26083, 2, 1, 10, [0.18, 0.06, 0.03, 0.02, 8.84E-3, 5.21E-3, 3.16E-3, 1.95E-3, 1.23E-3, 7.81E-4])
(26099, 2, 1, 10, [0.18, 0.06, 0.03, 0.02, 8.84E-3, 5.21E-3, 3.16E-3, 1.95E-3, 1.23E-3, 7.81E-4])
(26107, 2, 1, 10, [0.18, 0.06, 0.03, 0.02, 8.84E-3, 5.21E-3, 3.16E-3, 1.95E-3, 1.23E-3, 7.81E-4])
(26111, 2, 1, 10, [0.18, 0.06, 0.03, 0.02, 8.84E-3, 5.21E-3, 3.16E-3, 1.95E-3, 1.23E-3, 7.81E-4])
(26113, 2, 1, 10, [3.57E-13, 0.06, 2.98E-13, 0.02, 3.75E-13, 5.21E-3, 5.43E-13, 1.95E-3, 8.46E-13, 7.81E-4])
(26119, 2, 1, 10, [0.18, 0.06, 0.03, 0.02, 8.84E-3, 5.21E-3, 3.16E-3, 1.95E-3, 1.23E-3, 7.81E-4])
(26141, 2, 1, 10, [0.18, 0.06, 0.03, 0.02, 8.84E-3, 5.21E-3, 3.16E-3, 1.95E-3, 1.23E-3, 7.81E-4])
(26153, 2, 1, 10, [1.19E-13, 0.06, 9.88E-14, 0.02, 1.25E-13, 5.21E-3, 1.80E-13, 1.95E-3, 2.81E-13, 7.81E-4])
(26161, 2, 1, 10, [3.55E-13, 0.06, 2.96E-13, 0.02, 3.73E-13, 5.21E-3, 5.40E-13, 1.95E-3, 8.42E-13, 7.81E-4])
(26171, 2, 1, 10, [0.18, 0.06, 0.03, 0.02, 8.84E-3, 5.21E-3, 3.16E-3, 1.95E-3, 1.23E-3, 7.81E-4])
(26177, 2, 1, 10, [1.18E-13, 0.06, 9.86E-14, 0.02, 1.24E-13, 5.21E-3, 1.80E-13, 1.95E-3, 2.80E-13, 7.81E-4])
(26183, 2, 1, 10, [0.18, 0.06, 0.03, 0.02, 8.84E-3, 5.21E-3, 3.16E-3, 1.95E-3, 1.23E-3, 7.81E-4])
(26189, 2, 1, 10, [0.18, 0.06, 0.03, 0.02, 8.84E-3, 5.21E-3, 3.16E-3, 1.95E-3, 1.23E-3, 7.81E-4])
(26203, 2, 1, 10, [0.18, 0.06, 0.03, 0.02, 8.84E-3, 5.21E-3, 3.16E-3, 1.95E-3, 1.23E-3, 7.81E-4])
(26209, 2, 1, 10, [3.54E-13, 0.06, 2.95E-13, 0.02, 3.71E-13, 5.21E-3, 5.37E-13, 1.95E-3, 8.37E-13, 7.81E-4])
(26227, 2, 1, 10, [0.18, 0.06, 0.03, 0.02, 8.84E-3, 5.21E-3, 3.16E-3, 1.95E-3, 1.23E-3, 7.81E-4])
(26237, 2, 1, 10, [0.18, 0.06, 0.03, 0.02, 8.84E-3, 5.21E-3, 3.16E-3, 1.95E-3, 1.23E-3, 7.81E-4])
(26249, 2, 1, 10, [1.17E-13, 0.06, 9.77E-14, 0.02, 1.23E-13, 5.21E-3, 1.78E-13, 1.95E-3, 2.78E-13, 7.81E-4])
(26251, 2, 1, 10, [0.18, 0.06, 0.03, 0.02, 8.84E-3, 5.21E-3, 3.16E-3, 1.95E-3, 1.23E-3, 7.81E-4])
(26261, 2, 1, 10, [0.18, 0.06, 0.03, 0.02, 8.84E-3, 5.21E-3, 3.16E-3, 1.95E-3, 1.23E-3, 7.81E-4])
(26263, 2, 1, 10, [0.18, 0.06, 0.03, 0.02, 8.84E-3, 5.21E-3, 3.16E-3, 1.95E-3, 1.23E-3, 7.81E-4])
(26267, 2, 1, 10, [0.18, 0.06, 0.03, 0.02, 8.84E-3, 5.21E-3, 3.16E-3, 1.95E-3, 1.23E-3, 7.81E-4])
(26293, 2, 1, 10, [0.18, 0.06, 0.03, 0.02, 8.84E-3, 5.21E-3, 3.16E-3, 1.95E-3, 1.23E-3, 7.81E-4])
(26297, 2, 1, 10, [1.17E-13, 0.06, 9.72E-14, 0.02, 1.22E-13, 5.21E-3, 1.77E-13, 1.95E-3, 2.76E-13, 7.81E-4])
(26309, 2, 1, 10, [0.18, 0.06, 0.03, 0.02, 8.84E-3, 5.21E-3, 3.16E-3, 1.95E-3, 1.23E-3, 7.81E-4])
(26317, 2, 1, 10, [0.18, 0.06, 0.03, 0.02, 8.84E-3, 5.21E-3, 3.16E-3, 1.95E-3, 1.23E-3, 7.81E-4])
(26321, 2, 1, 10, [1.16E-13, 0.06, 9.69E-14, 0.02, 1.22E-13, 5.21E-3, 1.77E-13, 1.95E-3, 2.75E-13, 7.81E-4])
(26339, 2, 1, 10, [0.18, 0.06, 0.03, 0.02, 8.84E-3, 5.21E-3, 3.16E-3, 1.95E-3, 1.23E-3, 7.81E-4])
(26347, 2, 1, 10, [0.18, 0.06, 0.03, 0.02, 8.84E-3, 5.21E-3, 3.16E-3, 1.95E-3, 1.23E-3, 7.81E-4])
(26357, 2, 1, 10, [0.18, 0.06, 0.03, 0.02, 8.84E-3, 5.21E-3, 3.16E-3, 1.95E-3, 1.23E-3, 7.81E-4])
(26371, 2, 1, 10, [0.18, 0.06, 0.03, 0.02, 8.84E-3, 5.21E-3, 3.16E-3, 1.95E-3, 1.23E-3, 7.81E-4])
(26387, 2, 1, 10, [0.18, 0.06, 0.03, 0.02, 8.84E-3, 5.21E-3, 3.16E-3, 1.95E-3, 1.23E-3, 7.81E-4])
(26393, 2, 1, 10, [1.15E-13, 0.06, 9.62E-14, 0.02, 1.21E-13, 5.21E-3, 1.75E-13, 1.95E-3, 2.73E-13, 7.81E-4])
(26399, 2, 1, 10, [0.18, 0.06, 0.03, 0.02, 8.84E-3, 5.21E-3, 3.16E-3, 1.95E-3, 1.23E-3, 7.81E-4])
(26407, 2, 1, 10, [0.18, 0.06, 0.03, 0.02, 8.84E-3, 5.21E-3, 3.16E-3, 1.95E-3, 1.23E-3, 7.81E-4])
(26417, 2, 1, 10, [1.15E-13, 0.06, 9.59E-14, 0.02, 1.21E-13, 5.21E-3, 1.75E-13, 1.95E-3, 2.72E-13, 7.81E-4])
(26423, 2, 1, 10, [0.18, 0.06, 0.03, 0.02, 8.84E-3, 5.21E-3, 3.16E-3, 1.95E-3, 1.23E-3, 7.81E-4])
(26431, 2, 1, 10, [0.18, 0.06, 0.03, 0.02, 8.84E-3, 5.21E-3, 3.16E-3, 1.95E-3, 1.23E-3, 7.81E-4])
(26437, 2, 1, 10, [0.18, 0.06, 0.03, 0.02, 8.84E-3, 5.21E-3, 3.16E-3, 1.95E-3, 1.23E-3, 7.81E-4])
(26449, 2, 1, 10, [0.35, 0.19, 0.12, 0.08, 0.05, 0.04, 0.03, 0.02, 0.01, 8.59E-3])
(26459, 2, 1, 10, [0.18, 0.06, 0.03, 0.02, 8.84E-3, 5.21E-3, 3.16E-3, 1.95E-3, 1.23E-3, 7.81E-4])
(26479, 2, 1, 10, [0.18, 0.06, 0.03, 0.02, 8.84E-3, 5.21E-3, 3.16E-3, 1.95E-3, 1.23E-3, 7.81E-4])
(26489, 2, 1, 10, [1.14E-13, 0.06, 9.51E-14, 0.02, 1.20E-13, 5.21E-3, 1.73E-13, 1.95E-3, 2.70E-13, 7.81E-4])
(26497, 2, 1, 10, [3.42E-13, 0.06, 2.85E-13, 0.02, 3.59E-13, 5.21E-3, 5.19E-13, 1.95E-3, 8.10E-13, 7.81E-4])
(26501, 2, 1, 10, [0.18, 0.06, 0.03, 0.02, 8.84E-3, 5.21E-3, 3.16E-3, 1.95E-3, 1.23E-3, 7.81E-4])
(26513, 2, 1, 10, [1.14E-13, 0.06, 9.49E-14, 0.02, 1.20E-13, 5.21E-3, 1.73E-13, 1.95E-3, 2.70E-13, 7.81E-4])
(26539, 2, 1, 10, [0.18, 0.06, 0.03, 0.02, 8.84E-3, 5.21E-3, 3.16E-3, 1.95E-3, 1.23E-3, 7.81E-4])
(26557, 2, 1, 10, [0.18, 0.06, 0.03, 0.02, 8.84E-3, 5.21E-3, 3.16E-3, 1.95E-3, 1.23E-3, 7.81E-4])
(26561, 2, 1, 10, [1.13E-13, 0.06, 9.43E-14, 0.02, 1.19E-13, 5.21E-3, 1.72E-13, 1.95E-3, 2.68E-13, 7.81E-4])
(26573, 2, 1, 10, [0.18, 0.06, 0.03, 0.02, 8.84E-3, 5.21E-3, 3.16E-3, 1.95E-3, 1.23E-3, 7.81E-4])
(26591, 2, 1, 10, [0.18, 0.06, 0.03, 0.02, 8.84E-3, 5.21E-3, 3.16E-3, 1.95E-3, 1.23E-3, 7.81E-4])
(26597, 2, 1, 10, [0.18, 0.06, 0.03, 0.02, 8.84E-3, 5.21E-3, 3.16E-3, 1.95E-3, 1.23E-3, 7.81E-4])
(26627, 2, 1, 10, [0.18, 0.06, 0.03, 0.02, 8.84E-3, 5.21E-3, 3.16E-3, 1.95E-3, 1.23E-3, 7.81E-4])
(26633, 2, 1, 10, [1.12E-13, 0.06, 9.36E-14, 0.02, 1.18E-13, 5.21E-3, 1.70E-13, 1.95E-3, 2.66E-13, 7.81E-4])
(26641, 2, 1, 10, [0.35, 0.19, 0.12, 0.08, 0.05, 0.04, 0.03, 0.02, 0.01, 8.59E-3])
(26647, 2, 1, 10, [0.18, 0.06, 0.03, 0.02, 8.84E-3, 5.21E-3, 3.16E-3, 1.95E-3, 1.23E-3, 7.81E-4])
(26669, 2, 1, 10, [0.18, 0.06, 0.03, 0.02, 8.84E-3, 5.21E-3, 3.16E-3, 1.95E-3, 1.23E-3, 7.81E-4])
(26681, 2, 1, 10, [1.12E-13, 0.06, 9.31E-14, 0.02, 1.17E-13, 5.21E-3, 1.70E-13, 1.95E-3, 2.64E-13, 7.81E-4])
(26683, 2, 1, 10, [0.18, 0.06, 0.03, 0.02, 8.84E-3, 5.21E-3, 3.16E-3, 1.95E-3, 1.23E-3, 7.81E-4])
(26687, 2, 1, 10, [0.18, 0.06, 0.03, 0.02, 8.84E-3, 5.21E-3, 3.16E-3, 1.95E-3, 1.23E-3, 7.81E-4])
(26693, 2, 1, 10, [0.18, 0.06, 0.03, 0.02, 8.84E-3, 5.21E-3, 3.16E-3, 1.95E-3, 1.23E-3, 7.81E-4])
(26699, 2, 1, 10, [0.18, 0.06, 0.03, 0.02, 8.84E-3, 5.21E-3, 3.16E-3, 1.95E-3, 1.23E-3, 7.81E-4])
(26701, 2, 1, 10, [0.18, 0.06, 0.03, 0.02, 8.84E-3, 5.21E-3, 3.16E-3, 1.95E-3, 1.23E-3, 7.81E-4])
(26711, 2, 1, 10, [0.18, 0.06, 0.03, 0.02, 8.84E-3, 5.21E-3, 3.16E-3, 1.95E-3, 1.23E-3, 7.81E-4])
(26713, 2, 1, 10, [3.34E-13, 0.06, 2.78E-13, 0.02, 3.51E-13, 5.21E-3, 5.07E-13, 1.95E-3, 7.91E-13, 7.81E-4])
(26717, 2, 1, 10, [0.18, 0.06, 0.03, 0.02, 8.84E-3, 5.21E-3, 3.16E-3, 1.95E-3, 1.23E-3, 7.81E-4])
(26723, 2, 1, 10, [0.18, 0.06, 0.03, 0.02, 8.84E-3, 5.21E-3, 3.16E-3, 1.95E-3, 1.23E-3, 7.81E-4])
(26729, 2, 1, 10, [1.11E-13, 0.06, 9.26E-14, 0.02, 1.17E-13, 5.21E-3, 1.69E-13, 1.95E-3, 2.63E-13, 7.81E-4])
(26731, 2, 1, 10, [0.18, 0.06, 0.03, 0.02, 8.84E-3, 5.21E-3, 3.16E-3, 1.95E-3, 1.23E-3, 7.81E-4])
(26737, 2, 1, 10, [3.33E-13, 0.06, 2.77E-13, 0.02, 3.50E-13, 5.21E-3, 5.05E-13, 1.95E-3, 7.88E-13, 7.81E-4])
(26759, 2, 1, 10, [0.18, 0.06, 0.03, 0.02, 8.84E-3, 5.21E-3, 3.16E-3, 1.95E-3, 1.23E-3, 7.81E-4])
(26777, 2, 1, 10, [1.10E-13, 0.06, 9.21E-14, 0.02, 1.16E-13, 5.21E-3, 1.68E-13, 1.95E-3, 2.62E-13, 7.81E-4])
(26783, 2, 1, 10, [0.18, 0.06, 0.03, 0.02, 8.84E-3, 5.21E-3, 3.16E-3, 1.95E-3, 1.23E-3, 7.81E-4])
(26801, 2, 1, 10, [1.10E-13, 0.06, 9.18E-14, 0.02, 1.16E-13, 5.21E-3, 1.67E-13, 1.95E-3, 2.61E-13, 7.81E-4])
(26813, 2, 1, 10, [0.18, 0.06, 0.03, 0.02, 8.84E-3, 5.21E-3, 3.16E-3, 1.95E-3, 1.23E-3, 7.81E-4])
(26821, 2, 1, 10, [0.18, 0.06, 0.03, 0.02, 8.84E-3, 5.21E-3, 3.16E-3, 1.95E-3, 1.23E-3, 7.81E-4])
(26833, 2, 1, 10, [3.29E-13, 0.06, 2.75E-13, 0.02, 3.46E-13, 5.21E-3, 5.00E-13, 1.95E-3, 7.80E-13, 7.81E-4])
(26839, 2, 1, 10, [0.18, 0.06, 0.03, 0.02, 8.84E-3, 5.21E-3, 3.16E-3, 1.95E-3, 1.23E-3, 7.81E-4])
(26849, 2, 1, 10, [1.10E-13, 0.06, 9.13E-14, 0.02, 1.15E-13, 5.21E-3, 1.66E-13, 1.95E-3, 2.60E-13, 7.81E-4])
(26861, 2, 1, 10, [0.18, 0.06, 0.03, 0.02, 8.84E-3, 5.21E-3, 3.16E-3, 1.95E-3, 1.23E-3, 7.81E-4])
(26863, 2, 1, 10, [0.18, 0.06, 0.03, 0.02, 8.84E-3, 5.21E-3, 3.16E-3, 1.95E-3, 1.23E-3, 7.81E-4])
(26879, 2, 1, 10, [0.18, 0.06, 0.03, 0.02, 8.84E-3, 5.21E-3, 3.16E-3, 1.95E-3, 1.23E-3, 7.81E-4])
(26881, 2, 1, 10, [3.28E-13, 0.06, 2.73E-13, 0.02, 3.44E-13, 5.21E-3, 4.97E-13, 1.95E-3, 7.76E-13, 7.81E-4])
(26891, 2, 1, 10, [0.18, 0.06, 0.03, 0.02, 8.84E-3, 5.21E-3, 3.16E-3, 1.95E-3, 1.23E-3, 7.81E-4])
(26893, 2, 1, 10, [0.18, 0.06, 0.03, 0.02, 8.84E-3, 5.21E-3, 3.16E-3, 1.95E-3, 1.23E-3, 7.81E-4])
(26903, 2, 1, 10, [0.18, 0.06, 0.03, 0.02, 8.84E-3, 5.21E-3, 3.16E-3, 1.95E-3, 1.23E-3, 7.81E-4])
(26921, 2, 1, 10, [1.09E-13, 0.06, 9.06E-14, 0.02, 1.14E-13, 5.21E-3, 1.65E-13, 1.95E-3, 2.57E-13, 7.81E-4])
(26927, 2, 1, 10, [0.18, 0.06, 0.03, 0.02, 8.84E-3, 5.21E-3, 3.16E-3, 1.95E-3, 1.23E-3, 7.81E-4])
(26947, 2, 1, 10, [0.18, 0.06, 0.03, 0.02, 8.84E-3, 5.21E-3, 3.16E-3, 1.95E-3, 1.23E-3, 7.81E-4])
(26951, 2, 1, 10, [0.18, 0.06, 0.03, 0.02, 8.84E-3, 5.21E-3, 3.16E-3, 1.95E-3, 1.23E-3, 7.81E-4])
(26953, 2, 1, 10, [3.25E-13, 0.06, 2.71E-13, 0.02, 3.41E-13, 5.21E-3, 4.93E-13, 1.95E-3, 7.70E-13, 7.81E-4])
(26959, 2, 1, 10, [0.18, 0.06, 0.03, 0.02, 8.84E-3, 5.21E-3, 3.16E-3, 1.95E-3, 1.23E-3, 7.81E-4])
(26981, 2, 1, 10, [0.18, 0.06, 0.03, 0.02, 8.84E-3, 5.21E-3, 3.16E-3, 1.95E-3, 1.23E-3, 7.81E-4])
(26987, 2, 1, 10, [0.18, 0.06, 0.03, 0.02, 8.84E-3, 5.21E-3, 3.16E-3, 1.95E-3, 1.23E-3, 7.81E-4])
(26993, 2, 1, 10, [1.08E-13, 0.06, 8.99E-14, 0.02, 1.13E-13, 5.21E-3, 1.64E-13, 1.95E-3, 2.55E-13, 7.81E-4])
(27011, 2, 1, 10, [0.18, 0.06, 0.03, 0.02, 8.84E-3, 5.21E-3, 3.16E-3, 1.95E-3, 1.23E-3, 7.81E-4])
(27017, 2, 1, 10, [1.08E-13, 0.06, 8.96E-14, 0.02, 1.13E-13, 5.21E-3, 1.63E-13, 1.95E-3, 2.55E-13, 7.81E-4])
(27031, 2, 1, 10, [0.18, 0.06, 0.03, 0.02, 8.84E-3, 5.21E-3, 3.16E-3, 1.95E-3, 1.23E-3, 7.81E-4])
(27043, 2, 1, 10, [0.18, 0.06, 0.03, 0.02, 8.84E-3, 5.21E-3, 3.16E-3, 1.95E-3, 1.23E-3, 7.81E-4])
(27059, 2, 1, 10, [0.18, 0.06, 0.03, 0.02, 8.84E-3, 5.21E-3, 3.16E-3, 1.95E-3, 1.23E-3, 7.81E-4])
(27061, 2, 1, 10, [0.18, 0.06, 0.03, 0.02, 8.84E-3, 5.21E-3, 3.16E-3, 1.95E-3, 1.23E-3, 7.81E-4])
(27067, 2, 1, 10, [0.18, 0.06, 0.03, 0.02, 8.84E-3, 5.21E-3, 3.16E-3, 1.95E-3, 1.23E-3, 7.81E-4])
(27073, 2, 1, 10, [3.21E-13, 0.06, 2.67E-13, 0.02, 3.37E-13, 5.21E-3, 4.87E-13, 1.95E-3, 7.59E-13, 7.81E-4])
(27077, 2, 1, 10, [0.18, 0.06, 0.03, 0.02, 8.84E-3, 5.21E-3, 3.16E-3, 1.95E-3, 1.23E-3, 7.81E-4])
(27091, 2, 1, 10, [0.18, 0.06, 0.03, 0.02, 8.84E-3, 5.21E-3, 3.16E-3, 1.95E-3, 1.23E-3, 7.81E-4])
(27103, 2, 1, 10, [0.18, 0.06, 0.03, 0.02, 8.84E-3, 5.21E-3, 3.16E-3, 1.95E-3, 1.23E-3, 7.81E-4])
(27107, 2, 1, 10, [0.18, 0.06, 0.03, 0.02, 8.84E-3, 5.21E-3, 3.16E-3, 1.95E-3, 1.23E-3, 7.81E-4])
(27109, 2, 1, 10, [0.18, 0.06, 0.03, 0.02, 8.84E-3, 5.21E-3, 3.16E-3, 1.95E-3, 1.23E-3, 7.81E-4])
(27127, 2, 1, 10, [0.18, 0.06, 0.03, 0.02, 8.84E-3, 5.21E-3, 3.16E-3, 1.95E-3, 1.23E-3, 7.81E-4])
(27143, 2, 1, 10, [0.18, 0.06, 0.03, 0.02, 8.84E-3, 5.21E-3, 3.16E-3, 1.95E-3, 1.23E-3, 7.81E-4])
(27179, 2, 1, 10, [0.18, 0.06, 0.03, 0.02, 8.84E-3, 5.21E-3, 3.16E-3, 1.95E-3, 1.23E-3, 7.81E-4])
(27191, 2, 1, 10, [0.18, 0.06, 0.03, 0.02, 8.84E-3, 5.21E-3, 3.16E-3, 1.95E-3, 1.23E-3, 7.81E-4])
(27197, 2, 1, 10, [0.18, 0.06, 0.03, 0.02, 8.84E-3, 5.21E-3, 3.16E-3, 1.95E-3, 1.23E-3, 7.81E-4])
(27211, 2, 1, 10, [0.18, 0.06, 0.03, 0.02, 8.84E-3, 5.21E-3, 3.16E-3, 1.95E-3, 1.23E-3, 7.81E-4])
(27239, 2, 1, 10, [0.18, 0.06, 0.03, 0.02, 8.84E-3, 5.21E-3, 3.16E-3, 1.95E-3, 1.23E-3, 7.81E-4])
(27241, 2, 1, 10, [3.15E-13, 0.06, 2.62E-13, 0.02, 3.31E-13, 5.21E-3, 4.78E-13, 1.95E-3, 7.46E-13, 7.81E-4])
(27253, 2, 1, 10, [0.18, 0.06, 0.03, 0.02, 8.84E-3, 5.21E-3, 3.16E-3, 1.95E-3, 1.23E-3, 7.81E-4])
(27259, 2, 1, 10, [0.18, 0.06, 0.03, 0.02, 8.84E-3, 5.21E-3, 3.16E-3, 1.95E-3, 1.23E-3, 7.81E-4])
(27271, 2, 1, 10, [0.18, 0.06, 0.03, 0.02, 8.84E-3, 5.21E-3, 3.16E-3, 1.95E-3, 1.23E-3, 7.81E-4])
(27277, 2, 1, 10, [0.18, 0.06, 0.03, 0.02, 8.84E-3, 5.21E-3, 3.16E-3, 1.95E-3, 1.23E-3, 7.81E-4])
(27281, 2, 1, 10, [1.04E-13, 0.06, 8.71E-14, 0.02, 1.10E-13, 5.21E-3, 1.59E-13, 1.95E-3, 2.47E-13, 7.81E-4])
(27283, 2, 1, 10, [0.18, 0.06, 0.03, 0.02, 8.84E-3, 5.21E-3, 3.16E-3, 1.95E-3, 1.23E-3, 7.81E-4])
(27299, 2, 1, 10, [0.18, 0.06, 0.03, 0.02, 8.84E-3, 5.21E-3, 3.16E-3, 1.95E-3, 1.23E-3, 7.81E-4])
(27329, 2, 1, 10, [1.04E-13, 0.06, 8.66E-14, 0.02, 1.09E-13, 5.21E-3, 1.58E-13, 1.95E-3, 2.46E-13, 7.81E-4])
(27337, 2, 1, 10, [3.12E-13, 0.06, 2.60E-13, 0.02, 3.27E-13, 5.21E-3, 4.73E-13, 1.95E-3, 7.38E-13, 7.81E-4])
(27361, 2, 1, 10, [0.35, 0.19, 0.12, 0.08, 0.05, 0.04, 0.03, 0.02, 0.01, 8.59E-3])
(27367, 2, 1, 10, [0.18, 0.06, 0.03, 0.02, 8.84E-3, 5.21E-3, 3.16E-3, 1.95E-3, 1.23E-3, 7.81E-4])
(27397, 2, 1, 10, [0.18, 0.06, 0.03, 0.02, 8.84E-3, 5.21E-3, 3.16E-3, 1.95E-3, 1.23E-3, 7.81E-4])
(27407, 2, 1, 10, [0.18, 0.06, 0.03, 0.02, 8.84E-3, 5.21E-3, 3.16E-3, 1.95E-3, 1.23E-3, 7.81E-4])
(27409, 2, 1, 10, [3.09E-13, 0.06, 2.58E-13, 0.02, 3.25E-13, 5.21E-3, 4.69E-13, 1.95E-3, 7.32E-13, 7.81E-4])
(27427, 2, 1, 10, [0.18, 0.06, 0.03, 0.02, 8.84E-3, 5.21E-3, 3.16E-3, 1.95E-3, 1.23E-3, 7.81E-4])
(27431, 2, 1, 10, [0.18, 0.06, 0.03, 0.02, 8.84E-3, 5.21E-3, 3.16E-3, 1.95E-3, 1.23E-3, 7.81E-4])
(27437, 2, 1, 10, [0.18, 0.06, 0.03, 0.02, 8.84E-3, 5.21E-3, 3.16E-3, 1.95E-3, 1.23E-3, 7.81E-4])
(27449, 2, 1, 10, [1.03E-13, 0.06, 8.55E-14, 0.02, 1.08E-13, 5.21E-3, 1.56E-13, 1.95E-3, 2.43E-13, 7.81E-4])
(27457, 2, 1, 10, [3.07E-13, 0.06, 2.56E-13, 0.02, 3.23E-13, 5.21E-3, 4.67E-13, 1.95E-3, 7.28E-13, 7.81E-4])
(27479, 2, 1, 10, [0.18, 0.06, 0.03, 0.02, 8.84E-3, 5.21E-3, 3.16E-3, 1.95E-3, 1.23E-3, 7.81E-4])
(27481, 2, 1, 10, [0.35, 0.19, 0.12, 0.08, 0.05, 0.04, 0.03, 0.02, 0.01, 8.59E-3])
(27487, 2, 1, 10, [0.18, 0.06, 0.03, 0.02, 8.84E-3, 5.21E-3, 3.16E-3, 1.95E-3, 1.23E-3, 7.81E-4])
(27509, 2, 1, 10, [0.18, 0.06, 0.03, 0.02, 8.84E-3, 5.21E-3, 3.16E-3, 1.95E-3, 1.23E-3, 7.81E-4])
(27527, 2, 1, 10, [0.18, 0.06, 0.03, 0.02, 8.84E-3, 5.21E-3, 3.16E-3, 1.95E-3, 1.23E-3, 7.81E-4])
(27529, 2, 1, 10, [0.35, 0.19, 0.12, 0.08, 0.05, 0.04, 0.03, 0.02, 0.01, 8.59E-3])
(27539, 2, 1, 10, [0.18, 0.06, 0.03, 0.02, 8.84E-3, 5.21E-3, 3.16E-3, 1.95E-3, 1.23E-3, 7.81E-4])
(27541, 2, 1, 10, [0.18, 0.06, 0.03, 0.02, 8.84E-3, 5.21E-3, 3.16E-3, 1.95E-3, 1.23E-3, 7.81E-4])
(27551, 2, 1, 10, [0.18, 0.06, 0.03, 0.02, 8.84E-3, 5.21E-3, 3.16E-3, 1.95E-3, 1.23E-3, 7.81E-4])
(27581, 2, 1, 10, [0.18, 0.06, 0.03, 0.02, 8.84E-3, 5.21E-3, 3.16E-3, 1.95E-3, 1.23E-3, 7.81E-4])
(27583, 2, 1, 10, [0.18, 0.06, 0.03, 0.02, 8.84E-3, 5.21E-3, 3.16E-3, 1.95E-3, 1.23E-3, 7.81E-4])
(27611, 2, 1, 10, [0.18, 0.06, 0.03, 0.02, 8.84E-3, 5.21E-3, 3.16E-3, 1.95E-3, 1.23E-3, 7.81E-4])
(27617, 2, 1, 10, [1.01E-13, 0.06, 8.39E-14, 0.02, 1.06E-13, 5.21E-3, 1.53E-13, 1.95E-3, 2.38E-13, 7.81E-4])
(27631, 2, 1, 10, [0.18, 0.06, 0.03, 0.02, 8.84E-3, 5.21E-3, 3.16E-3, 1.95E-3, 1.23E-3, 7.81E-4])
(27647, 2, 1, 10, [0.18, 0.06, 0.03, 0.02, 8.84E-3, 5.21E-3, 3.16E-3, 1.95E-3, 1.23E-3, 7.81E-4])
(27653, 2, 1, 10, [0.18, 0.06, 0.03, 0.02, 8.84E-3, 5.21E-3, 3.16E-3, 1.95E-3, 1.23E-3, 7.81E-4])
(27673, 2, 1, 10, [3.00E-13, 0.06, 2.50E-13, 0.02, 3.15E-13, 5.21E-3, 4.56E-13, 1.95E-3, 7.11E-13, 7.81E-4])
(27689, 2, 1, 10, [9.99E-14, 0.06, 8.33E-14, 0.02, 1.05E-13, 5.21E-3, 1.52E-13, 1.95E-3, 2.37E-13, 7.81E-4])
(27691, 2, 1, 10, [0.18, 0.06, 0.03, 0.02, 8.84E-3, 5.21E-3, 3.16E-3, 1.95E-3, 1.23E-3, 7.81E-4])
(27697, 2, 1, 10, [3.00E-13, 0.06, 2.50E-13, 0.02, 3.15E-13, 5.21E-3, 4.55E-13, 1.95E-3, 7.09E-13, 7.81E-4])
(27701, 2, 1, 10, [0.18, 0.06, 0.03, 0.02, 8.84E-3, 5.21E-3, 3.16E-3, 1.95E-3, 1.23E-3, 7.81E-4])
(27733, 2, 1, 10, [0.18, 0.06, 0.03, 0.02, 8.84E-3, 5.21E-3, 3.16E-3, 1.95E-3, 1.23E-3, 7.81E-4])
(27737, 2, 1, 10, [9.94E-14, 0.06, 8.28E-14, 0.02, 1.04E-13, 5.21E-3, 1.51E-13, 1.95E-3, 2.35E-13, 7.81E-4])
(27739, 2, 1, 10, [0.18, 0.06, 0.03, 0.02, 8.84E-3, 5.21E-3, 3.16E-3, 1.95E-3, 1.23E-3, 7.81E-4])
(27743, 2, 1, 10, [0.18, 0.06, 0.03, 0.02, 8.84E-3, 5.21E-3, 3.16E-3, 1.95E-3, 1.23E-3, 7.81E-4])
(27749, 2, 1, 10, [0.18, 0.06, 0.03, 0.02, 8.84E-3, 5.21E-3, 3.16E-3, 1.95E-3, 1.23E-3, 7.81E-4])
(27751, 2, 1, 10, [0.18, 0.06, 0.03, 0.02, 8.84E-3, 5.21E-3, 3.16E-3, 1.95E-3, 1.23E-3, 7.81E-4])
(27763, 2, 1, 10, [0.18, 0.06, 0.03, 0.02, 8.84E-3, 5.21E-3, 3.16E-3, 1.95E-3, 1.23E-3, 7.81E-4])
(27767, 2, 1, 10, [0.18, 0.06, 0.03, 0.02, 8.84E-3, 5.21E-3, 3.16E-3, 1.95E-3, 1.23E-3, 7.81E-4])
(27773, 2, 1, 10, [0.18, 0.06, 0.03, 0.02, 8.84E-3, 5.21E-3, 3.16E-3, 1.95E-3, 1.23E-3, 7.81E-4])
(27779, 2, 1, 10, [0.18, 0.06, 0.03, 0.02, 8.84E-3, 5.21E-3, 3.16E-3, 1.95E-3, 1.23E-3, 7.81E-4])
(27791, 2, 1, 10, [0.18, 0.06, 0.03, 0.02, 8.84E-3, 5.21E-3, 3.16E-3, 1.95E-3, 1.23E-3, 7.81E-4])
(27793, 2, 1, 10, [2.96E-13, 0.06, 2.47E-13, 0.02, 3.11E-13, 5.21E-3, 4.50E-13, 1.95E-3, 7.02E-13, 7.81E-4])
(27799, 2, 1, 10, [0.18, 0.06, 0.03, 0.02, 8.84E-3, 5.21E-3, 3.16E-3, 1.95E-3, 1.23E-3, 7.81E-4])
(27803, 2, 1, 10, [0.18, 0.06, 0.03, 0.02, 8.84E-3, 5.21E-3, 3.16E-3, 1.95E-3, 1.23E-3, 7.81E-4])
(27809, 2, 1, 10, [9.86E-14, 0.06, 8.22E-14, 0.02, 1.04E-13, 5.21E-3, 1.50E-13, 1.95E-3, 2.34E-13, 7.81E-4])
(27817, 2, 1, 10, [2.96E-13, 0.06, 2.46E-13, 0.02, 3.10E-13, 5.21E-3, 4.49E-13, 1.95E-3, 7.00E-13, 7.81E-4])
(27823, 2, 1, 10, [0.18, 0.06, 0.03, 0.02, 8.84E-3, 5.21E-3, 3.16E-3, 1.95E-3, 1.23E-3, 7.81E-4])
(27827, 2, 1, 10, [0.18, 0.06, 0.03, 0.02, 8.84E-3, 5.21E-3, 3.16E-3, 1.95E-3, 1.23E-3, 7.81E-4])
(27847, 2, 1, 10, [0.18, 0.06, 0.03, 0.02, 8.84E-3, 5.21E-3, 3.16E-3, 1.95E-3, 1.23E-3, 7.81E-4])
(27851, 2, 1, 10, [0.18, 0.06, 0.03, 0.02, 8.84E-3, 5.21E-3, 3.16E-3, 1.95E-3, 1.23E-3, 7.81E-4])
(27883, 2, 1, 10, [0.18, 0.06, 0.03, 0.02, 8.84E-3, 5.21E-3, 3.16E-3, 1.95E-3, 1.23E-3, 7.81E-4])
(27893, 2, 1, 10, [0.18, 0.06, 0.03, 0.02, 8.84E-3, 5.21E-3, 3.16E-3, 1.95E-3, 1.23E-3, 7.81E-4])
(27901, 2, 1, 10, [0.18, 0.06, 0.03, 0.02, 8.84E-3, 5.21E-3, 3.16E-3, 1.95E-3, 1.23E-3, 7.81E-4])
(27917, 2, 1, 10, [0.18, 0.06, 0.03, 0.02, 8.84E-3, 5.21E-3, 3.16E-3, 1.95E-3, 1.23E-3, 7.81E-4])
(27919, 2, 1, 10, [0.18, 0.06, 0.03, 0.02, 8.84E-3, 5.21E-3, 3.16E-3, 1.95E-3, 1.23E-3, 7.81E-4])
(27941, 2, 1, 10, [0.18, 0.06, 0.03, 0.02, 8.84E-3, 5.21E-3, 3.16E-3, 1.95E-3, 1.23E-3, 7.81E-4])
(27943, 2, 1, 10, [0.18, 0.06, 0.03, 0.02, 8.84E-3, 5.21E-3, 3.16E-3, 1.95E-3, 1.23E-3, 7.81E-4])
(27947, 2, 1, 10, [0.18, 0.06, 0.03, 0.02, 8.84E-3, 5.21E-3, 3.16E-3, 1.95E-3, 1.23E-3, 7.81E-4])
(27953, 2, 1, 10, [9.71E-14, 0.06, 8.09E-14, 0.02, 1.02E-13, 5.21E-3, 1.47E-13, 1.95E-3, 2.30E-13, 7.81E-4])
(27961, 2, 1, 10, [0.35, 0.19, 0.12, 0.08, 0.05, 0.04, 0.03, 0.02, 0.01, 8.59E-3])
(27967, 2, 1, 10, [0.18, 0.06, 0.03, 0.02, 8.84E-3, 5.21E-3, 3.16E-3, 1.95E-3, 1.23E-3, 7.81E-4])
(27983, 2, 1, 10, [0.18, 0.06, 0.03, 0.02, 8.84E-3, 5.21E-3, 3.16E-3, 1.95E-3, 1.23E-3, 7.81E-4])
(27997, 2, 1, 10, [0.18, 0.06, 0.03, 0.02, 8.84E-3, 5.21E-3, 3.16E-3, 1.95E-3, 1.23E-3, 7.81E-4])
(28001, 2, 1, 10, [9.66E-14, 0.06, 8.05E-14, 0.02, 1.01E-13, 5.21E-3, 1.47E-13, 1.95E-3, 2.29E-13, 7.81E-4])
(28019, 2, 1, 10, [0.18, 0.06, 0.03, 0.02, 8.84E-3, 5.21E-3, 3.16E-3, 1.95E-3, 1.23E-3, 7.81E-4])
(28027, 2, 1, 10, [0.18, 0.06, 0.03, 0.02, 8.84E-3, 5.21E-3, 3.16E-3, 1.95E-3, 1.23E-3, 7.81E-4])
(28031, 2, 1, 10, [0.18, 0.06, 0.03, 0.02, 8.84E-3, 5.21E-3, 3.16E-3, 1.95E-3, 1.23E-3, 7.81E-4])
(28051, 2, 1, 10, [0.18, 0.06, 0.03, 0.02, 8.84E-3, 5.21E-3, 3.16E-3, 1.95E-3, 1.23E-3, 7.81E-4])
(28057, 2, 1, 10, [2.88E-13, 0.06, 2.40E-13, 0.02, 3.03E-13, 5.21E-3, 4.37E-13, 1.95E-3, 6.82E-13, 7.81E-4])
(28069, 2, 1, 10, [0.18, 0.06, 0.03, 0.02, 8.84E-3, 5.21E-3, 3.16E-3, 1.95E-3, 1.23E-3, 7.81E-4])
(28081, 2, 1, 10, [2.87E-13, 0.06, 2.40E-13, 0.02, 3.02E-13, 5.21E-3, 4.36E-13, 1.95E-3, 6.81E-13, 7.81E-4])
(28087, 2, 1, 10, [0.18, 0.06, 0.03, 0.02, 8.84E-3, 5.21E-3, 3.16E-3, 1.95E-3, 1.23E-3, 7.81E-4])
(28097, 2, 1, 10, [9.56E-14, 0.06, 7.97E-14, 0.02, 1.00E-13, 5.21E-3, 1.45E-13, 1.95E-3, 2.26E-13, 7.81E-4])
(28099, 2, 1, 10, [0.18, 0.06, 0.03, 0.02, 8.84E-3, 5.21E-3, 3.16E-3, 1.95E-3, 1.23E-3, 7.81E-4])
(28109, 2, 1, 10, [0.18, 0.06, 0.03, 0.02, 8.84E-3, 5.21E-3, 3.16E-3, 1.95E-3, 1.23E-3, 7.81E-4])
(28111, 2, 1, 10, [0.18, 0.06, 0.03, 0.02, 8.84E-3, 5.21E-3, 3.16E-3, 1.95E-3, 1.23E-3, 7.81E-4])
(28123, 2, 1, 10, [0.18, 0.06, 0.03, 0.02, 8.84E-3, 5.21E-3, 3.16E-3, 1.95E-3, 1.23E-3, 7.81E-4])
(28151, 2, 1, 10, [0.18, 0.06, 0.03, 0.02, 8.84E-3, 5.21E-3, 3.16E-3, 1.95E-3, 1.23E-3, 7.81E-4])
(28163, 2, 1, 10, [0.18, 0.06, 0.03, 0.02, 8.84E-3, 5.21E-3, 3.16E-3, 1.95E-3, 1.23E-3, 7.81E-4])
(28181, 2, 1, 10, [0.18, 0.06, 0.03, 0.02, 8.84E-3, 5.21E-3, 3.16E-3, 1.95E-3, 1.23E-3, 7.81E-4])
(28183, 2, 1, 10, [0.18, 0.06, 0.03, 0.02, 8.84E-3, 5.21E-3, 3.16E-3, 1.95E-3, 1.23E-3, 7.81E-4])
(28201, 2, 1, 10, [0.35, 0.19, 0.12, 0.08, 0.05, 0.04, 0.03, 0.02, 0.01, 8.59E-3])
(28211, 2, 1, 10, [0.18, 0.06, 0.03, 0.02, 8.84E-3, 5.21E-3, 3.16E-3, 1.95E-3, 1.23E-3, 7.81E-4])
(28219, 2, 1, 10, [0.18, 0.06, 0.03, 0.02, 8.84E-3, 5.21E-3, 3.16E-3, 1.95E-3, 1.23E-3, 7.81E-4])
(28229, 2, 1, 10, [0.18, 0.06, 0.03, 0.02, 8.84E-3, 5.21E-3, 3.16E-3, 1.95E-3, 1.23E-3, 7.81E-4])
(28277, 2, 1, 10, [0.18, 0.06, 0.03, 0.02, 8.84E-3, 5.21E-3, 3.16E-3, 1.95E-3, 1.23E-3, 7.81E-4])
(28279, 2, 1, 10, [0.18, 0.06, 0.03, 0.02, 8.84E-3, 5.21E-3, 3.16E-3, 1.95E-3, 1.23E-3, 7.81E-4])
(28283, 2, 1, 10, [0.18, 0.06, 0.03, 0.02, 8.84E-3, 5.21E-3, 3.16E-3, 1.95E-3, 1.23E-3, 7.81E-4])
(28289, 2, 1, 10, [9.37E-14, 0.06, 7.81E-14, 0.02, 9.84E-14, 5.21E-3, 1.42E-13, 1.95E-3, 2.22E-13, 7.81E-4])
(28297, 2, 1, 10, [2.81E-13, 0.06, 2.34E-13, 0.02, 2.95E-13, 5.21E-3, 4.26E-13, 1.95E-3, 6.65E-13, 7.81E-4])
(28307, 2, 1, 10, [0.18, 0.06, 0.03, 0.02, 8.84E-3, 5.21E-3, 3.16E-3, 1.95E-3, 1.23E-3, 7.81E-4])
(28309, 2, 1, 10, [0.18, 0.06, 0.03, 0.02, 8.84E-3, 5.21E-3, 3.16E-3, 1.95E-3, 1.23E-3, 7.81E-4])
(28319, 2, 1, 10, [0.18, 0.06, 0.03, 0.02, 8.84E-3, 5.21E-3, 3.16E-3, 1.95E-3, 1.23E-3, 7.81E-4])
(28349, 2, 1, 10, [0.18, 0.06, 0.03, 0.02, 8.84E-3, 5.21E-3, 3.16E-3, 1.95E-3, 1.23E-3, 7.81E-4])
(28351, 2, 1, 10, [0.18, 0.06, 0.03, 0.02, 8.84E-3, 5.21E-3, 3.16E-3, 1.95E-3, 1.23E-3, 7.81E-4])
(28387, 2, 1, 10, [0.18, 0.06, 0.03, 0.02, 8.84E-3, 5.21E-3, 3.16E-3, 1.95E-3, 1.23E-3, 7.81E-4])
(28393, 2, 1, 10, [2.78E-13, 0.06, 2.32E-13, 0.02, 2.92E-13, 5.21E-3, 4.22E-13, 1.95E-3, 6.58E-13, 7.81E-4])
(28403, 2, 1, 10, [0.18, 0.06, 0.03, 0.02, 8.84E-3, 5.21E-3, 3.16E-3, 1.95E-3, 1.23E-3, 7.81E-4])
(28409, 2, 1, 10, [9.25E-14, 0.06, 7.71E-14, 0.02, 9.72E-14, 5.21E-3, 1.40E-13, 1.95E-3, 2.19E-13, 7.81E-4])
(28411, 2, 1, 10, [0.18, 0.06, 0.03, 0.02, 8.84E-3, 5.21E-3, 3.16E-3, 1.95E-3, 1.23E-3, 7.81E-4])
(28429, 2, 1, 10, [0.18, 0.06, 0.03, 0.02, 8.84E-3, 5.21E-3, 3.16E-3, 1.95E-3, 1.23E-3, 7.81E-4])
(28433, 2, 1, 10, [9.23E-14, 0.06, 7.69E-14, 0.02, 9.69E-14, 5.21E-3, 1.40E-13, 1.95E-3, 2.19E-13, 7.81E-4])
(28439, 2, 1, 10, [0.18, 0.06, 0.03, 0.02, 8.84E-3, 5.21E-3, 3.16E-3, 1.95E-3, 1.23E-3, 7.81E-4])
(28447, 2, 1, 10, [0.18, 0.06, 0.03, 0.02, 8.84E-3, 5.21E-3, 3.16E-3, 1.95E-3, 1.23E-3, 7.81E-4])
(28463, 2, 1, 10, [0.18, 0.06, 0.03, 0.02, 8.84E-3, 5.21E-3, 3.16E-3, 1.95E-3, 1.23E-3, 7.81E-4])
(28477, 2, 1, 10, [0.18, 0.06, 0.03, 0.02, 8.84E-3, 5.21E-3, 3.16E-3, 1.95E-3, 1.23E-3, 7.81E-4])
(28493, 2, 1, 10, [0.18, 0.06, 0.03, 0.02, 8.84E-3, 5.21E-3, 3.16E-3, 1.95E-3, 1.23E-3, 7.81E-4])
(28499, 2, 1, 10, [0.18, 0.06, 0.03, 0.02, 8.84E-3, 5.21E-3, 3.16E-3, 1.95E-3, 1.23E-3, 7.81E-4])
(28513, 2, 1, 10, [2.75E-13, 0.06, 2.29E-13, 0.02, 2.88E-13, 5.21E-3, 4.17E-13, 1.95E-3, 6.50E-13, 7.81E-4])
(28517, 2, 1, 10, [0.18, 0.06, 0.03, 0.02, 8.84E-3, 5.21E-3, 3.16E-3, 1.95E-3, 1.23E-3, 7.81E-4])
(28537, 2, 1, 10, [2.74E-13, 0.06, 2.28E-13, 0.02, 2.88E-13, 5.21E-3, 4.16E-13, 1.95E-3, 6.48E-13, 7.81E-4])
(28541, 2, 1, 10, [0.18, 0.06, 0.03, 0.02, 8.84E-3, 5.21E-3, 3.16E-3, 1.95E-3, 1.23E-3, 7.81E-4])
(28547, 2, 1, 10, [0.18, 0.06, 0.03, 0.02, 8.84E-3, 5.21E-3, 3.16E-3, 1.95E-3, 1.23E-3, 7.81E-4])
(28549, 2, 1, 10, [0.18, 0.06, 0.03, 0.02, 8.84E-3, 5.21E-3, 3.16E-3, 1.95E-3, 1.23E-3, 7.81E-4])
(28559, 2, 1, 10, [0.18, 0.06, 0.03, 0.02, 8.84E-3, 5.21E-3, 3.16E-3, 1.95E-3, 1.23E-3, 7.81E-4])
(28571, 2, 1, 10, [0.18, 0.06, 0.03, 0.02, 8.84E-3, 5.21E-3, 3.16E-3, 1.95E-3, 1.23E-3, 7.81E-4])
(28573, 2, 1, 10, [0.18, 0.06, 0.03, 0.02, 8.84E-3, 5.21E-3, 3.16E-3, 1.95E-3, 1.23E-3, 7.81E-4])
(28579, 2, 1, 10, [0.18, 0.06, 0.03, 0.02, 8.84E-3, 5.21E-3, 3.16E-3, 1.95E-3, 1.23E-3, 7.81E-4])
(28591, 2, 1, 10, [0.18, 0.06, 0.03, 0.02, 8.84E-3, 5.21E-3, 3.16E-3, 1.95E-3, 1.23E-3, 7.81E-4])
(28597, 2, 1, 10, [0.18, 0.06, 0.03, 0.02, 8.84E-3, 5.21E-3, 3.16E-3, 1.95E-3, 1.23E-3, 7.81E-4])
(28603, 2, 1, 10, [0.18, 0.06, 0.03, 0.02, 8.84E-3, 5.21E-3, 3.16E-3, 1.95E-3, 1.23E-3, 7.81E-4])
(28607, 2, 1, 10, [0.18, 0.06, 0.03, 0.02, 8.84E-3, 5.21E-3, 3.16E-3, 1.95E-3, 1.23E-3, 7.81E-4])
(28619, 2, 1, 10, [0.18, 0.06, 0.03, 0.02, 8.84E-3, 5.21E-3, 3.16E-3, 1.95E-3, 1.23E-3, 7.81E-4])
(28621, 2, 1, 10, [0.18, 0.06, 0.03, 0.02, 8.84E-3, 5.21E-3, 3.16E-3, 1.95E-3, 1.23E-3, 7.81E-4])
(28627, 2, 1, 10, [0.18, 0.06, 0.03, 0.02, 8.84E-3, 5.21E-3, 3.16E-3, 1.95E-3, 1.23E-3, 7.81E-4])
(28631, 2, 1, 10, [0.18, 0.06, 0.03, 0.02, 8.84E-3, 5.21E-3, 3.16E-3, 1.95E-3, 1.23E-3, 7.81E-4])
(28643, 2, 1, 10, [0.18, 0.06, 0.03, 0.02, 8.84E-3, 5.21E-3, 3.16E-3, 1.95E-3, 1.23E-3, 7.81E-4])
(28649, 2, 1, 10, [9.02E-14, 0.06, 7.52E-14, 0.02, 9.47E-14, 5.21E-3, 1.37E-13, 1.95E-3, 2.14E-13, 7.81E-4])
(28657, 2, 1, 10, [2.70E-13, 0.06, 2.25E-13, 0.02, 2.84E-13, 5.21E-3, 4.10E-13, 1.95E-3, 6.40E-13, 7.81E-4])
(28661, 2, 1, 10, [0.18, 0.06, 0.03, 0.02, 8.84E-3, 5.21E-3, 3.16E-3, 1.95E-3, 1.23E-3, 7.81E-4])
(28663, 2, 1, 10, [0.18, 0.06, 0.03, 0.02, 8.84E-3, 5.21E-3, 3.16E-3, 1.95E-3, 1.23E-3, 7.81E-4])
(28669, 2, 1, 10, [0.18, 0.06, 0.03, 0.02, 8.84E-3, 5.21E-3, 3.16E-3, 1.95E-3, 1.23E-3, 7.81E-4])
(28687, 2, 1, 10, [0.18, 0.06, 0.03, 0.02, 8.84E-3, 5.21E-3, 3.16E-3, 1.95E-3, 1.23E-3, 7.81E-4])
(28697, 2, 1, 10, [8.98E-14, 0.06, 7.48E-14, 0.02, 9.43E-14, 5.21E-3, 1.36E-13, 1.95E-3, 2.13E-13, 7.81E-4])
(28703, 2, 1, 10, [0.18, 0.06, 0.03, 0.02, 8.84E-3, 5.21E-3, 3.16E-3, 1.95E-3, 1.23E-3, 7.81E-4])
(28711, 2, 1, 10, [0.18, 0.06, 0.03, 0.02, 8.84E-3, 5.21E-3, 3.16E-3, 1.95E-3, 1.23E-3, 7.81E-4])
(28723, 2, 1, 10, [0.18, 0.06, 0.03, 0.02, 8.84E-3, 5.21E-3, 3.16E-3, 1.95E-3, 1.23E-3, 7.81E-4])
(28729, 2, 1, 10, [2.68E-13, 0.06, 2.24E-13, 0.02, 2.82E-13, 5.21E-3, 4.07E-13, 1.95E-3, 6.36E-13, 7.81E-4])
(28751, 2, 1, 10, [0.18, 0.06, 0.03, 0.02, 8.84E-3, 5.21E-3, 3.16E-3, 1.95E-3, 1.23E-3, 7.81E-4])
(28753, 2, 1, 10, [2.68E-13, 0.06, 2.23E-13, 0.02, 2.81E-13, 5.21E-3, 4.06E-13, 1.95E-3, 6.34E-13, 7.81E-4])
(28759, 2, 1, 10, [0.18, 0.06, 0.03, 0.02, 8.84E-3, 5.21E-3, 3.16E-3, 1.95E-3, 1.23E-3, 7.81E-4])
(28771, 2, 1, 10, [0.18, 0.06, 0.03, 0.02, 8.84E-3, 5.21E-3, 3.16E-3, 1.95E-3, 1.23E-3, 7.81E-4])
(28789, 2, 1, 10, [0.18, 0.06, 0.03, 0.02, 8.84E-3, 5.21E-3, 3.16E-3, 1.95E-3, 1.23E-3, 7.81E-4])
(28793, 2, 1, 10, [8.89E-14, 0.06, 7.41E-14, 0.02, 9.33E-14, 5.21E-3, 1.35E-13, 1.95E-3, 2.10E-13, 7.81E-4])
(28807, 2, 1, 10, [0.18, 0.06, 0.03, 0.02, 8.84E-3, 5.21E-3, 3.16E-3, 1.95E-3, 1.23E-3, 7.81E-4])
(28813, 2, 1, 10, [0.18, 0.06, 0.03, 0.02, 8.84E-3, 5.21E-3, 3.16E-3, 1.95E-3, 1.23E-3, 7.81E-4])
(28817, 2, 1, 10, [8.86E-14, 0.06, 7.39E-14, 0.02, 9.31E-14, 5.21E-3, 1.35E-13, 1.95E-3, 2.10E-13, 7.81E-4])
(28837, 2, 1, 10, [0.18, 0.06, 0.03, 0.02, 8.84E-3, 5.21E-3, 3.16E-3, 1.95E-3, 1.23E-3, 7.81E-4])
(28843, 2, 1, 10, [0.18, 0.06, 0.03, 0.02, 8.84E-3, 5.21E-3, 3.16E-3, 1.95E-3, 1.23E-3, 7.81E-4])
(28859, 2, 1, 10, [0.18, 0.06, 0.03, 0.02, 8.84E-3, 5.21E-3, 3.16E-3, 1.95E-3, 1.23E-3, 7.81E-4])
(28867, 2, 1, 10, [0.18, 0.06, 0.03, 0.02, 8.84E-3, 5.21E-3, 3.16E-3, 1.95E-3, 1.23E-3, 7.81E-4])
(28871, 2, 1, 10, [0.18, 0.06, 0.03, 0.02, 8.84E-3, 5.21E-3, 3.16E-3, 1.95E-3, 1.23E-3, 7.81E-4])
(28879, 2, 1, 10, [0.18, 0.06, 0.03, 0.02, 8.84E-3, 5.21E-3, 3.16E-3, 1.95E-3, 1.23E-3, 7.81E-4])
(28901, 2, 1, 10, [0.18, 0.06, 0.03, 0.02, 8.84E-3, 5.21E-3, 3.16E-3, 1.95E-3, 1.23E-3, 7.81E-4])
(28909, 2, 1, 10, [0.18, 0.06, 0.03, 0.02, 8.84E-3, 5.21E-3, 3.16E-3, 1.95E-3, 1.23E-3, 7.81E-4])
(28921, 2, 1, 10, [2.63E-13, 0.06, 2.19E-13, 0.02, 2.76E-13, 5.21E-3, 3.99E-13, 1.95E-3, 6.23E-13, 7.81E-4])
(28927, 2, 1, 10, [0.18, 0.06, 0.03, 0.02, 8.84E-3, 5.21E-3, 3.16E-3, 1.95E-3, 1.23E-3, 7.81E-4])
(28933, 2, 1, 10, [0.18, 0.06, 0.03, 0.02, 8.84E-3, 5.21E-3, 3.16E-3, 1.95E-3, 1.23E-3, 7.81E-4])
(28949, 2, 1, 10, [0.18, 0.06, 0.03, 0.02, 8.84E-3, 5.21E-3, 3.16E-3, 1.95E-3, 1.23E-3, 7.81E-4])
(28961, 2, 1, 10, [8.73E-14, 0.06, 7.28E-14, 0.02, 9.17E-14, 5.21E-3, 1.33E-13, 1.95E-3, 2.07E-13, 7.81E-4])
(28979, 2, 1, 10, [0.18, 0.06, 0.03, 0.02, 8.84E-3, 5.21E-3, 3.16E-3, 1.95E-3, 1.23E-3, 7.81E-4])
(29009, 2, 1, 10, [8.69E-14, 0.06, 7.24E-14, 0.02, 9.12E-14, 5.21E-3, 1.32E-13, 1.95E-3, 2.06E-13, 7.81E-4])
(29017, 2, 1, 10, [2.60E-13, 0.06, 2.17E-13, 0.02, 2.74E-13, 5.21E-3, 3.95E-13, 1.95E-3, 6.17E-13, 7.81E-4])
(29021, 2, 1, 10, [0.18, 0.06, 0.03, 0.02, 8.84E-3, 5.21E-3, 3.16E-3, 1.95E-3, 1.23E-3, 7.81E-4])
(29023, 2, 1, 10, [0.18, 0.06, 0.03, 0.02, 8.84E-3, 5.21E-3, 3.16E-3, 1.95E-3, 1.23E-3, 7.81E-4])
(29027, 2, 1, 10, [0.18, 0.06, 0.03, 0.02, 8.84E-3, 5.21E-3, 3.16E-3, 1.95E-3, 1.23E-3, 7.81E-4])
(29033, 2, 1, 10, [8.67E-14, 0.06, 7.22E-14, 0.02, 9.10E-14, 5.21E-3, 1.32E-13, 1.95E-3, 2.05E-13, 7.81E-4])
(29059, 2, 1, 10, [0.18, 0.06, 0.03, 0.02, 8.84E-3, 5.21E-3, 3.16E-3, 1.95E-3, 1.23E-3, 7.81E-4])
(29063, 2, 1, 10, [0.18, 0.06, 0.03, 0.02, 8.84E-3, 5.21E-3, 3.16E-3, 1.95E-3, 1.23E-3, 7.81E-4])
(29077, 2, 1, 10, [0.18, 0.06, 0.03, 0.02, 8.84E-3, 5.21E-3, 3.16E-3, 1.95E-3, 1.23E-3, 7.81E-4])
(29101, 2, 1, 10, [0.18, 0.06, 0.03, 0.02, 8.84E-3, 5.21E-3, 3.16E-3, 1.95E-3, 1.23E-3, 7.81E-4])
(29123, 2, 1, 10, [0.18, 0.06, 0.03, 0.02, 8.84E-3, 5.21E-3, 3.16E-3, 1.95E-3, 1.23E-3, 7.81E-4])
(29129, 2, 1, 10, [8.58E-14, 0.06, 7.15E-14, 0.02, 9.01E-14, 5.21E-3, 1.30E-13, 1.95E-3, 2.03E-13, 7.81E-4])
(29131, 2, 1, 10, [0.18, 0.06, 0.03, 0.02, 8.84E-3, 5.21E-3, 3.16E-3, 1.95E-3, 1.23E-3, 7.81E-4])
(29137, 2, 1, 10, [2.57E-13, 0.06, 2.14E-13, 0.02, 2.70E-13, 5.21E-3, 3.91E-13, 1.95E-3, 6.09E-13, 7.81E-4])
(29147, 2, 1, 10, [0.18, 0.06, 0.03, 0.02, 8.84E-3, 5.21E-3, 3.16E-3, 1.95E-3, 1.23E-3, 7.81E-4])
(29153, 2, 1, 10, [8.56E-14, 0.06, 7.13E-14, 0.02, 8.99E-14, 5.21E-3, 1.30E-13, 1.95E-3, 2.03E-13, 7.81E-4])
(29167, 2, 1, 10, [0.18, 0.06, 0.03, 0.02, 8.84E-3, 5.21E-3, 3.16E-3, 1.95E-3, 1.23E-3, 7.81E-4])
(29173, 2, 1, 10, [0.18, 0.06, 0.03, 0.02, 8.84E-3, 5.21E-3, 3.16E-3, 1.95E-3, 1.23E-3, 7.81E-4])
(29179, 2, 1, 10, [0.18, 0.06, 0.03, 0.02, 8.84E-3, 5.21E-3, 3.16E-3, 1.95E-3, 1.23E-3, 7.81E-4])
(29191, 2, 1, 10, [0.18, 0.06, 0.03, 0.02, 8.84E-3, 5.21E-3, 3.16E-3, 1.95E-3, 1.23E-3, 7.81E-4])
(29201, 2, 1, 10, [8.52E-14, 0.06, 7.10E-14, 0.02, 8.95E-14, 5.21E-3, 1.29E-13, 1.95E-3, 2.02E-13, 7.81E-4])
(29207, 2, 1, 10, [0.18, 0.06, 0.03, 0.02, 8.84E-3, 5.21E-3, 3.16E-3, 1.95E-3, 1.23E-3, 7.81E-4])
(29209, 2, 1, 10, [0.35, 0.19, 0.12, 0.08, 0.05, 0.04, 0.03, 0.02, 0.01, 8.59E-3])
(29221, 2, 1, 10, [0.18, 0.06, 0.03, 0.02, 8.84E-3, 5.21E-3, 3.16E-3, 1.95E-3, 1.23E-3, 7.81E-4])
(29231, 2, 1, 10, [0.18, 0.06, 0.03, 0.02, 8.84E-3, 5.21E-3, 3.16E-3, 1.95E-3, 1.23E-3, 7.81E-4])
(29243, 2, 1, 10, [0.18, 0.06, 0.03, 0.02, 8.84E-3, 5.21E-3, 3.16E-3, 1.95E-3, 1.23E-3, 7.81E-4])
(29251, 2, 1, 10, [0.18, 0.06, 0.03, 0.02, 8.84E-3, 5.21E-3, 3.16E-3, 1.95E-3, 1.23E-3, 7.81E-4])
(29269, 2, 1, 10, [0.18, 0.06, 0.03, 0.02, 8.84E-3, 5.21E-3, 3.16E-3, 1.95E-3, 1.23E-3, 7.81E-4])
(29287, 2, 1, 10, [0.18, 0.06, 0.03, 0.02, 8.84E-3, 5.21E-3, 3.16E-3, 1.95E-3, 1.23E-3, 7.81E-4])
(29297, 2, 1, 10, [8.44E-14, 0.06, 7.03E-14, 0.02, 8.86E-14, 5.21E-3, 1.28E-13, 1.95E-3, 2.00E-13, 7.81E-4])
(29303, 2, 1, 10, [0.18, 0.06, 0.03, 0.02, 8.84E-3, 5.21E-3, 3.16E-3, 1.95E-3, 1.23E-3, 7.81E-4])
(29311, 2, 1, 10, [0.18, 0.06, 0.03, 0.02, 8.84E-3, 5.21E-3, 3.16E-3, 1.95E-3, 1.23E-3, 7.81E-4])
(29327, 2, 1, 10, [0.18, 0.06, 0.03, 0.02, 8.84E-3, 5.21E-3, 3.16E-3, 1.95E-3, 1.23E-3, 7.81E-4])
(29333, 2, 1, 10, [0.18, 0.06, 0.03, 0.02, 8.84E-3, 5.21E-3, 3.16E-3, 1.95E-3, 1.23E-3, 7.81E-4])
(29339, 2, 1, 10, [0.18, 0.06, 0.03, 0.02, 8.84E-3, 5.21E-3, 3.16E-3, 1.95E-3, 1.23E-3, 7.81E-4])
(29347, 2, 1, 10, [0.18, 0.06, 0.03, 0.02, 8.84E-3, 5.21E-3, 3.16E-3, 1.95E-3, 1.23E-3, 7.81E-4])
(29363, 2, 1, 10, [0.18, 0.06, 0.03, 0.02, 8.84E-3, 5.21E-3, 3.16E-3, 1.95E-3, 1.23E-3, 7.81E-4])
(29383, 2, 1, 10, [0.18, 0.06, 0.03, 0.02, 8.84E-3, 5.21E-3, 3.16E-3, 1.95E-3, 1.23E-3, 7.81E-4])
(29387, 2, 1, 10, [0.18, 0.06, 0.03, 0.02, 8.84E-3, 5.21E-3, 3.16E-3, 1.95E-3, 1.23E-3, 7.81E-4])
(29389, 2, 1, 10, [0.18, 0.06, 0.03, 0.02, 8.84E-3, 5.21E-3, 3.16E-3, 1.95E-3, 1.23E-3, 7.81E-4])
(29399, 2, 1, 10, [0.18, 0.06, 0.03, 0.02, 8.84E-3, 5.21E-3, 3.16E-3, 1.95E-3, 1.23E-3, 7.81E-4])
(29401, 2, 1, 10, [2.50E-13, 0.06, 2.09E-13, 0.02, 2.63E-13, 5.21E-3, 3.80E-13, 1.95E-3, 5.93E-13, 7.81E-4])
(29411, 2, 1, 10, [0.18, 0.06, 0.03, 0.02, 8.84E-3, 5.21E-3, 3.16E-3, 1.95E-3, 1.23E-3, 7.81E-4])
(29423, 2, 1, 10, [0.18, 0.06, 0.03, 0.02, 8.84E-3, 5.21E-3, 3.16E-3, 1.95E-3, 1.23E-3, 7.81E-4])
(29429, 2, 1, 10, [0.18, 0.06, 0.03, 0.02, 8.84E-3, 5.21E-3, 3.16E-3, 1.95E-3, 1.23E-3, 7.81E-4])
(29437, 2, 1, 10, [0.18, 0.06, 0.03, 0.02, 8.84E-3, 5.21E-3, 3.16E-3, 1.95E-3, 1.23E-3, 7.81E-4])
(29443, 2, 1, 10, [0.18, 0.06, 0.03, 0.02, 8.84E-3, 5.21E-3, 3.16E-3, 1.95E-3, 1.23E-3, 7.81E-4])
(29453, 2, 1, 10, [0.18, 0.06, 0.03, 0.02, 8.84E-3, 5.21E-3, 3.16E-3, 1.95E-3, 1.23E-3, 7.81E-4])
(29473, 2, 1, 10, [2.49E-13, 0.06, 2.07E-13, 0.02, 2.61E-13, 5.21E-3, 3.77E-13, 1.95E-3, 5.89E-13, 7.81E-4])
(29483, 2, 1, 10, [0.18, 0.06, 0.03, 0.02, 8.84E-3, 5.21E-3, 3.16E-3, 1.95E-3, 1.23E-3, 7.81E-4])
(29501, 2, 1, 10, [0.18, 0.06, 0.03, 0.02, 8.84E-3, 5.21E-3, 3.16E-3, 1.95E-3, 1.23E-3, 7.81E-4])
(29527, 2, 1, 10, [0.18, 0.06, 0.03, 0.02, 8.84E-3, 5.21E-3, 3.16E-3, 1.95E-3, 1.23E-3, 7.81E-4])
(29531, 2, 1, 10, [0.18, 0.06, 0.03, 0.02, 8.84E-3, 5.21E-3, 3.16E-3, 1.95E-3, 1.23E-3, 7.81E-4])
(29537, 2, 1, 10, [8.23E-14, 0.06, 6.86E-14, 0.02, 8.64E-14, 5.21E-3, 1.25E-13, 1.95E-3, 1.95E-13, 7.81E-4])
(29567, 2, 1, 10, [0.18, 0.06, 0.03, 0.02, 8.84E-3, 5.21E-3, 3.16E-3, 1.95E-3, 1.23E-3, 7.81E-4])
(29569, 2, 1, 10, [2.46E-13, 0.06, 2.05E-13, 0.02, 2.58E-13, 5.21E-3, 3.74E-13, 1.95E-3, 5.83E-13, 7.81E-4])
(29573, 2, 1, 10, [0.18, 0.06, 0.03, 0.02, 8.84E-3, 5.21E-3, 3.16E-3, 1.95E-3, 1.23E-3, 7.81E-4])
(29581, 2, 1, 10, [0.18, 0.06, 0.03, 0.02, 8.84E-3, 5.21E-3, 3.16E-3, 1.95E-3, 1.23E-3, 7.81E-4])
(29587, 2, 1, 10, [0.18, 0.06, 0.03, 0.02, 8.84E-3, 5.21E-3, 3.16E-3, 1.95E-3, 1.23E-3, 7.81E-4])
(29599, 2, 1, 10, [0.18, 0.06, 0.03, 0.02, 8.84E-3, 5.21E-3, 3.16E-3, 1.95E-3, 1.23E-3, 7.81E-4])
(29611, 2, 1, 10, [0.18, 0.06, 0.03, 0.02, 8.84E-3, 5.21E-3, 3.16E-3, 1.95E-3, 1.23E-3, 7.81E-4])
(29629, 2, 1, 10, [0.18, 0.06, 0.03, 0.02, 8.84E-3, 5.21E-3, 3.16E-3, 1.95E-3, 1.23E-3, 7.81E-4])
(29633, 2, 1, 10, [8.15E-14, 0.06, 6.79E-14, 0.02, 8.56E-14, 5.21E-3, 1.24E-13, 1.95E-3, 1.93E-13, 7.81E-4])
(29641, 2, 1, 10, [0.35, 0.19, 0.12, 0.08, 0.05, 0.04, 0.03, 0.02, 0.01, 8.59E-3])
(29663, 2, 1, 10, [0.18, 0.06, 0.03, 0.02, 8.84E-3, 5.21E-3, 3.16E-3, 1.95E-3, 1.23E-3, 7.81E-4])
(29669, 2, 1, 10, [0.18, 0.06, 0.03, 0.02, 8.84E-3, 5.21E-3, 3.16E-3, 1.95E-3, 1.23E-3, 7.81E-4])
(29671, 2, 1, 10, [0.18, 0.06, 0.03, 0.02, 8.84E-3, 5.21E-3, 3.16E-3, 1.95E-3, 1.23E-3, 7.81E-4])
(29683, 2, 1, 10, [0.18, 0.06, 0.03, 0.02, 8.84E-3, 5.21E-3, 3.16E-3, 1.95E-3, 1.23E-3, 7.81E-4])
(29717, 2, 1, 10, [0.18, 0.06, 0.03, 0.02, 8.84E-3, 5.21E-3, 3.16E-3, 1.95E-3, 1.23E-3, 7.81E-4])
(29723, 2, 1, 10, [0.18, 0.06, 0.03, 0.02, 8.84E-3, 5.21E-3, 3.16E-3, 1.95E-3, 1.23E-3, 7.81E-4])
(29741, 2, 1, 10, [0.18, 0.06, 0.03, 0.02, 8.84E-3, 5.21E-3, 3.16E-3, 1.95E-3, 1.23E-3, 7.81E-4])
(29753, 2, 1, 10, [8.05E-14, 0.06, 6.71E-14, 0.02, 8.46E-14, 5.21E-3, 1.22E-13, 1.95E-3, 1.91E-13, 7.81E-4])
(29759, 2, 1, 10, [0.18, 0.06, 0.03, 0.02, 8.84E-3, 5.21E-3, 3.16E-3, 1.95E-3, 1.23E-3, 7.81E-4])
(29761, 2, 1, 10, [2.41E-13, 0.06, 2.01E-13, 0.02, 2.54E-13, 5.21E-3, 3.66E-13, 1.95E-3, 5.72E-13, 7.81E-4])
(29789, 2, 1, 10, [0.18, 0.06, 0.03, 0.02, 8.84E-3, 5.21E-3, 3.16E-3, 1.95E-3, 1.23E-3, 7.81E-4])
(29803, 2, 1, 10, [0.18, 0.06, 0.03, 0.02, 8.84E-3, 5.21E-3, 3.16E-3, 1.95E-3, 1.23E-3, 7.81E-4])
(29819, 2, 1, 10, [0.18, 0.06, 0.03, 0.02, 8.84E-3, 5.21E-3, 3.16E-3, 1.95E-3, 1.23E-3, 7.81E-4])
(29833, 2, 1, 10, [2.40E-13, 0.06, 2.00E-13, 0.02, 2.52E-13, 5.21E-3, 3.64E-13, 1.95E-3, 5.68E-13, 7.81E-4])
(29837, 2, 1, 10, [0.18, 0.06, 0.03, 0.02, 8.84E-3, 5.21E-3, 3.16E-3, 1.95E-3, 1.23E-3, 7.81E-4])
(29851, 2, 1, 10, [0.18, 0.06, 0.03, 0.02, 8.84E-3, 5.21E-3, 3.16E-3, 1.95E-3, 1.23E-3, 7.81E-4])
(29863, 2, 1, 10, [0.18, 0.06, 0.03, 0.02, 8.84E-3, 5.21E-3, 3.16E-3, 1.95E-3, 1.23E-3, 7.81E-4])
(29867, 2, 1, 10, [0.18, 0.06, 0.03, 0.02, 8.84E-3, 5.21E-3, 3.16E-3, 1.95E-3, 1.23E-3, 7.81E-4])
(29873, 2, 1, 10, [7.96E-14, 0.06, 6.63E-14, 0.02, 8.36E-14, 5.21E-3, 1.21E-13, 1.95E-3, 1.88E-13, 7.81E-4])
(29879, 2, 1, 10, [0.18, 0.06, 0.03, 0.02, 8.84E-3, 5.21E-3, 3.16E-3, 1.95E-3, 1.23E-3, 7.81E-4])
(29881, 2, 1, 10, [0.35, 0.19, 0.12, 0.08, 0.05, 0.04, 0.03, 0.02, 0.01, 8.59E-3])
(29917, 2, 1, 10, [0.18, 0.06, 0.03, 0.02, 8.84E-3, 5.21E-3, 3.16E-3, 1.95E-3, 1.23E-3, 7.81E-4])
(29921, 2, 1, 10, [7.92E-14, 0.06, 6.60E-14, 0.02, 8.32E-14, 5.21E-3, 1.20E-13, 1.95E-3, 1.88E-13, 7.81E-4])
(29927, 2, 1, 10, [0.18, 0.06, 0.03, 0.02, 8.84E-3, 5.21E-3, 3.16E-3, 1.95E-3, 1.23E-3, 7.81E-4])
(29947, 2, 1, 10, [0.18, 0.06, 0.03, 0.02, 8.84E-3, 5.21E-3, 3.16E-3, 1.95E-3, 1.23E-3, 7.81E-4])
(29959, 2, 1, 10, [0.18, 0.06, 0.03, 0.02, 8.84E-3, 5.21E-3, 3.16E-3, 1.95E-3, 1.23E-3, 7.81E-4])
(29983, 2, 1, 10, [0.18, 0.06, 0.03, 0.02, 8.84E-3, 5.21E-3, 3.16E-3, 1.95E-3, 1.23E-3, 7.81E-4])
(29989, 2, 1, 10, [0.18, 0.06, 0.03, 0.02, 8.84E-3, 5.21E-3, 3.16E-3, 1.95E-3, 1.23E-3, 7.81E-4])
(30011, 2, 1, 10, [0.18, 0.06, 0.03, 0.02, 8.84E-3, 5.21E-3, 3.16E-3, 1.95E-3, 1.23E-3, 7.81E-4])
(30013, 2, 1, 10, [0.18, 0.06, 0.03, 0.02, 8.84E-3, 5.21E-3, 3.16E-3, 1.95E-3, 1.23E-3, 7.81E-4])
(30029, 2, 1, 10, [0.18, 0.06, 0.03, 0.02, 8.84E-3, 5.21E-3, 3.16E-3, 1.95E-3, 1.23E-3, 7.81E-4])
(30047, 2, 1, 10, [0.18, 0.06, 0.03, 0.02, 8.84E-3, 5.21E-3, 3.16E-3, 1.95E-3, 1.23E-3, 7.81E-4])
(30059, 2, 1, 10, [0.18, 0.06, 0.03, 0.02, 8.84E-3, 5.21E-3, 3.16E-3, 1.95E-3, 1.23E-3, 7.81E-4])
(30071, 2, 1, 10, [0.18, 0.06, 0.03, 0.02, 8.84E-3, 5.21E-3, 3.16E-3, 1.95E-3, 1.23E-3, 7.81E-4])
(30089, 2, 1, 10, [7.79E-14, 0.06, 6.49E-14, 0.02, 8.18E-14, 5.21E-3, 1.18E-13, 1.95E-3, 1.84E-13, 7.81E-4])
(30091, 2, 1, 10, [0.18, 0.06, 0.03, 0.02, 8.84E-3, 5.21E-3, 3.16E-3, 1.95E-3, 1.23E-3, 7.81E-4])
(30097, 2, 1, 10, [2.33E-13, 0.06, 1.95E-13, 0.02, 2.45E-13, 5.21E-3, 3.54E-13, 1.95E-3, 5.53E-13, 7.81E-4])
(30103, 2, 1, 10, [0.18, 0.06, 0.03, 0.02, 8.84E-3, 5.21E-3, 3.16E-3, 1.95E-3, 1.23E-3, 7.81E-4])
(30109, 2, 1, 10, [0.18, 0.06, 0.03, 0.02, 8.84E-3, 5.21E-3, 3.16E-3, 1.95E-3, 1.23E-3, 7.81E-4])
(30113, 2, 1, 10, [7.77E-14, 0.06, 6.47E-14, 0.02, 8.16E-14, 5.21E-3, 1.18E-13, 1.95E-3, 1.84E-13, 7.81E-4])
(30119, 2, 1, 10, [0.18, 0.06, 0.03, 0.02, 8.84E-3, 5.21E-3, 3.16E-3, 1.95E-3, 1.23E-3, 7.81E-4])
(30133, 2, 1, 10, [0.18, 0.06, 0.03, 0.02, 8.84E-3, 5.21E-3, 3.16E-3, 1.95E-3, 1.23E-3, 7.81E-4])
(30137, 2, 1, 10, [7.75E-14, 0.06, 6.46E-14, 0.02, 8.14E-14, 5.21E-3, 1.18E-13, 1.95E-3, 1.84E-13, 7.81E-4])
(30139, 2, 1, 10, [0.18, 0.06, 0.03, 0.02, 8.84E-3, 5.21E-3, 3.16E-3, 1.95E-3, 1.23E-3, 7.81E-4])
(30161, 2, 1, 10, [7.73E-14, 0.06, 6.44E-14, 0.02, 8.12E-14, 5.21E-3, 1.17E-13, 1.95E-3, 1.83E-13, 7.81E-4])
(30169, 2, 1, 10, [0.35, 0.19, 0.12, 0.08, 0.05, 0.04, 0.03, 0.02, 0.01, 8.59E-3])
(30181, 2, 1, 10, [0.18, 0.06, 0.03, 0.02, 8.84E-3, 5.21E-3, 3.16E-3, 1.95E-3, 1.23E-3, 7.81E-4])
(30187, 2, 1, 10, [0.18, 0.06, 0.03, 0.02, 8.84E-3, 5.21E-3, 3.16E-3, 1.95E-3, 1.23E-3, 7.81E-4])
(30197, 2, 1, 10, [0.18, 0.06, 0.03, 0.02, 8.84E-3, 5.21E-3, 3.16E-3, 1.95E-3, 1.23E-3, 7.81E-4])
(30203, 2, 1, 10, [0.18, 0.06, 0.03, 0.02, 8.84E-3, 5.21E-3, 3.16E-3, 1.95E-3, 1.23E-3, 7.81E-4])
(30211, 2, 1, 10, [0.18, 0.06, 0.03, 0.02, 8.84E-3, 5.21E-3, 3.16E-3, 1.95E-3, 1.23E-3, 7.81E-4])
(30223, 2, 1, 10, [0.18, 0.06, 0.03, 0.02, 8.84E-3, 5.21E-3, 3.16E-3, 1.95E-3, 1.23E-3, 7.81E-4])
(30241, 2, 1, 10, [2.30E-13, 0.06, 1.92E-13, 0.02, 2.42E-13, 5.21E-3, 3.49E-13, 1.95E-3, 5.45E-13, 7.81E-4])
(30253, 2, 1, 10, [0.18, 0.06, 0.03, 0.02, 8.84E-3, 5.21E-3, 3.16E-3, 1.95E-3, 1.23E-3, 7.81E-4])
(30259, 2, 1, 10, [0.18, 0.06, 0.03, 0.02, 8.84E-3, 5.21E-3, 3.16E-3, 1.95E-3, 1.23E-3, 7.81E-4])
(30269, 2, 1, 10, [0.18, 0.06, 0.03, 0.02, 8.84E-3, 5.21E-3, 3.16E-3, 1.95E-3, 1.23E-3, 7.81E-4])
(30271, 2, 1, 10, [0.18, 0.06, 0.03, 0.02, 8.84E-3, 5.21E-3, 3.16E-3, 1.95E-3, 1.23E-3, 7.81E-4])
(30293, 2, 1, 10, [0.18, 0.06, 0.03, 0.02, 8.84E-3, 5.21E-3, 3.16E-3, 1.95E-3, 1.23E-3, 7.81E-4])
(30307, 2, 1, 10, [0.18, 0.06, 0.03, 0.02, 8.84E-3, 5.21E-3, 3.16E-3, 1.95E-3, 1.23E-3, 7.81E-4])
(30313, 2, 1, 10, [2.28E-13, 0.06, 1.90E-13, 0.02, 2.40E-13, 5.21E-3, 3.47E-13, 1.95E-3, 5.41E-13, 7.81E-4])
(30319, 2, 1, 10, [0.18, 0.06, 0.03, 0.02, 8.84E-3, 5.21E-3, 3.16E-3, 1.95E-3, 1.23E-3, 7.81E-4])
(30323, 2, 1, 10, [0.18, 0.06, 0.03, 0.02, 8.84E-3, 5.21E-3, 3.16E-3, 1.95E-3, 1.23E-3, 7.81E-4])
(30341, 2, 1, 10, [0.18, 0.06, 0.03, 0.02, 8.84E-3, 5.21E-3, 3.16E-3, 1.95E-3, 1.23E-3, 7.81E-4])
(30347, 2, 1, 10, [0.18, 0.06, 0.03, 0.02, 8.84E-3, 5.21E-3, 3.16E-3, 1.95E-3, 1.23E-3, 7.81E-4])
(30367, 2, 1, 10, [0.18, 0.06, 0.03, 0.02, 8.84E-3, 5.21E-3, 3.16E-3, 1.95E-3, 1.23E-3, 7.81E-4])
(30389, 2, 1, 10, [0.18, 0.06, 0.03, 0.02, 8.84E-3, 5.21E-3, 3.16E-3, 1.95E-3, 1.23E-3, 7.81E-4])
(30391, 2, 1, 10, [0.18, 0.06, 0.03, 0.02, 8.84E-3, 5.21E-3, 3.16E-3, 1.95E-3, 1.23E-3, 7.81E-4])
(30403, 2, 1, 10, [0.18, 0.06, 0.03, 0.02, 8.84E-3, 5.21E-3, 3.16E-3, 1.95E-3, 1.23E-3, 7.81E-4])
(30427, 2, 1, 10, [0.18, 0.06, 0.03, 0.02, 8.84E-3, 5.21E-3, 3.16E-3, 1.95E-3, 1.23E-3, 7.81E-4])
(30431, 2, 1, 10, [0.18, 0.06, 0.03, 0.02, 8.84E-3, 5.21E-3, 3.16E-3, 1.95E-3, 1.23E-3, 7.81E-4])
(30449, 2, 1, 10, [7.51E-14, 0.06, 6.26E-14, 0.02, 7.89E-14, 5.21E-3, 1.14E-13, 1.95E-3, 1.78E-13, 7.81E-4])
(30467, 2, 1, 10, [0.18, 0.06, 0.03, 0.02, 8.84E-3, 5.21E-3, 3.16E-3, 1.95E-3, 1.23E-3, 7.81E-4])
(30469, 2, 1, 10, [0.18, 0.06, 0.03, 0.02, 8.84E-3, 5.21E-3, 3.16E-3, 1.95E-3, 1.23E-3, 7.81E-4])
(30491, 2, 1, 10, [0.18, 0.06, 0.03, 0.02, 8.84E-3, 5.21E-3, 3.16E-3, 1.95E-3, 1.23E-3, 7.81E-4])
(30493, 2, 1, 10, [0.18, 0.06, 0.03, 0.02, 8.84E-3, 5.21E-3, 3.16E-3, 1.95E-3, 1.23E-3, 7.81E-4])
(30497, 2, 1, 10, [7.48E-14, 0.06, 6.23E-14, 0.02, 7.85E-14, 5.21E-3, 1.14E-13, 1.95E-3, 1.77E-13, 7.81E-4])
(30509, 2, 1, 10, [0.18, 0.06, 0.03, 0.02, 8.84E-3, 5.21E-3, 3.16E-3, 1.95E-3, 1.23E-3, 7.81E-4])
(30517, 2, 1, 10, [0.18, 0.06, 0.03, 0.02, 8.84E-3, 5.21E-3, 3.16E-3, 1.95E-3, 1.23E-3, 7.81E-4])
(30529, 2, 1, 10, [2.24E-13, 0.06, 1.86E-13, 0.02, 2.35E-13, 5.21E-3, 3.39E-13, 1.95E-3, 5.30E-13, 7.81E-4])
(30539, 2, 1, 10, [0.18, 0.06, 0.03, 0.02, 8.84E-3, 5.21E-3, 3.16E-3, 1.95E-3, 1.23E-3, 7.81E-4])
(30553, 2, 1, 10, [2.23E-13, 0.06, 1.86E-13, 0.02, 2.34E-13, 5.21E-3, 3.39E-13, 1.95E-3, 5.28E-13, 7.81E-4])
(30557, 2, 1, 10, [0.18, 0.06, 0.03, 0.02, 8.84E-3, 5.21E-3, 3.16E-3, 1.95E-3, 1.23E-3, 7.81E-4])
(30559, 2, 1, 10, [0.18, 0.06, 0.03, 0.02, 8.84E-3, 5.21E-3, 3.16E-3, 1.95E-3, 1.23E-3, 7.81E-4])
(30577, 2, 1, 10, [2.23E-13, 0.06, 1.86E-13, 0.02, 2.34E-13, 5.21E-3, 3.38E-13, 1.95E-3, 5.27E-13, 7.81E-4])
(30593, 2, 1, 10, [7.41E-14, 0.06, 6.17E-14, 0.02, 7.78E-14, 5.21E-3, 1.12E-13, 1.95E-3, 1.75E-13, 7.81E-4])
(30631, 2, 1, 10, [0.18, 0.06, 0.03, 0.02, 8.84E-3, 5.21E-3, 3.16E-3, 1.95E-3, 1.23E-3, 7.81E-4])
(30637, 2, 1, 10, [0.18, 0.06, 0.03, 0.02, 8.84E-3, 5.21E-3, 3.16E-3, 1.95E-3, 1.23E-3, 7.81E-4])
(30643, 2, 1, 10, [0.18, 0.06, 0.03, 0.02, 8.84E-3, 5.21E-3, 3.16E-3, 1.95E-3, 1.23E-3, 7.81E-4])
(30649, 2, 1, 10, [0.35, 0.19, 0.12, 0.08, 0.05, 0.04, 0.03, 0.02, 0.01, 8.59E-3])
(30661, 2, 1, 10, [0.18, 0.06, 0.03, 0.02, 8.84E-3, 5.21E-3, 3.16E-3, 1.95E-3, 1.23E-3, 7.81E-4])
(30671, 2, 1, 10, [0.18, 0.06, 0.03, 0.02, 8.84E-3, 5.21E-3, 3.16E-3, 1.95E-3, 1.23E-3, 7.81E-4])
(30677, 2, 1, 10, [0.18, 0.06, 0.03, 0.02, 8.84E-3, 5.21E-3, 3.16E-3, 1.95E-3, 1.23E-3, 7.81E-4])
(30689, 2, 1, 10, [7.34E-14, 0.06, 6.12E-14, 0.02, 7.71E-14, 5.21E-3, 1.11E-13, 1.95E-3, 1.74E-13, 7.81E-4])
(30697, 2, 1, 10, [2.20E-13, 0.06, 1.83E-13, 0.02, 2.31E-13, 5.21E-3, 3.34E-13, 1.95E-3, 5.21E-13, 7.81E-4])
(30703, 2, 1, 10, [0.18, 0.06, 0.03, 0.02, 8.84E-3, 5.21E-3, 3.16E-3, 1.95E-3, 1.23E-3, 7.81E-4])
(30707, 2, 1, 10, [0.18, 0.06, 0.03, 0.02, 8.84E-3, 5.21E-3, 3.16E-3, 1.95E-3, 1.23E-3, 7.81E-4])
(30713, 2, 1, 10, [7.32E-14, 0.06, 6.10E-14, 0.02, 7.69E-14, 5.21E-3, 1.11E-13, 1.95E-3, 1.73E-13, 7.81E-4])
(30727, 2, 1, 10, [0.18, 0.06, 0.03, 0.02, 8.84E-3, 5.21E-3, 3.16E-3, 1.95E-3, 1.23E-3, 7.81E-4])
(30757, 2, 1, 10, [0.18, 0.06, 0.03, 0.02, 8.84E-3, 5.21E-3, 3.16E-3, 1.95E-3, 1.23E-3, 7.81E-4])
(30763, 2, 1, 10, [0.18, 0.06, 0.03, 0.02, 8.84E-3, 5.21E-3, 3.16E-3, 1.95E-3, 1.23E-3, 7.81E-4])
(30773, 2, 1, 10, [0.18, 0.06, 0.03, 0.02, 8.84E-3, 5.21E-3, 3.16E-3, 1.95E-3, 1.23E-3, 7.81E-4])
(30781, 2, 1, 10, [0.18, 0.06, 0.03, 0.02, 8.84E-3, 5.21E-3, 3.16E-3, 1.95E-3, 1.23E-3, 7.81E-4])
(30803, 2, 1, 10, [0.18, 0.06, 0.03, 0.02, 8.84E-3, 5.21E-3, 3.16E-3, 1.95E-3, 1.23E-3, 7.81E-4])
(30809, 2, 1, 10, [7.25E-14, 0.06, 6.05E-14, 0.02, 7.62E-14, 5.21E-3, 1.10E-13, 1.95E-3, 1.72E-13, 7.81E-4])
(30817, 2, 1, 10, [2.17E-13, 0.06, 1.81E-13, 0.02, 2.28E-13, 5.21E-3, 3.30E-13, 1.95E-3, 5.15E-13, 7.81E-4])
(30829, 2, 1, 10, [0.18, 0.06, 0.03, 0.02, 8.84E-3, 5.21E-3, 3.16E-3, 1.95E-3, 1.23E-3, 7.81E-4])
(30839, 2, 1, 10, [0.18, 0.06, 0.03, 0.02, 8.84E-3, 5.21E-3, 3.16E-3, 1.95E-3, 1.23E-3, 7.81E-4])
(30841, 2, 1, 10, [0.35, 0.19, 0.12, 0.08, 0.05, 0.04, 0.03, 0.02, 0.01, 8.59E-3])
(30851, 2, 1, 10, [0.18, 0.06, 0.03, 0.02, 8.84E-3, 5.21E-3, 3.16E-3, 1.95E-3, 1.23E-3, 7.81E-4])
(30853, 2, 1, 10, [0.18, 0.06, 0.03, 0.02, 8.84E-3, 5.21E-3, 3.16E-3, 1.95E-3, 1.23E-3, 7.81E-4])
(30859, 2, 1, 10, [0.18, 0.06, 0.03, 0.02, 8.84E-3, 5.21E-3, 3.16E-3, 1.95E-3, 1.23E-3, 7.81E-4])
(30869, 2, 1, 10, [0.18, 0.06, 0.03, 0.02, 8.84E-3, 5.21E-3, 3.16E-3, 1.95E-3, 1.23E-3, 7.81E-4])
(30871, 2, 1, 10, [0.18, 0.06, 0.03, 0.02, 8.84E-3, 5.21E-3, 3.16E-3, 1.95E-3, 1.23E-3, 7.81E-4])
(30881, 2, 1, 10, [7.20E-14, 0.06, 6.00E-14, 0.02, 7.56E-14, 5.21E-3, 1.09E-13, 1.95E-3, 1.71E-13, 7.81E-4])
(30893, 2, 1, 10, [0.18, 0.06, 0.03, 0.02, 8.84E-3, 5.21E-3, 3.16E-3, 1.95E-3, 1.23E-3, 7.81E-4])
(30911, 2, 1, 10, [0.18, 0.06, 0.03, 0.02, 8.84E-3, 5.21E-3, 3.16E-3, 1.95E-3, 1.23E-3, 7.81E-4])
(30931, 2, 1, 10, [0.18, 0.06, 0.03, 0.02, 8.84E-3, 5.21E-3, 3.16E-3, 1.95E-3, 1.23E-3, 7.81E-4])
(30937, 2, 1, 10, [2.15E-13, 0.06, 1.79E-13, 0.02, 2.26E-13, 5.21E-3, 3.26E-13, 1.95E-3, 5.09E-13, 7.81E-4])
(30941, 2, 1, 10, [0.18, 0.06, 0.03, 0.02, 8.84E-3, 5.21E-3, 3.16E-3, 1.95E-3, 1.23E-3, 7.81E-4])
(30949, 2, 1, 10, [0.18, 0.06, 0.03, 0.02, 8.84E-3, 5.21E-3, 3.16E-3, 1.95E-3, 1.23E-3, 7.81E-4])
(30971, 2, 1, 10, [0.18, 0.06, 0.03, 0.02, 8.84E-3, 5.21E-3, 3.16E-3, 1.95E-3, 1.23E-3, 7.81E-4])
(30977, 2, 1, 10, [7.14E-14, 0.06, 5.95E-14, 0.02, 7.49E-14, 5.21E-3, 1.08E-13, 1.95E-3, 1.69E-13, 7.81E-4])
(30983, 2, 1, 10, [0.18, 0.06, 0.03, 0.02, 8.84E-3, 5.21E-3, 3.16E-3, 1.95E-3, 1.23E-3, 7.81E-4])
(31013, 2, 1, 10, [0.18, 0.06, 0.03, 0.02, 8.84E-3, 5.21E-3, 3.16E-3, 1.95E-3, 1.23E-3, 7.81E-4])
(31019, 2, 1, 10, [0.18, 0.06, 0.03, 0.02, 8.84E-3, 5.21E-3, 3.16E-3, 1.95E-3, 1.23E-3, 7.81E-4])
(31033, 2, 1, 10, [2.13E-13, 0.06, 1.77E-13, 0.02, 2.24E-13, 5.21E-3, 3.23E-13, 1.95E-3, 5.04E-13, 7.81E-4])
(31039, 2, 1, 10, [0.18, 0.06, 0.03, 0.02, 8.84E-3, 5.21E-3, 3.16E-3, 1.95E-3, 1.23E-3, 7.81E-4])
(31051, 2, 1, 10, [0.18, 0.06, 0.03, 0.02, 8.84E-3, 5.21E-3, 3.16E-3, 1.95E-3, 1.23E-3, 7.81E-4])
(31063, 2, 1, 10, [0.18, 0.06, 0.03, 0.02, 8.84E-3, 5.21E-3, 3.16E-3, 1.95E-3, 1.23E-3, 7.81E-4])
(31069, 2, 1, 10, [0.18, 0.06, 0.03, 0.02, 8.84E-3, 5.21E-3, 3.16E-3, 1.95E-3, 1.23E-3, 7.81E-4])
(31079, 2, 1, 10, [0.18, 0.06, 0.03, 0.02, 8.84E-3, 5.21E-3, 3.16E-3, 1.95E-3, 1.23E-3, 7.81E-4])
(31081, 2, 1, 10, [2.12E-13, 0.06, 1.77E-13, 0.02, 2.23E-13, 5.21E-3, 3.22E-13, 1.95E-3, 5.02E-13, 7.81E-4])
(31091, 2, 1, 10, [0.18, 0.06, 0.03, 0.02, 8.84E-3, 5.21E-3, 3.16E-3, 1.95E-3, 1.23E-3, 7.81E-4])
(31121, 2, 1, 10, [7.04E-14, 0.06, 5.87E-14, 0.02, 7.39E-14, 5.21E-3, 1.07E-13, 1.95E-3, 1.67E-13, 7.81E-4])
(31123, 2, 1, 10, [0.18, 0.06, 0.03, 0.02, 8.84E-3, 5.21E-3, 3.16E-3, 1.95E-3, 1.23E-3, 7.81E-4])
(31139, 2, 1, 10, [0.18, 0.06, 0.03, 0.02, 8.84E-3, 5.21E-3, 3.16E-3, 1.95E-3, 1.23E-3, 7.81E-4])
(31147, 2, 1, 10, [0.18, 0.06, 0.03, 0.02, 8.84E-3, 5.21E-3, 3.16E-3, 1.95E-3, 1.23E-3, 7.81E-4])
(31151, 2, 1, 10, [0.18, 0.06, 0.03, 0.02, 8.84E-3, 5.21E-3, 3.16E-3, 1.95E-3, 1.23E-3, 7.81E-4])
(31153, 2, 1, 10, [2.10E-13, 0.06, 1.75E-13, 0.02, 2.21E-13, 5.21E-3, 3.20E-13, 1.95E-3, 4.98E-13, 7.81E-4])
(31159, 2, 1, 10, [0.18, 0.06, 0.03, 0.02, 8.84E-3, 5.21E-3, 3.16E-3, 1.95E-3, 1.23E-3, 7.81E-4])
(31177, 2, 1, 10, [2.10E-13, 0.06, 1.75E-13, 0.02, 2.21E-13, 5.21E-3, 3.19E-13, 1.95E-3, 4.97E-13, 7.81E-4])
(31181, 2, 1, 10, [0.18, 0.06, 0.03, 0.02, 8.84E-3, 5.21E-3, 3.16E-3, 1.95E-3, 1.23E-3, 7.81E-4])
(31183, 2, 1, 10, [0.18, 0.06, 0.03, 0.02, 8.84E-3, 5.21E-3, 3.16E-3, 1.95E-3, 1.23E-3, 7.81E-4])
(31189, 2, 1, 10, [0.18, 0.06, 0.03, 0.02, 8.84E-3, 5.21E-3, 3.16E-3, 1.95E-3, 1.23E-3, 7.81E-4])
(31193, 2, 1, 10, [6.99E-14, 0.06, 5.82E-14, 0.02, 7.34E-14, 5.21E-3, 1.06E-13, 1.95E-3, 1.66E-13, 7.81E-4])
(31219, 2, 1, 10, [0.18, 0.06, 0.03, 0.02, 8.84E-3, 5.21E-3, 3.16E-3, 1.95E-3, 1.23E-3, 7.81E-4])
(31223, 2, 1, 10, [0.18, 0.06, 0.03, 0.02, 8.84E-3, 5.21E-3, 3.16E-3, 1.95E-3, 1.23E-3, 7.81E-4])
(31231, 2, 1, 10, [0.18, 0.06, 0.03, 0.02, 8.84E-3, 5.21E-3, 3.16E-3, 1.95E-3, 1.23E-3, 7.81E-4])
(31237, 2, 1, 10, [0.18, 0.06, 0.03, 0.02, 8.84E-3, 5.21E-3, 3.16E-3, 1.95E-3, 1.23E-3, 7.81E-4])
(31247, 2, 1, 10, [0.18, 0.06, 0.03, 0.02, 8.84E-3, 5.21E-3, 3.16E-3, 1.95E-3, 1.23E-3, 7.81E-4])
(31249, 2, 1, 10, [2.09E-13, 0.06, 1.74E-13, 0.02, 2.19E-13, 5.21E-3, 3.17E-13, 1.95E-3, 4.94E-13, 7.81E-4])
(31253, 2, 1, 10, [0.18, 0.06, 0.03, 0.02, 8.84E-3, 5.21E-3, 3.16E-3, 1.95E-3, 1.23E-3, 7.81E-4])
(31259, 2, 1, 10, [0.18, 0.06, 0.03, 0.02, 8.84E-3, 5.21E-3, 3.16E-3, 1.95E-3, 1.23E-3, 7.81E-4])
(31267, 2, 1, 10, [0.18, 0.06, 0.03, 0.02, 8.84E-3, 5.21E-3, 3.16E-3, 1.95E-3, 1.23E-3, 7.81E-4])
(31271, 2, 1, 10, [0.18, 0.06, 0.03, 0.02, 8.84E-3, 5.21E-3, 3.16E-3, 1.95E-3, 1.23E-3, 7.81E-4])
(31277, 2, 1, 10, [0.18, 0.06, 0.03, 0.02, 8.84E-3, 5.21E-3, 3.16E-3, 1.95E-3, 1.23E-3, 7.81E-4])
(31307, 2, 1, 10, [0.18, 0.06, 0.03, 0.02, 8.84E-3, 5.21E-3, 3.16E-3, 1.95E-3, 1.23E-3, 7.81E-4])
(31319, 2, 1, 10, [0.18, 0.06, 0.03, 0.02, 8.84E-3, 5.21E-3, 3.16E-3, 1.95E-3, 1.23E-3, 7.81E-4])
(31321, 2, 1, 10, [0.35, 0.19, 0.12, 0.08, 0.05, 0.04, 0.03, 0.02, 0.01, 8.59E-3])
(31327, 2, 1, 10, [0.18, 0.06, 0.03, 0.02, 8.84E-3, 5.21E-3, 3.16E-3, 1.95E-3, 1.23E-3, 7.81E-4])
(31333, 2, 1, 10, [0.18, 0.06, 0.03, 0.02, 8.84E-3, 5.21E-3, 3.16E-3, 1.95E-3, 1.23E-3, 7.81E-4])
(31337, 2, 1, 10, [6.89E-14, 0.06, 5.74E-14, 0.02, 7.24E-14, 5.21E-3, 1.05E-13, 1.95E-3, 1.63E-13, 7.81E-4])
(31357, 2, 1, 10, [0.18, 0.06, 0.03, 0.02, 8.84E-3, 5.21E-3, 3.16E-3, 1.95E-3, 1.23E-3, 7.81E-4])
(31379, 2, 1, 10, [0.18, 0.06, 0.03, 0.02, 8.84E-3, 5.21E-3, 3.16E-3, 1.95E-3, 1.23E-3, 7.81E-4])
(31387, 2, 1, 10, [0.18, 0.06, 0.03, 0.02, 8.84E-3, 5.21E-3, 3.16E-3, 1.95E-3, 1.23E-3, 7.81E-4])
(31391, 2, 1, 10, [0.18, 0.06, 0.03, 0.02, 8.84E-3, 5.21E-3, 3.16E-3, 1.95E-3, 1.23E-3, 7.81E-4])
(31393, 2, 1, 10, [2.06E-13, 0.06, 1.71E-13, 0.02, 2.16E-13, 5.21E-3, 3.12E-13, 1.95E-3, 4.87E-13, 7.81E-4])
(31397, 2, 1, 10, [0.18, 0.06, 0.03, 0.02, 8.84E-3, 5.21E-3, 3.16E-3, 1.95E-3, 1.23E-3, 7.81E-4])
(31469, 2, 1, 10, [0.18, 0.06, 0.03, 0.02, 8.84E-3, 5.21E-3, 3.16E-3, 1.95E-3, 1.23E-3, 7.81E-4])
(31477, 2, 1, 10, [0.18, 0.06, 0.03, 0.02, 8.84E-3, 5.21E-3, 3.16E-3, 1.95E-3, 1.23E-3, 7.81E-4])
(31481, 2, 1, 10, [6.80E-14, 0.06, 5.67E-14, 0.02, 7.14E-14, 5.21E-3, 1.03E-13, 1.95E-3, 1.61E-13, 7.81E-4])
(31489, 2, 1, 10, [0.35, 0.19, 0.12, 0.08, 0.05, 0.04, 0.03, 0.02, 0.01, 8.59E-3])
(31511, 2, 1, 10, [0.18, 0.06, 0.03, 0.02, 8.84E-3, 5.21E-3, 3.16E-3, 1.95E-3, 1.23E-3, 7.81E-4])
(31513, 2, 1, 10, [2.03E-13, 0.06, 1.69E-13, 0.02, 2.14E-13, 5.21E-3, 3.09E-13, 1.95E-3, 4.82E-13, 7.81E-4])
(31517, 2, 1, 10, [0.18, 0.06, 0.03, 0.02, 8.84E-3, 5.21E-3, 3.16E-3, 1.95E-3, 1.23E-3, 7.81E-4])
(31531, 2, 1, 10, [0.18, 0.06, 0.03, 0.02, 8.84E-3, 5.21E-3, 3.16E-3, 1.95E-3, 1.23E-3, 7.81E-4])
(31541, 2, 1, 10, [0.18, 0.06, 0.03, 0.02, 8.84E-3, 5.21E-3, 3.16E-3, 1.95E-3, 1.23E-3, 7.81E-4])
(31543, 2, 1, 10, [0.18, 0.06, 0.03, 0.02, 8.84E-3, 5.21E-3, 3.16E-3, 1.95E-3, 1.23E-3, 7.81E-4])
(31547, 2, 1, 10, [0.18, 0.06, 0.03, 0.02, 8.84E-3, 5.21E-3, 3.16E-3, 1.95E-3, 1.23E-3, 7.81E-4])
(31567, 2, 1, 10, [0.18, 0.06, 0.03, 0.02, 8.84E-3, 5.21E-3, 3.16E-3, 1.95E-3, 1.23E-3, 7.81E-4])
(31573, 2, 1, 10, [0.18, 0.06, 0.03, 0.02, 8.84E-3, 5.21E-3, 3.16E-3, 1.95E-3, 1.23E-3, 7.81E-4])
(31583, 2, 1, 10, [0.18, 0.06, 0.03, 0.02, 8.84E-3, 5.21E-3, 3.16E-3, 1.95E-3, 1.23E-3, 7.81E-4])
(31601, 2, 1, 10, [6.72E-14, 0.06, 5.60E-14, 0.02, 7.06E-14, 5.21E-3, 1.02E-13, 1.95E-3, 1.59E-13, 7.81E-4])
(31607, 2, 1, 10, [0.18, 0.06, 0.03, 0.02, 8.84E-3, 5.21E-3, 3.16E-3, 1.95E-3, 1.23E-3, 7.81E-4])
(31627, 2, 1, 10, [0.18, 0.06, 0.03, 0.02, 8.84E-3, 5.21E-3, 3.16E-3, 1.95E-3, 1.23E-3, 7.81E-4])
(31643, 2, 1, 10, [0.18, 0.06, 0.03, 0.02, 8.84E-3, 5.21E-3, 3.16E-3, 1.95E-3, 1.23E-3, 7.81E-4])
(31649, 2, 1, 10, [6.69E-14, 0.06, 5.58E-14, 0.02, 7.03E-14, 5.21E-3, 1.02E-13, 1.95E-3, 1.58E-13, 7.81E-4])
(31657, 2, 1, 10, [2.01E-13, 0.06, 1.67E-13, 0.02, 2.11E-13, 5.21E-3, 3.04E-13, 1.95E-3, 4.75E-13, 7.81E-4])
(31663, 2, 1, 10, [0.18, 0.06, 0.03, 0.02, 8.84E-3, 5.21E-3, 3.16E-3, 1.95E-3, 1.23E-3, 7.81E-4])
(31667, 2, 1, 10, [0.18, 0.06, 0.03, 0.02, 8.84E-3, 5.21E-3, 3.16E-3, 1.95E-3, 1.23E-3, 7.81E-4])
(31687, 2, 1, 10, [0.18, 0.06, 0.03, 0.02, 8.84E-3, 5.21E-3, 3.16E-3, 1.95E-3, 1.23E-3, 7.81E-4])
(31699, 2, 1, 10, [0.18, 0.06, 0.03, 0.02, 8.84E-3, 5.21E-3, 3.16E-3, 1.95E-3, 1.23E-3, 7.81E-4])
(31721, 2, 1, 10, [6.65E-14, 0.06, 5.54E-14, 0.02, 6.98E-14, 5.21E-3, 1.01E-13, 1.95E-3, 1.57E-13, 7.81E-4])
(31723, 2, 1, 10, [0.18, 0.06, 0.03, 0.02, 8.84E-3, 5.21E-3, 3.16E-3, 1.95E-3, 1.23E-3, 7.81E-4])
(31727, 2, 1, 10, [0.18, 0.06, 0.03, 0.02, 8.84E-3, 5.21E-3, 3.16E-3, 1.95E-3, 1.23E-3, 7.81E-4])
(31729, 2, 1, 10, [0.35, 0.19, 0.12, 0.08, 0.05, 0.04, 0.03, 0.02, 0.01, 8.59E-3])
(31741, 2, 1, 10, [0.18, 0.06, 0.03, 0.02, 8.84E-3, 5.21E-3, 3.16E-3, 1.95E-3, 1.23E-3, 7.81E-4])
(31751, 2, 1, 10, [0.18, 0.06, 0.03, 0.02, 8.84E-3, 5.21E-3, 3.16E-3, 1.95E-3, 1.23E-3, 7.81E-4])
(31769, 2, 1, 10, [6.62E-14, 0.06, 5.51E-14, 0.02, 6.95E-14, 5.21E-3, 1.00E-13, 1.95E-3, 1.57E-13, 7.81E-4])
(31771, 2, 1, 10, [0.18, 0.06, 0.03, 0.02, 8.84E-3, 5.21E-3, 3.16E-3, 1.95E-3, 1.23E-3, 7.81E-4])
(31793, 2, 1, 10, [6.60E-14, 0.06, 5.50E-14, 0.02, 6.93E-14, 5.21E-3, 1.00E-13, 1.95E-3, 1.56E-13, 7.81E-4])
(31799, 2, 1, 10, [0.18, 0.06, 0.03, 0.02, 8.84E-3, 5.21E-3, 3.16E-3, 1.95E-3, 1.23E-3, 7.81E-4])
(31817, 2, 1, 10, [6.59E-14, 0.06, 5.49E-14, 0.02, 6.92E-14, 5.21E-3, 1.00E-13, 1.95E-3, 1.56E-13, 7.81E-4])
(31847, 2, 1, 10, [0.18, 0.06, 0.03, 0.02, 8.84E-3, 5.21E-3, 3.16E-3, 1.95E-3, 1.23E-3, 7.81E-4])
(31849, 2, 1, 10, [0.35, 0.19, 0.12, 0.08, 0.05, 0.04, 0.03, 0.02, 0.01, 8.59E-3])
(31859, 2, 1, 10, [0.18, 0.06, 0.03, 0.02, 8.84E-3, 5.21E-3, 3.16E-3, 1.95E-3, 1.23E-3, 7.81E-4])
(31873, 2, 1, 10, [1.97E-13, 0.06, 1.64E-13, 0.02, 2.06E-13, 5.21E-3, 2.98E-13, 1.95E-3, 4.65E-13, 7.81E-4])
(31883, 2, 1, 10, [0.18, 0.06, 0.03, 0.02, 8.84E-3, 5.21E-3, 3.16E-3, 1.95E-3, 1.23E-3, 7.81E-4])
(31891, 2, 1, 10, [0.18, 0.06, 0.03, 0.02, 8.84E-3, 5.21E-3, 3.16E-3, 1.95E-3, 1.23E-3, 7.81E-4])
(31907, 2, 1, 10, [0.18, 0.06, 0.03, 0.02, 8.84E-3, 5.21E-3, 3.16E-3, 1.95E-3, 1.23E-3, 7.81E-4])
(31957, 2, 1, 10, [0.18, 0.06, 0.03, 0.02, 8.84E-3, 5.21E-3, 3.16E-3, 1.95E-3, 1.23E-3, 7.81E-4])
(31963, 2, 1, 10, [0.18, 0.06, 0.03, 0.02, 8.84E-3, 5.21E-3, 3.16E-3, 1.95E-3, 1.23E-3, 7.81E-4])
(31973, 2, 1, 10, [0.18, 0.06, 0.03, 0.02, 8.84E-3, 5.21E-3, 3.16E-3, 1.95E-3, 1.23E-3, 7.81E-4])
(31981, 2, 1, 10, [0.18, 0.06, 0.03, 0.02, 8.84E-3, 5.21E-3, 3.16E-3, 1.95E-3, 1.23E-3, 7.81E-4])
(31991, 2, 1, 10, [0.18, 0.06, 0.03, 0.02, 8.84E-3, 5.21E-3, 3.16E-3, 1.95E-3, 1.23E-3, 7.81E-4])
(32003, 2, 1, 10, [0.18, 0.06, 0.03, 0.02, 8.84E-3, 5.21E-3, 3.16E-3, 1.95E-3, 1.23E-3, 7.81E-4])
(32009, 2, 1, 10, [6.47E-14, 0.06, 5.39E-14, 0.02, 6.79E-14, 5.21E-3, 9.82E-14, 1.95E-3, 1.53E-13, 7.81E-4])
(32027, 2, 1, 10, [0.18, 0.06, 0.03, 0.02, 8.84E-3, 5.21E-3, 3.16E-3, 1.95E-3, 1.23E-3, 7.81E-4])
(32029, 2, 1, 10, [0.18, 0.06, 0.03, 0.02, 8.84E-3, 5.21E-3, 3.16E-3, 1.95E-3, 1.23E-3, 7.81E-4])
(32051, 2, 1, 10, [0.18, 0.06, 0.03, 0.02, 8.84E-3, 5.21E-3, 3.16E-3, 1.95E-3, 1.23E-3, 7.81E-4])
(32057, 2, 1, 10, [6.44E-14, 0.06, 5.37E-14, 0.02, 6.76E-14, 5.21E-3, 9.77E-14, 1.95E-3, 1.52E-13, 7.81E-4])
(32059, 2, 1, 10, [0.18, 0.06, 0.03, 0.02, 8.84E-3, 5.21E-3, 3.16E-3, 1.95E-3, 1.23E-3, 7.81E-4])
(32063, 2, 1, 10, [0.18, 0.06, 0.03, 0.02, 8.84E-3, 5.21E-3, 3.16E-3, 1.95E-3, 1.23E-3, 7.81E-4])
(32069, 2, 1, 10, [0.18, 0.06, 0.03, 0.02, 8.84E-3, 5.21E-3, 3.16E-3, 1.95E-3, 1.23E-3, 7.81E-4])
(32077, 2, 1, 10, [0.18, 0.06, 0.03, 0.02, 8.84E-3, 5.21E-3, 3.16E-3, 1.95E-3, 1.23E-3, 7.81E-4])
(32083, 2, 1, 10, [0.18, 0.06, 0.03, 0.02, 8.84E-3, 5.21E-3, 3.16E-3, 1.95E-3, 1.23E-3, 7.81E-4])
(32089, 2, 1, 10, [1.93E-13, 0.06, 1.61E-13, 0.02, 2.02E-13, 5.21E-3, 2.92E-13, 1.95E-3, 4.56E-13, 7.81E-4])
(32099, 2, 1, 10, [0.18, 0.06, 0.03, 0.02, 8.84E-3, 5.21E-3, 3.16E-3, 1.95E-3, 1.23E-3, 7.81E-4])
(32117, 2, 1, 10, [0.18, 0.06, 0.03, 0.02, 8.84E-3, 5.21E-3, 3.16E-3, 1.95E-3, 1.23E-3, 7.81E-4])
(32119, 2, 1, 10, [0.18, 0.06, 0.03, 0.02, 8.84E-3, 5.21E-3, 3.16E-3, 1.95E-3, 1.23E-3, 7.81E-4])
(32141, 2, 1, 10, [0.18, 0.06, 0.03, 0.02, 8.84E-3, 5.21E-3, 3.16E-3, 1.95E-3, 1.23E-3, 7.81E-4])
(32143, 2, 1, 10, [0.18, 0.06, 0.03, 0.02, 8.84E-3, 5.21E-3, 3.16E-3, 1.95E-3, 1.23E-3, 7.81E-4])
(32159, 2, 1, 10, [0.18, 0.06, 0.03, 0.02, 8.84E-3, 5.21E-3, 3.16E-3, 1.95E-3, 1.23E-3, 7.81E-4])
(32173, 2, 1, 10, [0.18, 0.06, 0.03, 0.02, 8.84E-3, 5.21E-3, 3.16E-3, 1.95E-3, 1.23E-3, 7.81E-4])
(32183, 2, 1, 10, [0.18, 0.06, 0.03, 0.02, 8.84E-3, 5.21E-3, 3.16E-3, 1.95E-3, 1.23E-3, 7.81E-4])
(32189, 2, 1, 10, [0.18, 0.06, 0.03, 0.02, 8.84E-3, 5.21E-3, 3.16E-3, 1.95E-3, 1.23E-3, 7.81E-4])
(32191, 2, 1, 10, [0.18, 0.06, 0.03, 0.02, 8.84E-3, 5.21E-3, 3.16E-3, 1.95E-3, 1.23E-3, 7.81E-4])
(32203, 2, 1, 10, [0.18, 0.06, 0.03, 0.02, 8.84E-3, 5.21E-3, 3.16E-3, 1.95E-3, 1.23E-3, 7.81E-4])
(32213, 2, 1, 10, [0.18, 0.06, 0.03, 0.02, 8.84E-3, 5.21E-3, 3.16E-3, 1.95E-3, 1.23E-3, 7.81E-4])
(32233, 2, 1, 10, [1.90E-13, 0.06, 1.58E-13, 0.02, 2.00E-13, 5.21E-3, 2.88E-13, 1.95E-3, 4.50E-13, 7.81E-4])
(32237, 2, 1, 10, [0.18, 0.06, 0.03, 0.02, 8.84E-3, 5.21E-3, 3.16E-3, 1.95E-3, 1.23E-3, 7.81E-4])
(32251, 2, 1, 10, [0.18, 0.06, 0.03, 0.02, 8.84E-3, 5.21E-3, 3.16E-3, 1.95E-3, 1.23E-3, 7.81E-4])
(32257, 2, 1, 10, [1.90E-13, 0.06, 1.58E-13, 0.02, 1.99E-13, 5.21E-3, 2.88E-13, 1.95E-3, 4.49E-13, 7.81E-4])
(32261, 2, 1, 10, [0.18, 0.06, 0.03, 0.02, 8.84E-3, 5.21E-3, 3.16E-3, 1.95E-3, 1.23E-3, 7.81E-4])
(32297, 2, 1, 10, [6.30E-14, 0.06, 5.25E-14, 0.02, 6.61E-14, 5.21E-3, 9.56E-14, 1.95E-3, 1.49E-13, 7.81E-4])
(32299, 2, 1, 10, [0.18, 0.06, 0.03, 0.02, 8.84E-3, 5.21E-3, 3.16E-3, 1.95E-3, 1.23E-3, 7.81E-4])
(32303, 2, 1, 10, [0.18, 0.06, 0.03, 0.02, 8.84E-3, 5.21E-3, 3.16E-3, 1.95E-3, 1.23E-3, 7.81E-4])
(32309, 2, 1, 10, [0.18, 0.06, 0.03, 0.02, 8.84E-3, 5.21E-3, 3.16E-3, 1.95E-3, 1.23E-3, 7.81E-4])
(32321, 2, 1, 10, [6.28E-14, 0.06, 5.24E-14, 0.02, 6.60E-14, 5.21E-3, 9.54E-14, 1.95E-3, 1.49E-13, 7.81E-4])
(32323, 2, 1, 10, [0.18, 0.06, 0.03, 0.02, 8.84E-3, 5.21E-3, 3.16E-3, 1.95E-3, 1.23E-3, 7.81E-4])
(32327, 2, 1, 10, [0.18, 0.06, 0.03, 0.02, 8.84E-3, 5.21E-3, 3.16E-3, 1.95E-3, 1.23E-3, 7.81E-4])
(32341, 2, 1, 10, [0.18, 0.06, 0.03, 0.02, 8.84E-3, 5.21E-3, 3.16E-3, 1.95E-3, 1.23E-3, 7.81E-4])
(32353, 2, 1, 10, [1.88E-13, 0.06, 1.57E-13, 0.02, 1.97E-13, 5.21E-3, 2.85E-13, 1.95E-3, 4.45E-13, 7.81E-4])
(32359, 2, 1, 10, [0.18, 0.06, 0.03, 0.02, 8.84E-3, 5.21E-3, 3.16E-3, 1.95E-3, 1.23E-3, 7.81E-4])
(32363, 2, 1, 10, [0.18, 0.06, 0.03, 0.02, 8.84E-3, 5.21E-3, 3.16E-3, 1.95E-3, 1.23E-3, 7.81E-4])
(32369, 2, 1, 10, [6.26E-14, 0.06, 5.21E-14, 0.02, 6.57E-14, 5.21E-3, 9.49E-14, 1.95E-3, 1.48E-13, 7.81E-4])
(32371, 2, 1, 10, [0.18, 0.06, 0.03, 0.02, 8.84E-3, 5.21E-3, 3.16E-3, 1.95E-3, 1.23E-3, 7.81E-4])
(32377, 2, 1, 10, [1.88E-13, 0.06, 1.56E-13, 0.02, 1.97E-13, 5.21E-3, 2.85E-13, 1.95E-3, 4.44E-13, 7.81E-4])
(32381, 2, 1, 10, [0.18, 0.06, 0.03, 0.02, 8.84E-3, 5.21E-3, 3.16E-3, 1.95E-3, 1.23E-3, 7.81E-4])
(32401, 2, 1, 10, [0.35, 0.19, 0.12, 0.08, 0.05, 0.04, 0.03, 0.02, 0.01, 8.59E-3])
(32411, 2, 1, 10, [0.18, 0.06, 0.03, 0.02, 8.84E-3, 5.21E-3, 3.16E-3, 1.95E-3, 1.23E-3, 7.81E-4])
(32413, 2, 1, 10, [0.18, 0.06, 0.03, 0.02, 8.84E-3, 5.21E-3, 3.16E-3, 1.95E-3, 1.23E-3, 7.81E-4])
(32423, 2, 1, 10, [0.18, 0.06, 0.03, 0.02, 8.84E-3, 5.21E-3, 3.16E-3, 1.95E-3, 1.23E-3, 7.81E-4])
(32429, 2, 1, 10, [0.18, 0.06, 0.03, 0.02, 8.84E-3, 5.21E-3, 3.16E-3, 1.95E-3, 1.23E-3, 7.81E-4])
(32441, 2, 1, 10, [6.21E-14, 0.06, 5.18E-14, 0.02, 6.52E-14, 5.21E-3, 9.43E-14, 1.95E-3, 1.47E-13, 7.81E-4])
(32443, 2, 1, 10, [0.18, 0.06, 0.03, 0.02, 8.84E-3, 5.21E-3, 3.16E-3, 1.95E-3, 1.23E-3, 7.81E-4])
(32467, 2, 1, 10, [0.18, 0.06, 0.03, 0.02, 8.84E-3, 5.21E-3, 3.16E-3, 1.95E-3, 1.23E-3, 7.81E-4])
(32479, 2, 1, 10, [0.18, 0.06, 0.03, 0.02, 8.84E-3, 5.21E-3, 3.16E-3, 1.95E-3, 1.23E-3, 7.81E-4])
(32491, 2, 1, 10, [0.18, 0.06, 0.03, 0.02, 8.84E-3, 5.21E-3, 3.16E-3, 1.95E-3, 1.23E-3, 7.81E-4])
(32497, 2, 1, 10, [1.85E-13, 0.06, 1.55E-13, 0.02, 1.95E-13, 5.21E-3, 2.81E-13, 1.95E-3, 4.39E-13, 7.81E-4])
(32503, 2, 1, 10, [0.18, 0.06, 0.03, 0.02, 8.84E-3, 5.21E-3, 3.16E-3, 1.95E-3, 1.23E-3, 7.81E-4])
(32507, 2, 1, 10, [0.18, 0.06, 0.03, 0.02, 8.84E-3, 5.21E-3, 3.16E-3, 1.95E-3, 1.23E-3, 7.81E-4])
(32531, 2, 1, 10, [0.18, 0.06, 0.03, 0.02, 8.84E-3, 5.21E-3, 3.16E-3, 1.95E-3, 1.23E-3, 7.81E-4])
(32533, 2, 1, 10, [0.18, 0.06, 0.03, 0.02, 8.84E-3, 5.21E-3, 3.16E-3, 1.95E-3, 1.23E-3, 7.81E-4])
(32537, 2, 1, 10, [6.16E-14, 0.06, 5.13E-14, 0.02, 6.47E-14, 5.21E-3, 9.35E-14, 1.95E-3, 1.46E-13, 7.81E-4])
(32561, 2, 1, 10, [6.15E-14, 0.06, 5.12E-14, 0.02, 6.45E-14, 5.21E-3, 9.33E-14, 1.95E-3, 1.46E-13, 7.81E-4])
(32563, 2, 1, 10, [0.18, 0.06, 0.03, 0.02, 8.84E-3, 5.21E-3, 3.16E-3, 1.95E-3, 1.23E-3, 7.81E-4])
(32569, 2, 1, 10, [0.35, 0.19, 0.12, 0.08, 0.05, 0.04, 0.03, 0.02, 0.01, 8.59E-3])
(32573, 2, 1, 10, [0.18, 0.06, 0.03, 0.02, 8.84E-3, 5.21E-3, 3.16E-3, 1.95E-3, 1.23E-3, 7.81E-4])
(32579, 2, 1, 10, [0.18, 0.06, 0.03, 0.02, 8.84E-3, 5.21E-3, 3.16E-3, 1.95E-3, 1.23E-3, 7.81E-4])
(32587, 2, 1, 10, [0.18, 0.06, 0.03, 0.02, 8.84E-3, 5.21E-3, 3.16E-3, 1.95E-3, 1.23E-3, 7.81E-4])
(32603, 2, 1, 10, [0.18, 0.06, 0.03, 0.02, 8.84E-3, 5.21E-3, 3.16E-3, 1.95E-3, 1.23E-3, 7.81E-4])
(32609, 2, 1, 10, [6.12E-14, 0.06, 5.10E-14, 0.02, 6.42E-14, 5.21E-3, 9.29E-14, 1.95E-3, 1.45E-13, 7.81E-4])
(32611, 2, 1, 10, [0.18, 0.06, 0.03, 0.02, 8.84E-3, 5.21E-3, 3.16E-3, 1.95E-3, 1.23E-3, 7.81E-4])
(32621, 2, 1, 10, [0.18, 0.06, 0.03, 0.02, 8.84E-3, 5.21E-3, 3.16E-3, 1.95E-3, 1.23E-3, 7.81E-4])
(32633, 2, 1, 10, [6.10E-14, 0.06, 5.09E-14, 0.02, 6.41E-14, 5.21E-3, 9.27E-14, 1.95E-3, 1.45E-13, 7.81E-4])
(32647, 2, 1, 10, [0.18, 0.06, 0.03, 0.02, 8.84E-3, 5.21E-3, 3.16E-3, 1.95E-3, 1.23E-3, 7.81E-4])
(32653, 2, 1, 10, [0.18, 0.06, 0.03, 0.02, 8.84E-3, 5.21E-3, 3.16E-3, 1.95E-3, 1.23E-3, 7.81E-4])
(32687, 2, 1, 10, [0.18, 0.06, 0.03, 0.02, 8.84E-3, 5.21E-3, 3.16E-3, 1.95E-3, 1.23E-3, 7.81E-4])
(32693, 2, 1, 10, [0.18, 0.06, 0.03, 0.02, 8.84E-3, 5.21E-3, 3.16E-3, 1.95E-3, 1.23E-3, 7.81E-4])
(32707, 2, 1, 10, [0.18, 0.06, 0.03, 0.02, 8.84E-3, 5.21E-3, 3.16E-3, 1.95E-3, 1.23E-3, 7.81E-4])
(32713, 2, 1, 10, [1.82E-13, 0.06, 1.51E-13, 0.02, 1.91E-13, 5.21E-3, 2.76E-13, 1.95E-3, 4.30E-13, 7.81E-4])
(32717, 2, 1, 10, [0.18, 0.06, 0.03, 0.02, 8.84E-3, 5.21E-3, 3.16E-3, 1.95E-3, 1.23E-3, 7.81E-4])
(32719, 2, 1, 10, [0.18, 0.06, 0.03, 0.02, 8.84E-3, 5.21E-3, 3.16E-3, 1.95E-3, 1.23E-3, 7.81E-4])
(32749, 2, 1, 10, [0.18, 0.06, 0.03, 0.02, 8.84E-3, 5.21E-3, 3.16E-3, 1.95E-3, 1.23E-3, 7.81E-4])
(32771, 2, 1, 10, [0.18, 0.06, 0.03, 0.02, 8.84E-3, 5.21E-3, 3.16E-3, 1.95E-3, 1.23E-3, 7.81E-4])
(32779, 2, 1, 10, [0.18, 0.06, 0.03, 0.02, 8.84E-3, 5.21E-3, 3.16E-3, 1.95E-3, 1.23E-3, 7.81E-4])
(32783, 2, 1, 10, [0.18, 0.06, 0.03, 0.02, 8.84E-3, 5.21E-3, 3.16E-3, 1.95E-3, 1.23E-3, 7.81E-4])
(32789, 2, 1, 10, [0.18, 0.06, 0.03, 0.02, 8.84E-3, 5.21E-3, 3.16E-3, 1.95E-3, 1.23E-3, 7.81E-4])
(32797, 2, 1, 10, [0.18, 0.06, 0.03, 0.02, 8.84E-3, 5.21E-3, 3.16E-3, 1.95E-3, 1.23E-3, 7.81E-4])
(32801, 2, 1, 10, [6.01E-14, 0.06, 5.01E-14, 0.02, 6.31E-14, 5.21E-3, 9.12E-14, 1.95E-3, 1.42E-13, 7.81E-4])
(32803, 2, 1, 10, [0.18, 0.06, 0.03, 0.02, 8.84E-3, 5.21E-3, 3.16E-3, 1.95E-3, 1.23E-3, 7.81E-4])
(32831, 2, 1, 10, [0.18, 0.06, 0.03, 0.02, 8.84E-3, 5.21E-3, 3.16E-3, 1.95E-3, 1.23E-3, 7.81E-4])
(32833, 2, 1, 10, [1.80E-13, 0.06, 1.50E-13, 0.02, 1.89E-13, 5.21E-3, 2.73E-13, 1.95E-3, 4.26E-13, 7.81E-4])
(32839, 2, 1, 10, [0.18, 0.06, 0.03, 0.02, 8.84E-3, 5.21E-3, 3.16E-3, 1.95E-3, 1.23E-3, 7.81E-4])
(32843, 2, 1, 10, [0.18, 0.06, 0.03, 0.02, 8.84E-3, 5.21E-3, 3.16E-3, 1.95E-3, 1.23E-3, 7.81E-4])
(32869, 2, 1, 10, [0.18, 0.06, 0.03, 0.02, 8.84E-3, 5.21E-3, 3.16E-3, 1.95E-3, 1.23E-3, 7.81E-4])
(32887, 2, 1, 10, [0.18, 0.06, 0.03, 0.02, 8.84E-3, 5.21E-3, 3.16E-3, 1.95E-3, 1.23E-3, 7.81E-4])
(32909, 2, 1, 10, [0.18, 0.06, 0.03, 0.02, 8.84E-3, 5.21E-3, 3.16E-3, 1.95E-3, 1.23E-3, 7.81E-4])
(32911, 2, 1, 10, [0.18, 0.06, 0.03, 0.02, 8.84E-3, 5.21E-3, 3.16E-3, 1.95E-3, 1.23E-3, 7.81E-4])
(32917, 2, 1, 10, [0.18, 0.06, 0.03, 0.02, 8.84E-3, 5.21E-3, 3.16E-3, 1.95E-3, 1.23E-3, 7.81E-4])
(32933, 2, 1, 10, [0.18, 0.06, 0.03, 0.02, 8.84E-3, 5.21E-3, 3.16E-3, 1.95E-3, 1.23E-3, 7.81E-4])
(32939, 2, 1, 10, [0.18, 0.06, 0.03, 0.02, 8.84E-3, 5.21E-3, 3.16E-3, 1.95E-3, 1.23E-3, 7.81E-4])
(32941, 2, 1, 10, [0.18, 0.06, 0.03, 0.02, 8.84E-3, 5.21E-3, 3.16E-3, 1.95E-3, 1.23E-3, 7.81E-4])
(32957, 2, 1, 10, [0.18, 0.06, 0.03, 0.02, 8.84E-3, 5.21E-3, 3.16E-3, 1.95E-3, 1.23E-3, 7.81E-4])
(32969, 2, 1, 10, [5.92E-14, 0.06, 4.93E-14, 0.02, 6.22E-14, 5.21E-3, 8.99E-14, 1.95E-3, 1.40E-13, 7.81E-4])
(32971, 2, 1, 10, [0.18, 0.06, 0.03, 0.02, 8.84E-3, 5.21E-3, 3.16E-3, 1.95E-3, 1.23E-3, 7.81E-4])
(32983, 2, 1, 10, [0.18, 0.06, 0.03, 0.02, 8.84E-3, 5.21E-3, 3.16E-3, 1.95E-3, 1.23E-3, 7.81E-4])
(32987, 2, 1, 10, [0.18, 0.06, 0.03, 0.02, 8.84E-3, 5.21E-3, 3.16E-3, 1.95E-3, 1.23E-3, 7.81E-4])
(32993, 2, 1, 10, [5.91E-14, 0.06, 4.92E-14, 0.02, 6.20E-14, 5.21E-3, 8.97E-14, 1.95E-3, 1.40E-13, 7.81E-4])
(32999, 2, 1, 10, [0.18, 0.06, 0.03, 0.02, 8.84E-3, 5.21E-3, 3.16E-3, 1.95E-3, 1.23E-3, 7.81E-4])
(33013, 2, 1, 10, [0.18, 0.06, 0.03, 0.02, 8.84E-3, 5.21E-3, 3.16E-3, 1.95E-3, 1.23E-3, 7.81E-4])
(33023, 2, 1, 10, [0.18, 0.06, 0.03, 0.02, 8.84E-3, 5.21E-3, 3.16E-3, 1.95E-3, 1.23E-3, 7.81E-4])
(33029, 2, 1, 10, [0.18, 0.06, 0.03, 0.02, 8.84E-3, 5.21E-3, 3.16E-3, 1.95E-3, 1.23E-3, 7.81E-4])
(33037, 2, 1, 10, [0.18, 0.06, 0.03, 0.02, 8.84E-3, 5.21E-3, 3.16E-3, 1.95E-3, 1.23E-3, 7.81E-4])
(33049, 2, 1, 10, [1.76E-13, 0.06, 1.47E-13, 0.02, 1.85E-13, 5.21E-3, 2.68E-13, 1.95E-3, 4.18E-13, 7.81E-4])
(33053, 2, 1, 10, [0.18, 0.06, 0.03, 0.02, 8.84E-3, 5.21E-3, 3.16E-3, 1.95E-3, 1.23E-3, 7.81E-4])
(33071, 2, 1, 10, [0.18, 0.06, 0.03, 0.02, 8.84E-3, 5.21E-3, 3.16E-3, 1.95E-3, 1.23E-3, 7.81E-4])
(33073, 2, 1, 10, [1.76E-13, 0.06, 1.47E-13, 0.02, 1.85E-13, 5.21E-3, 2.67E-13, 1.95E-3, 4.17E-13, 7.81E-4])
(33083, 2, 1, 10, [0.18, 0.06, 0.03, 0.02, 8.84E-3, 5.21E-3, 3.16E-3, 1.95E-3, 1.23E-3, 7.81E-4])
(33091, 2, 1, 10, [0.18, 0.06, 0.03, 0.02, 8.84E-3, 5.21E-3, 3.16E-3, 1.95E-3, 1.23E-3, 7.81E-4])
(33107, 2, 1, 10, [0.18, 0.06, 0.03, 0.02, 8.84E-3, 5.21E-3, 3.16E-3, 1.95E-3, 1.23E-3, 7.81E-4])
(33113, 2, 1, 10, [5.84E-14, 0.06, 4.87E-14, 0.02, 6.13E-14, 5.21E-3, 8.87E-14, 1.95E-3, 1.38E-13, 7.81E-4])
(33119, 2, 1, 10, [0.18, 0.06, 0.03, 0.02, 8.84E-3, 5.21E-3, 3.16E-3, 1.95E-3, 1.23E-3, 7.81E-4])
(33149, 2, 1, 10, [0.18, 0.06, 0.03, 0.02, 8.84E-3, 5.21E-3, 3.16E-3, 1.95E-3, 1.23E-3, 7.81E-4])
(33151, 2, 1, 10, [0.18, 0.06, 0.03, 0.02, 8.84E-3, 5.21E-3, 3.16E-3, 1.95E-3, 1.23E-3, 7.81E-4])
(33161, 2, 1, 10, [5.82E-14, 0.06, 4.85E-14, 0.02, 6.11E-14, 5.21E-3, 8.83E-14, 1.95E-3, 1.38E-13, 7.81E-4])
(33179, 2, 1, 10, [0.18, 0.06, 0.03, 0.02, 8.84E-3, 5.21E-3, 3.16E-3, 1.95E-3, 1.23E-3, 7.81E-4])
(33181, 2, 1, 10, [0.18, 0.06, 0.03, 0.02, 8.84E-3, 5.21E-3, 3.16E-3, 1.95E-3, 1.23E-3, 7.81E-4])
(33191, 2, 1, 10, [0.18, 0.06, 0.03, 0.02, 8.84E-3, 5.21E-3, 3.16E-3, 1.95E-3, 1.23E-3, 7.81E-4])
(33199, 2, 1, 10, [0.18, 0.06, 0.03, 0.02, 8.84E-3, 5.21E-3, 3.16E-3, 1.95E-3, 1.23E-3, 7.81E-4])
(33203, 2, 1, 10, [0.18, 0.06, 0.03, 0.02, 8.84E-3, 5.21E-3, 3.16E-3, 1.95E-3, 1.23E-3, 7.81E-4])
(33211, 2, 1, 10, [0.18, 0.06, 0.03, 0.02, 8.84E-3, 5.21E-3, 3.16E-3, 1.95E-3, 1.23E-3, 7.81E-4])
(33223, 2, 1, 10, [0.18, 0.06, 0.03, 0.02, 8.84E-3, 5.21E-3, 3.16E-3, 1.95E-3, 1.23E-3, 7.81E-4])
(33247, 2, 1, 10, [0.18, 0.06, 0.03, 0.02, 8.84E-3, 5.21E-3, 3.16E-3, 1.95E-3, 1.23E-3, 7.81E-4])
(33287, 2, 1, 10, [0.18, 0.06, 0.03, 0.02, 8.84E-3, 5.21E-3, 3.16E-3, 1.95E-3, 1.23E-3, 7.81E-4])
(33289, 2, 1, 10, [1.73E-13, 0.06, 1.44E-13, 0.02, 1.81E-13, 5.21E-3, 2.62E-13, 1.95E-3, 4.09E-13, 7.81E-4])
(33301, 2, 1, 10, [0.18, 0.06, 0.03, 0.02, 8.84E-3, 5.21E-3, 3.16E-3, 1.95E-3, 1.23E-3, 7.81E-4])
(33311, 2, 1, 10, [0.18, 0.06, 0.03, 0.02, 8.84E-3, 5.21E-3, 3.16E-3, 1.95E-3, 1.23E-3, 7.81E-4])
(33317, 2, 1, 10, [0.18, 0.06, 0.03, 0.02, 8.84E-3, 5.21E-3, 3.16E-3, 1.95E-3, 1.23E-3, 7.81E-4])
(33329, 2, 1, 10, [5.73E-14, 0.06, 4.77E-14, 0.02, 6.02E-14, 5.21E-3, 8.70E-14, 1.95E-3, 1.36E-13, 7.81E-4])
(33331, 2, 1, 10, [0.18, 0.06, 0.03, 0.02, 8.84E-3, 5.21E-3, 3.16E-3, 1.95E-3, 1.23E-3, 7.81E-4])
(33343, 2, 1, 10, [0.18, 0.06, 0.03, 0.02, 8.84E-3, 5.21E-3, 3.16E-3, 1.95E-3, 1.23E-3, 7.81E-4])
(33347, 2, 1, 10, [0.18, 0.06, 0.03, 0.02, 8.84E-3, 5.21E-3, 3.16E-3, 1.95E-3, 1.23E-3, 7.81E-4])
(33349, 2, 1, 10, [0.18, 0.06, 0.03, 0.02, 8.84E-3, 5.21E-3, 3.16E-3, 1.95E-3, 1.23E-3, 7.81E-4])
(33353, 2, 1, 10, [5.72E-14, 0.06, 4.76E-14, 0.02, 6.00E-14, 5.21E-3, 8.68E-14, 1.95E-3, 1.35E-13, 7.81E-4])
(33359, 2, 1, 10, [0.18, 0.06, 0.03, 0.02, 8.84E-3, 5.21E-3, 3.16E-3, 1.95E-3, 1.23E-3, 7.81E-4])
(33377, 2, 1, 10, [5.71E-14, 0.06, 4.75E-14, 0.02, 5.99E-14, 5.21E-3, 8.66E-14, 1.95E-3, 1.35E-13, 7.81E-4])
(33391, 2, 1, 10, [0.18, 0.06, 0.03, 0.02, 8.84E-3, 5.21E-3, 3.16E-3, 1.95E-3, 1.23E-3, 7.81E-4])
(33403, 2, 1, 10, [0.18, 0.06, 0.03, 0.02, 8.84E-3, 5.21E-3, 3.16E-3, 1.95E-3, 1.23E-3, 7.81E-4])
(33409, 2, 1, 10, [0.35, 0.19, 0.12, 0.08, 0.05, 0.04, 0.03, 0.02, 0.01, 8.59E-3])
(33413, 2, 1, 10, [0.18, 0.06, 0.03, 0.02, 8.84E-3, 5.21E-3, 3.16E-3, 1.95E-3, 1.23E-3, 7.81E-4])
(33427, 2, 1, 10, [0.18, 0.06, 0.03, 0.02, 8.84E-3, 5.21E-3, 3.16E-3, 1.95E-3, 1.23E-3, 7.81E-4])
(33457, 2, 1, 10, [1.70E-13, 0.06, 1.42E-13, 0.02, 1.78E-13, 5.21E-3, 2.58E-13, 1.95E-3, 4.02E-13, 7.81E-4])
(33461, 2, 1, 10, [0.18, 0.06, 0.03, 0.02, 8.84E-3, 5.21E-3, 3.16E-3, 1.95E-3, 1.23E-3, 7.81E-4])
(33469, 2, 1, 10, [0.18, 0.06, 0.03, 0.02, 8.84E-3, 5.21E-3, 3.16E-3, 1.95E-3, 1.23E-3, 7.81E-4])
(33479, 2, 1, 10, [0.18, 0.06, 0.03, 0.02, 8.84E-3, 5.21E-3, 3.16E-3, 1.95E-3, 1.23E-3, 7.81E-4])
(33487, 2, 1, 10, [0.18, 0.06, 0.03, 0.02, 8.84E-3, 5.21E-3, 3.16E-3, 1.95E-3, 1.23E-3, 7.81E-4])
(33493, 2, 1, 10, [0.18, 0.06, 0.03, 0.02, 8.84E-3, 5.21E-3, 3.16E-3, 1.95E-3, 1.23E-3, 7.81E-4])
(33503, 2, 1, 10, [0.18, 0.06, 0.03, 0.02, 8.84E-3, 5.21E-3, 3.16E-3, 1.95E-3, 1.23E-3, 7.81E-4])
(33521, 2, 1, 10, [5.63E-14, 0.06, 4.69E-14, 0.02, 5.91E-14, 5.21E-3, 8.55E-14, 1.95E-3, 1.33E-13, 7.81E-4])
(33529, 2, 1, 10, [0.35, 0.19, 0.12, 0.08, 0.05, 0.04, 0.03, 0.02, 0.01, 8.59E-3])
(33533, 2, 1, 10, [0.18, 0.06, 0.03, 0.02, 8.84E-3, 5.21E-3, 3.16E-3, 1.95E-3, 1.23E-3, 7.81E-4])
(33547, 2, 1, 10, [0.18, 0.06, 0.03, 0.02, 8.84E-3, 5.21E-3, 3.16E-3, 1.95E-3, 1.23E-3, 7.81E-4])
(33563, 2, 1, 10, [0.18, 0.06, 0.03, 0.02, 8.84E-3, 5.21E-3, 3.16E-3, 1.95E-3, 1.23E-3, 7.81E-4])
(33569, 2, 1, 10, [5.61E-14, 0.06, 4.67E-14, 0.02, 5.89E-14, 5.21E-3, 8.51E-14, 1.95E-3, 1.33E-13, 7.81E-4])
(33577, 2, 1, 10, [1.68E-13, 0.06, 1.40E-13, 0.02, 1.77E-13, 5.21E-3, 2.55E-13, 1.95E-3, 3.98E-13, 7.81E-4])
(33581, 2, 1, 10, [0.18, 0.06, 0.03, 0.02, 8.84E-3, 5.21E-3, 3.16E-3, 1.95E-3, 1.23E-3, 7.81E-4])
(33587, 2, 1, 10, [0.18, 0.06, 0.03, 0.02, 8.84E-3, 5.21E-3, 3.16E-3, 1.95E-3, 1.23E-3, 7.81E-4])
(33589, 2, 1, 10, [0.18, 0.06, 0.03, 0.02, 8.84E-3, 5.21E-3, 3.16E-3, 1.95E-3, 1.23E-3, 7.81E-4])
(33599, 2, 1, 10, [0.18, 0.06, 0.03, 0.02, 8.84E-3, 5.21E-3, 3.16E-3, 1.95E-3, 1.23E-3, 7.81E-4])
(33601, 2, 1, 10, [1.68E-13, 0.06, 1.40E-13, 0.02, 1.76E-13, 5.21E-3, 2.55E-13, 1.95E-3, 3.97E-13, 7.81E-4])
(33613, 2, 1, 10, [0.18, 0.06, 0.03, 0.02, 8.84E-3, 5.21E-3, 3.16E-3, 1.95E-3, 1.23E-3, 7.81E-4])
(33617, 2, 1, 10, [5.58E-14, 0.06, 4.65E-14, 0.02, 5.86E-14, 5.21E-3, 8.48E-14, 1.95E-3, 1.32E-13, 7.81E-4])
(33619, 2, 1, 10, [0.18, 0.06, 0.03, 0.02, 8.84E-3, 5.21E-3, 3.16E-3, 1.95E-3, 1.23E-3, 7.81E-4])
(33623, 2, 1, 10, [0.18, 0.06, 0.03, 0.02, 8.84E-3, 5.21E-3, 3.16E-3, 1.95E-3, 1.23E-3, 7.81E-4])
(33629, 2, 1, 10, [0.18, 0.06, 0.03, 0.02, 8.84E-3, 5.21E-3, 3.16E-3, 1.95E-3, 1.23E-3, 7.81E-4])
(33637, 2, 1, 10, [0.18, 0.06, 0.03, 0.02, 8.84E-3, 5.21E-3, 3.16E-3, 1.95E-3, 1.23E-3, 7.81E-4])
(33641, 2, 1, 10, [5.57E-14, 0.06, 4.64E-14, 0.02, 5.85E-14, 5.21E-3, 8.46E-14, 1.95E-3, 1.32E-13, 7.81E-4])
(33647, 2, 1, 10, [0.18, 0.06, 0.03, 0.02, 8.84E-3, 5.21E-3, 3.16E-3, 1.95E-3, 1.23E-3, 7.81E-4])
(33679, 2, 1, 10, [0.18, 0.06, 0.03, 0.02, 8.84E-3, 5.21E-3, 3.16E-3, 1.95E-3, 1.23E-3, 7.81E-4])
(33703, 2, 1, 10, [0.18, 0.06, 0.03, 0.02, 8.84E-3, 5.21E-3, 3.16E-3, 1.95E-3, 1.23E-3, 7.81E-4])
(33713, 2, 1, 10, [5.54E-14, 0.06, 4.61E-14, 0.02, 5.81E-14, 5.21E-3, 8.40E-14, 1.95E-3, 1.31E-13, 7.81E-4])
(33721, 2, 1, 10, [1.66E-13, 0.06, 1.38E-13, 0.02, 1.74E-13, 5.21E-3, 2.52E-13, 1.95E-3, 3.93E-13, 7.81E-4])
(33739, 2, 1, 10, [0.18, 0.06, 0.03, 0.02, 8.84E-3, 5.21E-3, 3.16E-3, 1.95E-3, 1.23E-3, 7.81E-4])
(33749, 2, 1, 10, [0.18, 0.06, 0.03, 0.02, 8.84E-3, 5.21E-3, 3.16E-3, 1.95E-3, 1.23E-3, 7.81E-4])
(33751, 2, 1, 10, [0.18, 0.06, 0.03, 0.02, 8.84E-3, 5.21E-3, 3.16E-3, 1.95E-3, 1.23E-3, 7.81E-4])
(33757, 2, 1, 10, [0.18, 0.06, 0.03, 0.02, 8.84E-3, 5.21E-3, 3.16E-3, 1.95E-3, 1.23E-3, 7.81E-4])
(33767, 2, 1, 10, [0.18, 0.06, 0.03, 0.02, 8.84E-3, 5.21E-3, 3.16E-3, 1.95E-3, 1.23E-3, 7.81E-4])
(33769, 2, 1, 10, [1.65E-13, 0.06, 1.38E-13, 0.02, 1.74E-13, 5.21E-3, 2.51E-13, 1.95E-3, 3.91E-13, 7.81E-4])
(33773, 2, 1, 10, [0.18, 0.06, 0.03, 0.02, 8.84E-3, 5.21E-3, 3.16E-3, 1.95E-3, 1.23E-3, 7.81E-4])
(33791, 2, 1, 10, [0.18, 0.06, 0.03, 0.02, 8.84E-3, 5.21E-3, 3.16E-3, 1.95E-3, 1.23E-3, 7.81E-4])
(33797, 2, 1, 10, [0.18, 0.06, 0.03, 0.02, 8.84E-3, 5.21E-3, 3.16E-3, 1.95E-3, 1.23E-3, 7.81E-4])
(33809, 2, 1, 10, [5.49E-14, 0.06, 4.57E-14, 0.02, 5.76E-14, 5.21E-3, 8.33E-14, 1.95E-3, 1.30E-13, 7.81E-4])
(33811, 2, 1, 10, [0.18, 0.06, 0.03, 0.02, 8.84E-3, 5.21E-3, 3.16E-3, 1.95E-3, 1.23E-3, 7.81E-4])
(33827, 2, 1, 10, [0.18, 0.06, 0.03, 0.02, 8.84E-3, 5.21E-3, 3.16E-3, 1.95E-3, 1.23E-3, 7.81E-4])
(33829, 2, 1, 10, [0.18, 0.06, 0.03, 0.02, 8.84E-3, 5.21E-3, 3.16E-3, 1.95E-3, 1.23E-3, 7.81E-4])
(33851, 2, 1, 10, [0.18, 0.06, 0.03, 0.02, 8.84E-3, 5.21E-3, 3.16E-3, 1.95E-3, 1.23E-3, 7.81E-4])
(33857, 2, 1, 10, [5.47E-14, 0.06, 4.56E-14, 0.02, 5.74E-14, 5.21E-3, 8.30E-14, 1.95E-3, 1.29E-13, 7.81E-4])
(33863, 2, 1, 10, [0.18, 0.06, 0.03, 0.02, 8.84E-3, 5.21E-3, 3.16E-3, 1.95E-3, 1.23E-3, 7.81E-4])
(33871, 2, 1, 10, [0.18, 0.06, 0.03, 0.02, 8.84E-3, 5.21E-3, 3.16E-3, 1.95E-3, 1.23E-3, 7.81E-4])
(33889, 2, 1, 10, [1.64E-13, 0.06, 1.36E-13, 0.02, 1.72E-13, 5.21E-3, 2.48E-13, 1.95E-3, 3.87E-13, 7.81E-4])
(33893, 2, 1, 10, [0.18, 0.06, 0.03, 0.02, 8.84E-3, 5.21E-3, 3.16E-3, 1.95E-3, 1.23E-3, 7.81E-4])
(33911, 2, 1, 10, [0.18, 0.06, 0.03, 0.02, 8.84E-3, 5.21E-3, 3.16E-3, 1.95E-3, 1.23E-3, 7.81E-4])
(33923, 2, 1, 10, [0.18, 0.06, 0.03, 0.02, 8.84E-3, 5.21E-3, 3.16E-3, 1.95E-3, 1.23E-3, 7.81E-4])
(33931, 2, 1, 10, [0.18, 0.06, 0.03, 0.02, 8.84E-3, 5.21E-3, 3.16E-3, 1.95E-3, 1.23E-3, 7.81E-4])
(33937, 2, 1, 10, [1.63E-13, 0.06, 1.36E-13, 0.02, 1.71E-13, 5.21E-3, 2.47E-13, 1.95E-3, 3.86E-13, 7.81E-4])
(33941, 2, 1, 10, [0.18, 0.06, 0.03, 0.02, 8.84E-3, 5.21E-3, 3.16E-3, 1.95E-3, 1.23E-3, 7.81E-4])
(33961, 2, 1, 10, [1.62E-13, 0.06, 1.35E-13, 0.02, 1.71E-13, 5.21E-3, 2.47E-13, 1.95E-3, 3.85E-13, 7.81E-4])
(33967, 2, 1, 10, [0.18, 0.06, 0.03, 0.02, 8.84E-3, 5.21E-3, 3.16E-3, 1.95E-3, 1.23E-3, 7.81E-4])
(33997, 2, 1, 10, [0.18, 0.06, 0.03, 0.02, 8.84E-3, 5.21E-3, 3.16E-3, 1.95E-3, 1.23E-3, 7.81E-4])
(34019, 2, 1, 10, [0.18, 0.06, 0.03, 0.02, 8.84E-3, 5.21E-3, 3.16E-3, 1.95E-3, 1.23E-3, 7.81E-4])
(34031, 2, 1, 10, [0.18, 0.06, 0.03, 0.02, 8.84E-3, 5.21E-3, 3.16E-3, 1.95E-3, 1.23E-3, 7.81E-4])
(34033, 2, 1, 10, [1.61E-13, 0.06, 1.35E-13, 0.02, 1.70E-13, 5.21E-3, 2.45E-13, 1.95E-3, 3.82E-13, 7.81E-4])
(34039, 2, 1, 10, [0.18, 0.06, 0.03, 0.02, 8.84E-3, 5.21E-3, 3.16E-3, 1.95E-3, 1.23E-3, 7.81E-4])
(34057, 2, 1, 10, [1.61E-13, 0.06, 1.34E-13, 0.02, 1.69E-13, 5.21E-3, 2.45E-13, 1.95E-3, 3.82E-13, 7.81E-4])
(34061, 2, 1, 10, [0.18, 0.06, 0.03, 0.02, 8.84E-3, 5.21E-3, 3.16E-3, 1.95E-3, 1.23E-3, 7.81E-4])
(34123, 2, 1, 10, [0.18, 0.06, 0.03, 0.02, 8.84E-3, 5.21E-3, 3.16E-3, 1.95E-3, 1.23E-3, 7.81E-4])
(34127, 2, 1, 10, [0.18, 0.06, 0.03, 0.02, 8.84E-3, 5.21E-3, 3.16E-3, 1.95E-3, 1.23E-3, 7.81E-4])
(34129, 2, 1, 10, [1.60E-13, 0.06, 1.33E-13, 0.02, 1.68E-13, 5.21E-3, 2.43E-13, 1.95E-3, 3.79E-13, 7.81E-4])
(34141, 2, 1, 10, [0.18, 0.06, 0.03, 0.02, 8.84E-3, 5.21E-3, 3.16E-3, 1.95E-3, 1.23E-3, 7.81E-4])
(34147, 2, 1, 10, [0.18, 0.06, 0.03, 0.02, 8.84E-3, 5.21E-3, 3.16E-3, 1.95E-3, 1.23E-3, 7.81E-4])
(34157, 2, 1, 10, [0.18, 0.06, 0.03, 0.02, 8.84E-3, 5.21E-3, 3.16E-3, 1.95E-3, 1.23E-3, 7.81E-4])
(34159, 2, 1, 10, [0.18, 0.06, 0.03, 0.02, 8.84E-3, 5.21E-3, 3.16E-3, 1.95E-3, 1.23E-3, 7.81E-4])
(34171, 2, 1, 10, [0.18, 0.06, 0.03, 0.02, 8.84E-3, 5.21E-3, 3.16E-3, 1.95E-3, 1.23E-3, 7.81E-4])
(34183, 2, 1, 10, [0.18, 0.06, 0.03, 0.02, 8.84E-3, 5.21E-3, 3.16E-3, 1.95E-3, 1.23E-3, 7.81E-4])
(34211, 2, 1, 10, [0.18, 0.06, 0.03, 0.02, 8.84E-3, 5.21E-3, 3.16E-3, 1.95E-3, 1.23E-3, 7.81E-4])
(34213, 2, 1, 10, [0.18, 0.06, 0.03, 0.02, 8.84E-3, 5.21E-3, 3.16E-3, 1.95E-3, 1.23E-3, 7.81E-4])
(34217, 2, 1, 10, [5.30E-14, 0.06, 4.41E-14, 0.02, 5.56E-14, 5.21E-3, 8.04E-14, 1.95E-3, 1.25E-13, 7.81E-4])
(34231, 2, 1, 10, [0.18, 0.06, 0.03, 0.02, 8.84E-3, 5.21E-3, 3.16E-3, 1.95E-3, 1.23E-3, 7.81E-4])
(34253, 2, 1, 10, [0.18, 0.06, 0.03, 0.02, 8.84E-3, 5.21E-3, 3.16E-3, 1.95E-3, 1.23E-3, 7.81E-4])
(34259, 2, 1, 10, [0.18, 0.06, 0.03, 0.02, 8.84E-3, 5.21E-3, 3.16E-3, 1.95E-3, 1.23E-3, 7.81E-4])
(34261, 2, 1, 10, [0.18, 0.06, 0.03, 0.02, 8.84E-3, 5.21E-3, 3.16E-3, 1.95E-3, 1.23E-3, 7.81E-4])
(34267, 2, 1, 10, [0.18, 0.06, 0.03, 0.02, 8.84E-3, 5.21E-3, 3.16E-3, 1.95E-3, 1.23E-3, 7.81E-4])
(34273, 2, 1, 10, [1.58E-13, 0.06, 1.32E-13, 0.02, 1.66E-13, 5.21E-3, 2.40E-13, 1.95E-3, 3.74E-13, 7.81E-4])
(34283, 2, 1, 10, [0.18, 0.06, 0.03, 0.02, 8.84E-3, 5.21E-3, 3.16E-3, 1.95E-3, 1.23E-3, 7.81E-4])
(34297, 2, 1, 10, [1.58E-13, 0.06, 1.31E-13, 0.02, 1.66E-13, 5.21E-3, 2.39E-13, 1.95E-3, 3.74E-13, 7.81E-4])
(34301, 2, 1, 10, [0.18, 0.06, 0.03, 0.02, 8.84E-3, 5.21E-3, 3.16E-3, 1.95E-3, 1.23E-3, 7.81E-4])
(34303, 2, 1, 10, [0.18, 0.06, 0.03, 0.02, 8.84E-3, 5.21E-3, 3.16E-3, 1.95E-3, 1.23E-3, 7.81E-4])
(34313, 2, 1, 10, [5.25E-14, 0.06, 4.38E-14, 0.02, 5.51E-14, 5.21E-3, 7.97E-14, 1.95E-3, 1.24E-13, 7.81E-4])
(34319, 2, 1, 10, [0.18, 0.06, 0.03, 0.02, 8.84E-3, 5.21E-3, 3.16E-3, 1.95E-3, 1.23E-3, 7.81E-4])
(34327, 2, 1, 10, [0.18, 0.06, 0.03, 0.02, 8.84E-3, 5.21E-3, 3.16E-3, 1.95E-3, 1.23E-3, 7.81E-4])
(34337, 2, 1, 10, [5.24E-14, 0.06, 4.37E-14, 0.02, 5.50E-14, 5.21E-3, 7.95E-14, 1.95E-3, 1.24E-13, 7.81E-4])
(34351, 2, 1, 10, [0.18, 0.06, 0.03, 0.02, 8.84E-3, 5.21E-3, 3.16E-3, 1.95E-3, 1.23E-3, 7.81E-4])
(34361, 2, 1, 10, [5.23E-14, 0.06, 4.36E-14, 0.02, 5.49E-14, 5.21E-3, 7.94E-14, 1.95E-3, 1.24E-13, 7.81E-4])
(34367, 2, 1, 10, [0.18, 0.06, 0.03, 0.02, 8.84E-3, 5.21E-3, 3.16E-3, 1.95E-3, 1.23E-3, 7.81E-4])
(34369, 2, 1, 10, [0.35, 0.19, 0.12, 0.08, 0.05, 0.04, 0.03, 0.02, 0.01, 8.59E-3])
(34381, 2, 1, 10, [0.18, 0.06, 0.03, 0.02, 8.84E-3, 5.21E-3, 3.16E-3, 1.95E-3, 1.23E-3, 7.81E-4])
(34403, 2, 1, 10, [0.18, 0.06, 0.03, 0.02, 8.84E-3, 5.21E-3, 3.16E-3, 1.95E-3, 1.23E-3, 7.81E-4])
(34421, 2, 1, 10, [0.18, 0.06, 0.03, 0.02, 8.84E-3, 5.21E-3, 3.16E-3, 1.95E-3, 1.23E-3, 7.81E-4])
(34429, 2, 1, 10, [0.18, 0.06, 0.03, 0.02, 8.84E-3, 5.21E-3, 3.16E-3, 1.95E-3, 1.23E-3, 7.81E-4])
(34439, 2, 1, 10, [0.18, 0.06, 0.03, 0.02, 8.84E-3, 5.21E-3, 3.16E-3, 1.95E-3, 1.23E-3, 7.81E-4])
(34457, 2, 1, 10, [5.19E-14, 0.06, 4.32E-14, 0.02, 5.44E-14, 5.21E-3, 7.87E-14, 1.95E-3, 1.23E-13, 7.81E-4])
(34469, 2, 1, 10, [0.18, 0.06, 0.03, 0.02, 8.84E-3, 5.21E-3, 3.16E-3, 1.95E-3, 1.23E-3, 7.81E-4])
(34471, 2, 1, 10, [0.18, 0.06, 0.03, 0.02, 8.84E-3, 5.21E-3, 3.16E-3, 1.95E-3, 1.23E-3, 7.81E-4])
(34483, 2, 1, 10, [0.18, 0.06, 0.03, 0.02, 8.84E-3, 5.21E-3, 3.16E-3, 1.95E-3, 1.23E-3, 7.81E-4])
(34487, 2, 1, 10, [0.18, 0.06, 0.03, 0.02, 8.84E-3, 5.21E-3, 3.16E-3, 1.95E-3, 1.23E-3, 7.81E-4])
(34499, 2, 1, 10, [0.18, 0.06, 0.03, 0.02, 8.84E-3, 5.21E-3, 3.16E-3, 1.95E-3, 1.23E-3, 7.81E-4])
(34501, 2, 1, 10, [0.18, 0.06, 0.03, 0.02, 8.84E-3, 5.21E-3, 3.16E-3, 1.95E-3, 1.23E-3, 7.81E-4])
(34511, 2, 1, 10, [0.18, 0.06, 0.03, 0.02, 8.84E-3, 5.21E-3, 3.16E-3, 1.95E-3, 1.23E-3, 7.81E-4])
(34513, 2, 1, 10, [1.55E-13, 0.06, 1.29E-13, 0.02, 1.63E-13, 5.21E-3, 2.35E-13, 1.95E-3, 3.67E-13, 7.81E-4])
(34519, 2, 1, 10, [0.18, 0.06, 0.03, 0.02, 8.84E-3, 5.21E-3, 3.16E-3, 1.95E-3, 1.23E-3, 7.81E-4])
(34537, 2, 1, 10, [1.54E-13, 0.06, 1.29E-13, 0.02, 1.62E-13, 5.21E-3, 2.34E-13, 1.95E-3, 3.66E-13, 7.81E-4])
(34543, 2, 1, 10, [0.18, 0.06, 0.03, 0.02, 8.84E-3, 5.21E-3, 3.16E-3, 1.95E-3, 1.23E-3, 7.81E-4])
(34549, 2, 1, 10, [0.18, 0.06, 0.03, 0.02, 8.84E-3, 5.21E-3, 3.16E-3, 1.95E-3, 1.23E-3, 7.81E-4])
(34583, 2, 1, 10, [0.18, 0.06, 0.03, 0.02, 8.84E-3, 5.21E-3, 3.16E-3, 1.95E-3, 1.23E-3, 7.81E-4])
(34589, 2, 1, 10, [0.18, 0.06, 0.03, 0.02, 8.84E-3, 5.21E-3, 3.16E-3, 1.95E-3, 1.23E-3, 7.81E-4])
(34591, 2, 1, 10, [0.18, 0.06, 0.03, 0.02, 8.84E-3, 5.21E-3, 3.16E-3, 1.95E-3, 1.23E-3, 7.81E-4])
(34603, 2, 1, 10, [0.18, 0.06, 0.03, 0.02, 8.84E-3, 5.21E-3, 3.16E-3, 1.95E-3, 1.23E-3, 7.81E-4])
(34607, 2, 1, 10, [0.18, 0.06, 0.03, 0.02, 8.84E-3, 5.21E-3, 3.16E-3, 1.95E-3, 1.23E-3, 7.81E-4])
(34613, 2, 1, 10, [0.18, 0.06, 0.03, 0.02, 8.84E-3, 5.21E-3, 3.16E-3, 1.95E-3, 1.23E-3, 7.81E-4])
(34631, 2, 1, 10, [0.18, 0.06, 0.03, 0.02, 8.84E-3, 5.21E-3, 3.16E-3, 1.95E-3, 1.23E-3, 7.81E-4])
(34649, 2, 1, 10, [5.10E-14, 0.06, 4.25E-14, 0.02, 5.35E-14, 5.21E-3, 7.74E-14, 1.95E-3, 1.21E-13, 7.81E-4])
(34651, 2, 1, 10, [0.18, 0.06, 0.03, 0.02, 8.84E-3, 5.21E-3, 3.16E-3, 1.95E-3, 1.23E-3, 7.81E-4])
(34667, 2, 1, 10, [0.18, 0.06, 0.03, 0.02, 8.84E-3, 5.21E-3, 3.16E-3, 1.95E-3, 1.23E-3, 7.81E-4])
(34673, 2, 1, 10, [5.09E-14, 0.06, 4.24E-14, 0.02, 5.34E-14, 5.21E-3, 7.72E-14, 1.95E-3, 1.21E-13, 7.81E-4])
(34679, 2, 1, 10, [0.18, 0.06, 0.03, 0.02, 8.84E-3, 5.21E-3, 3.16E-3, 1.95E-3, 1.23E-3, 7.81E-4])
(34687, 2, 1, 10, [0.18, 0.06, 0.03, 0.02, 8.84E-3, 5.21E-3, 3.16E-3, 1.95E-3, 1.23E-3, 7.81E-4])
(34693, 2, 1, 10, [0.18, 0.06, 0.03, 0.02, 8.84E-3, 5.21E-3, 3.16E-3, 1.95E-3, 1.23E-3, 7.81E-4])
(34703, 2, 1, 10, [0.18, 0.06, 0.03, 0.02, 8.84E-3, 5.21E-3, 3.16E-3, 1.95E-3, 1.23E-3, 7.81E-4])
(34721, 2, 1, 10, [5.07E-14, 0.06, 4.22E-14, 0.02, 5.32E-14, 5.21E-3, 7.69E-14, 1.95E-3, 1.20E-13, 7.81E-4])
(34729, 2, 1, 10, [1.52E-13, 0.06, 1.27E-13, 0.02, 1.60E-13, 5.21E-3, 2.31E-13, 1.95E-3, 3.60E-13, 7.81E-4])
(34739, 2, 1, 10, [0.18, 0.06, 0.03, 0.02, 8.84E-3, 5.21E-3, 3.16E-3, 1.95E-3, 1.23E-3, 7.81E-4])
(34747, 2, 1, 10, [0.18, 0.06, 0.03, 0.02, 8.84E-3, 5.21E-3, 3.16E-3, 1.95E-3, 1.23E-3, 7.81E-4])
(34757, 2, 1, 10, [0.18, 0.06, 0.03, 0.02, 8.84E-3, 5.21E-3, 3.16E-3, 1.95E-3, 1.23E-3, 7.81E-4])
(34759, 2, 1, 10, [0.18, 0.06, 0.03, 0.02, 8.84E-3, 5.21E-3, 3.16E-3, 1.95E-3, 1.23E-3, 7.81E-4])
(34763, 2, 1, 10, [0.18, 0.06, 0.03, 0.02, 8.84E-3, 5.21E-3, 3.16E-3, 1.95E-3, 1.23E-3, 7.81E-4])
(34781, 2, 1, 10, [0.18, 0.06, 0.03, 0.02, 8.84E-3, 5.21E-3, 3.16E-3, 1.95E-3, 1.23E-3, 7.81E-4])
(34807, 2, 1, 10, [0.18, 0.06, 0.03, 0.02, 8.84E-3, 5.21E-3, 3.16E-3, 1.95E-3, 1.23E-3, 7.81E-4])
(34819, 2, 1, 10, [0.18, 0.06, 0.03, 0.02, 8.84E-3, 5.21E-3, 3.16E-3, 1.95E-3, 1.23E-3, 7.81E-4])
(34841, 2, 1, 10, [5.02E-14, 0.06, 4.18E-14, 0.02, 5.27E-14, 5.21E-3, 7.61E-14, 1.95E-3, 1.19E-13, 7.81E-4])
(34843, 2, 1, 10, [0.18, 0.06, 0.03, 0.02, 8.84E-3, 5.21E-3, 3.16E-3, 1.95E-3, 1.23E-3, 7.81E-4])
(34847, 2, 1, 10, [0.18, 0.06, 0.03, 0.02, 8.84E-3, 5.21E-3, 3.16E-3, 1.95E-3, 1.23E-3, 7.81E-4])
(34849, 2, 1, 10, [0.35, 0.19, 0.12, 0.08, 0.05, 0.04, 0.03, 0.02, 0.01, 8.59E-3])
(34871, 2, 1, 10, [0.18, 0.06, 0.03, 0.02, 8.84E-3, 5.21E-3, 3.16E-3, 1.95E-3, 1.23E-3, 7.81E-4])
(34877, 2, 1, 10, [0.18, 0.06, 0.03, 0.02, 8.84E-3, 5.21E-3, 3.16E-3, 1.95E-3, 1.23E-3, 7.81E-4])
(34883, 2, 1, 10, [0.18, 0.06, 0.03, 0.02, 8.84E-3, 5.21E-3, 3.16E-3, 1.95E-3, 1.23E-3, 7.81E-4])
(34897, 2, 1, 10, [1.50E-13, 0.06, 1.25E-13, 0.02, 1.57E-13, 5.21E-3, 2.27E-13, 1.95E-3, 3.55E-13, 7.81E-4])
(34913, 2, 1, 10, [4.98E-14, 0.06, 4.15E-14, 0.02, 5.23E-14, 5.21E-3, 7.57E-14, 1.95E-3, 1.18E-13, 7.81E-4])
(34919, 2, 1, 10, [0.18, 0.06, 0.03, 0.02, 8.84E-3, 5.21E-3, 3.16E-3, 1.95E-3, 1.23E-3, 7.81E-4])
(34939, 2, 1, 10, [0.18, 0.06, 0.03, 0.02, 8.84E-3, 5.21E-3, 3.16E-3, 1.95E-3, 1.23E-3, 7.81E-4])
(34949, 2, 1, 10, [0.18, 0.06, 0.03, 0.02, 8.84E-3, 5.21E-3, 3.16E-3, 1.95E-3, 1.23E-3, 7.81E-4])
(34961, 2, 1, 10, [4.96E-14, 0.06, 4.14E-14, 0.02, 5.21E-14, 5.21E-3, 7.54E-14, 1.95E-3, 1.18E-13, 7.81E-4])
(34963, 2, 1, 10, [0.18, 0.06, 0.03, 0.02, 8.84E-3, 5.21E-3, 3.16E-3, 1.95E-3, 1.23E-3, 7.81E-4])
(34981, 2, 1, 10, [0.18, 0.06, 0.03, 0.02, 8.84E-3, 5.21E-3, 3.16E-3, 1.95E-3, 1.23E-3, 7.81E-4])
(35023, 2, 1, 10, [0.18, 0.06, 0.03, 0.02, 8.84E-3, 5.21E-3, 3.16E-3, 1.95E-3, 1.23E-3, 7.81E-4])
(35027, 2, 1, 10, [0.18, 0.06, 0.03, 0.02, 8.84E-3, 5.21E-3, 3.16E-3, 1.95E-3, 1.23E-3, 7.81E-4])
(35051, 2, 1, 10, [0.18, 0.06, 0.03, 0.02, 8.84E-3, 5.21E-3, 3.16E-3, 1.95E-3, 1.23E-3, 7.81E-4])
(35053, 2, 1, 10, [0.18, 0.06, 0.03, 0.02, 8.84E-3, 5.21E-3, 3.16E-3, 1.95E-3, 1.23E-3, 7.81E-4])
(35059, 2, 1, 10, [0.18, 0.06, 0.03, 0.02, 8.84E-3, 5.21E-3, 3.16E-3, 1.95E-3, 1.23E-3, 7.81E-4])
(35069, 2, 1, 10, [0.18, 0.06, 0.03, 0.02, 8.84E-3, 5.21E-3, 3.16E-3, 1.95E-3, 1.23E-3, 7.81E-4])
(35081, 2, 1, 10, [4.91E-14, 0.06, 4.09E-14, 0.02, 5.16E-14, 5.21E-3, 7.46E-14, 1.95E-3, 1.16E-13, 7.81E-4])
(35083, 2, 1, 10, [0.18, 0.06, 0.03, 0.02, 8.84E-3, 5.21E-3, 3.16E-3, 1.95E-3, 1.23E-3, 7.81E-4])
(35089, 2, 1, 10, [0.35, 0.19, 0.12, 0.08, 0.05, 0.04, 0.03, 0.02, 0.01, 8.59E-3])
(35099, 2, 1, 10, [0.18, 0.06, 0.03, 0.02, 8.84E-3, 5.21E-3, 3.16E-3, 1.95E-3, 1.23E-3, 7.81E-4])
(35107, 2, 1, 10, [0.18, 0.06, 0.03, 0.02, 8.84E-3, 5.21E-3, 3.16E-3, 1.95E-3, 1.23E-3, 7.81E-4])
(35111, 2, 1, 10, [0.18, 0.06, 0.03, 0.02, 8.84E-3, 5.21E-3, 3.16E-3, 1.95E-3, 1.23E-3, 7.81E-4])
(35117, 2, 1, 10, [0.18, 0.06, 0.03, 0.02, 8.84E-3, 5.21E-3, 3.16E-3, 1.95E-3, 1.23E-3, 7.81E-4])
(35129, 2, 1, 10, [4.89E-14, 0.06, 4.08E-14, 0.02, 5.14E-14, 5.21E-3, 7.43E-14, 1.95E-3, 1.16E-13, 7.81E-4])
(35141, 2, 1, 10, [0.18, 0.06, 0.03, 0.02, 8.84E-3, 5.21E-3, 3.16E-3, 1.95E-3, 1.23E-3, 7.81E-4])
(35149, 2, 1, 10, [0.18, 0.06, 0.03, 0.02, 8.84E-3, 5.21E-3, 3.16E-3, 1.95E-3, 1.23E-3, 7.81E-4])
(35153, 2, 1, 10, [4.88E-14, 0.06, 4.07E-14, 0.02, 5.13E-14, 5.21E-3, 7.41E-14, 1.95E-3, 1.16E-13, 7.81E-4])
(35159, 2, 1, 10, [0.18, 0.06, 0.03, 0.02, 8.84E-3, 5.21E-3, 3.16E-3, 1.95E-3, 1.23E-3, 7.81E-4])
(35171, 2, 1, 10, [0.18, 0.06, 0.03, 0.02, 8.84E-3, 5.21E-3, 3.16E-3, 1.95E-3, 1.23E-3, 7.81E-4])
(35201, 2, 1, 10, [4.86E-14, 0.06, 4.05E-14, 0.02, 5.11E-14, 5.21E-3, 7.38E-14, 1.95E-3, 1.15E-13, 7.81E-4])
(35221, 2, 1, 10, [0.18, 0.06, 0.03, 0.02, 8.84E-3, 5.21E-3, 3.16E-3, 1.95E-3, 1.23E-3, 7.81E-4])
(35227, 2, 1, 10, [0.18, 0.06, 0.03, 0.02, 8.84E-3, 5.21E-3, 3.16E-3, 1.95E-3, 1.23E-3, 7.81E-4])
(35251, 2, 1, 10, [0.18, 0.06, 0.03, 0.02, 8.84E-3, 5.21E-3, 3.16E-3, 1.95E-3, 1.23E-3, 7.81E-4])
(35257, 2, 1, 10, [1.45E-13, 0.06, 1.21E-13, 0.02, 1.52E-13, 5.21E-3, 2.20E-13, 1.95E-3, 3.44E-13, 7.81E-4])
(35267, 2, 1, 10, [0.18, 0.06, 0.03, 0.02, 8.84E-3, 5.21E-3, 3.16E-3, 1.95E-3, 1.23E-3, 7.81E-4])
(35279, 2, 1, 10, [0.18, 0.06, 0.03, 0.02, 8.84E-3, 5.21E-3, 3.16E-3, 1.95E-3, 1.23E-3, 7.81E-4])
(35281, 2, 1, 10, [1.45E-13, 0.06, 1.21E-13, 0.02, 1.52E-13, 5.21E-3, 2.20E-13, 1.95E-3, 3.43E-13, 7.81E-4])
(35291, 2, 1, 10, [0.18, 0.06, 0.03, 0.02, 8.84E-3, 5.21E-3, 3.16E-3, 1.95E-3, 1.23E-3, 7.81E-4])
(35311, 2, 1, 10, [0.18, 0.06, 0.03, 0.02, 8.84E-3, 5.21E-3, 3.16E-3, 1.95E-3, 1.23E-3, 7.81E-4])
(35317, 2, 1, 10, [0.18, 0.06, 0.03, 0.02, 8.84E-3, 5.21E-3, 3.16E-3, 1.95E-3, 1.23E-3, 7.81E-4])
(35323, 2, 1, 10, [0.18, 0.06, 0.03, 0.02, 8.84E-3, 5.21E-3, 3.16E-3, 1.95E-3, 1.23E-3, 7.81E-4])
(35327, 2, 1, 10, [0.18, 0.06, 0.03, 0.02, 8.84E-3, 5.21E-3, 3.16E-3, 1.95E-3, 1.23E-3, 7.81E-4])
(35339, 2, 1, 10, [0.18, 0.06, 0.03, 0.02, 8.84E-3, 5.21E-3, 3.16E-3, 1.95E-3, 1.23E-3, 7.81E-4])
(35353, 2, 1, 10, [1.44E-13, 0.06, 1.20E-13, 0.02, 1.51E-13, 5.21E-3, 2.19E-13, 1.95E-3, 3.41E-13, 7.81E-4])
(35363, 2, 1, 10, [0.18, 0.06, 0.03, 0.02, 8.84E-3, 5.21E-3, 3.16E-3, 1.95E-3, 1.23E-3, 7.81E-4])
(35381, 2, 1, 10, [0.18, 0.06, 0.03, 0.02, 8.84E-3, 5.21E-3, 3.16E-3, 1.95E-3, 1.23E-3, 7.81E-4])
(35393, 2, 1, 10, [4.78E-14, 0.06, 3.99E-14, 0.02, 5.02E-14, 5.21E-3, 7.26E-14, 1.95E-3, 1.13E-13, 7.81E-4])
(35401, 2, 1, 10, [1.43E-13, 0.06, 1.20E-13, 0.02, 1.51E-13, 5.21E-3, 2.18E-13, 1.95E-3, 3.40E-13, 7.81E-4])
(35407, 2, 1, 10, [0.18, 0.06, 0.03, 0.02, 8.84E-3, 5.21E-3, 3.16E-3, 1.95E-3, 1.23E-3, 7.81E-4])
(35419, 2, 1, 10, [0.18, 0.06, 0.03, 0.02, 8.84E-3, 5.21E-3, 3.16E-3, 1.95E-3, 1.23E-3, 7.81E-4])
(35423, 2, 1, 10, [0.18, 0.06, 0.03, 0.02, 8.84E-3, 5.21E-3, 3.16E-3, 1.95E-3, 1.23E-3, 7.81E-4])
(35437, 2, 1, 10, [0.18, 0.06, 0.03, 0.02, 8.84E-3, 5.21E-3, 3.16E-3, 1.95E-3, 1.23E-3, 7.81E-4])
(35447, 2, 1, 10, [0.18, 0.06, 0.03, 0.02, 8.84E-3, 5.21E-3, 3.16E-3, 1.95E-3, 1.23E-3, 7.81E-4])
(35449, 2, 1, 10, [1.43E-13, 0.06, 1.19E-13, 0.02, 1.50E-13, 5.21E-3, 2.17E-13, 1.95E-3, 3.38E-13, 7.81E-4])
(35461, 2, 1, 10, [0.18, 0.06, 0.03, 0.02, 8.84E-3, 5.21E-3, 3.16E-3, 1.95E-3, 1.23E-3, 7.81E-4])
(35491, 2, 1, 10, [0.18, 0.06, 0.03, 0.02, 8.84E-3, 5.21E-3, 3.16E-3, 1.95E-3, 1.23E-3, 7.81E-4])
(35507, 2, 1, 10, [0.18, 0.06, 0.03, 0.02, 8.84E-3, 5.21E-3, 3.16E-3, 1.95E-3, 1.23E-3, 7.81E-4])
(35509, 2, 1, 10, [0.18, 0.06, 0.03, 0.02, 8.84E-3, 5.21E-3, 3.16E-3, 1.95E-3, 1.23E-3, 7.81E-4])
(35521, 2, 1, 10, [0.35, 0.19, 0.12, 0.08, 0.05, 0.04, 0.03, 0.02, 0.01, 8.59E-3])
(35527, 2, 1, 10, [0.18, 0.06, 0.03, 0.02, 8.84E-3, 5.21E-3, 3.16E-3, 1.95E-3, 1.23E-3, 7.81E-4])
(35531, 2, 1, 10, [0.18, 0.06, 0.03, 0.02, 8.84E-3, 5.21E-3, 3.16E-3, 1.95E-3, 1.23E-3, 7.81E-4])
(35533, 2, 1, 10, [0.18, 0.06, 0.03, 0.02, 8.84E-3, 5.21E-3, 3.16E-3, 1.95E-3, 1.23E-3, 7.81E-4])
(35537, 2, 1, 10, [4.73E-14, 0.06, 3.94E-14, 0.02, 4.96E-14, 5.21E-3, 7.17E-14, 1.95E-3, 1.12E-13, 7.81E-4])
(35543, 2, 1, 10, [0.18, 0.06, 0.03, 0.02, 8.84E-3, 5.21E-3, 3.16E-3, 1.95E-3, 1.23E-3, 7.81E-4])
(35569, 2, 1, 10, [1.41E-13, 0.06, 1.18E-13, 0.02, 1.48E-13, 5.21E-3, 2.15E-13, 1.95E-3, 3.35E-13, 7.81E-4])
(35573, 2, 1, 10, [0.18, 0.06, 0.03, 0.02, 8.84E-3, 5.21E-3, 3.16E-3, 1.95E-3, 1.23E-3, 7.81E-4])
(35591, 2, 1, 10, [0.18, 0.06, 0.03, 0.02, 8.84E-3, 5.21E-3, 3.16E-3, 1.95E-3, 1.23E-3, 7.81E-4])
(35593, 2, 1, 10, [1.41E-13, 0.06, 1.18E-13, 0.02, 1.48E-13, 5.21E-3, 2.14E-13, 1.95E-3, 3.34E-13, 7.81E-4])
(35597, 2, 1, 10, [0.18, 0.06, 0.03, 0.02, 8.84E-3, 5.21E-3, 3.16E-3, 1.95E-3, 1.23E-3, 7.81E-4])
(35603, 2, 1, 10, [0.18, 0.06, 0.03, 0.02, 8.84E-3, 5.21E-3, 3.16E-3, 1.95E-3, 1.23E-3, 7.81E-4])
(35617, 2, 1, 10, [1.41E-13, 0.06, 1.17E-13, 0.02, 1.48E-13, 5.21E-3, 2.14E-13, 1.95E-3, 3.34E-13, 7.81E-4])
(35671, 2, 1, 10, [0.18, 0.06, 0.03, 0.02, 8.84E-3, 5.21E-3, 3.16E-3, 1.95E-3, 1.23E-3, 7.81E-4])
(35677, 2, 1, 10, [0.18, 0.06, 0.03, 0.02, 8.84E-3, 5.21E-3, 3.16E-3, 1.95E-3, 1.23E-3, 7.81E-4])
(35729, 2, 1, 10, [4.65E-14, 0.06, 3.88E-14, 0.02, 4.88E-14, 5.21E-3, 7.06E-14, 1.95E-3, 1.10E-13, 7.81E-4])
(35731, 2, 1, 10, [0.18, 0.06, 0.03, 0.02, 8.84E-3, 5.21E-3, 3.16E-3, 1.95E-3, 1.23E-3, 7.81E-4])
(35747, 2, 1, 10, [0.18, 0.06, 0.03, 0.02, 8.84E-3, 5.21E-3, 3.16E-3, 1.95E-3, 1.23E-3, 7.81E-4])
(35753, 2, 1, 10, [4.64E-14, 0.06, 3.87E-14, 0.02, 4.87E-14, 5.21E-3, 7.05E-14, 1.95E-3, 1.10E-13, 7.81E-4])
(35759, 2, 1, 10, [0.18, 0.06, 0.03, 0.02, 8.84E-3, 5.21E-3, 3.16E-3, 1.95E-3, 1.23E-3, 7.81E-4])
(35771, 2, 1, 10, [0.18, 0.06, 0.03, 0.02, 8.84E-3, 5.21E-3, 3.16E-3, 1.95E-3, 1.23E-3, 7.81E-4])
(35797, 2, 1, 10, [0.18, 0.06, 0.03, 0.02, 8.84E-3, 5.21E-3, 3.16E-3, 1.95E-3, 1.23E-3, 7.81E-4])
(35801, 2, 1, 10, [4.62E-14, 0.06, 3.85E-14, 0.02, 4.85E-14, 5.21E-3, 7.02E-14, 1.95E-3, 1.09E-13, 7.81E-4])
(35803, 2, 1, 10, [0.18, 0.06, 0.03, 0.02, 8.84E-3, 5.21E-3, 3.16E-3, 1.95E-3, 1.23E-3, 7.81E-4])
(35809, 2, 1, 10, [1.39E-13, 0.06, 1.15E-13, 0.02, 1.46E-13, 5.21E-3, 2.10E-13, 1.95E-3, 3.28E-13, 7.81E-4])
(35831, 2, 1, 10, [0.18, 0.06, 0.03, 0.02, 8.84E-3, 5.21E-3, 3.16E-3, 1.95E-3, 1.23E-3, 7.81E-4])
(35837, 2, 1, 10, [0.18, 0.06, 0.03, 0.02, 8.84E-3, 5.21E-3, 3.16E-3, 1.95E-3, 1.23E-3, 7.81E-4])
(35839, 2, 1, 10, [0.18, 0.06, 0.03, 0.02, 8.84E-3, 5.21E-3, 3.16E-3, 1.95E-3, 1.23E-3, 7.81E-4])
(35851, 2, 1, 10, [0.18, 0.06, 0.03, 0.02, 8.84E-3, 5.21E-3, 3.16E-3, 1.95E-3, 1.23E-3, 7.81E-4])
(35863, 2, 1, 10, [0.18, 0.06, 0.03, 0.02, 8.84E-3, 5.21E-3, 3.16E-3, 1.95E-3, 1.23E-3, 7.81E-4])
(35869, 2, 1, 10, [0.18, 0.06, 0.03, 0.02, 8.84E-3, 5.21E-3, 3.16E-3, 1.95E-3, 1.23E-3, 7.81E-4])
(35879, 2, 1, 10, [0.18, 0.06, 0.03, 0.02, 8.84E-3, 5.21E-3, 3.16E-3, 1.95E-3, 1.23E-3, 7.81E-4])
(35897, 2, 1, 10, [4.59E-14, 0.06, 3.82E-14, 0.02, 4.82E-14, 5.21E-3, 6.96E-14, 1.95E-3, 1.09E-13, 7.81E-4])
(35899, 2, 1, 10, [0.18, 0.06, 0.03, 0.02, 8.84E-3, 5.21E-3, 3.16E-3, 1.95E-3, 1.23E-3, 7.81E-4])
(35911, 2, 1, 10, [0.18, 0.06, 0.03, 0.02, 8.84E-3, 5.21E-3, 3.16E-3, 1.95E-3, 1.23E-3, 7.81E-4])
(35923, 2, 1, 10, [0.18, 0.06, 0.03, 0.02, 8.84E-3, 5.21E-3, 3.16E-3, 1.95E-3, 1.23E-3, 7.81E-4])
(35933, 2, 1, 10, [0.18, 0.06, 0.03, 0.02, 8.84E-3, 5.21E-3, 3.16E-3, 1.95E-3, 1.23E-3, 7.81E-4])
(35951, 2, 1, 10, [0.18, 0.06, 0.03, 0.02, 8.84E-3, 5.21E-3, 3.16E-3, 1.95E-3, 1.23E-3, 7.81E-4])
(35963, 2, 1, 10, [0.18, 0.06, 0.03, 0.02, 8.84E-3, 5.21E-3, 3.16E-3, 1.95E-3, 1.23E-3, 7.81E-4])
(35969, 2, 1, 10, [4.56E-14, 0.06, 3.80E-14, 0.02, 4.79E-14, 5.21E-3, 6.92E-14, 1.95E-3, 1.08E-13, 7.81E-4])
(35977, 2, 1, 10, [1.37E-13, 0.06, 1.14E-13, 0.02, 1.44E-13, 5.21E-3, 2.07E-13, 1.95E-3, 3.24E-13, 7.81E-4])
(35983, 2, 1, 10, [0.18, 0.06, 0.03, 0.02, 8.84E-3, 5.21E-3, 3.16E-3, 1.95E-3, 1.23E-3, 7.81E-4])
(35993, 2, 1, 10, [4.55E-14, 0.06, 3.79E-14, 0.02, 4.78E-14, 5.21E-3, 6.91E-14, 1.95E-3, 1.08E-13, 7.81E-4])
(35999, 2, 1, 10, [0.18, 0.06, 0.03, 0.02, 8.84E-3, 5.21E-3, 3.16E-3, 1.95E-3, 1.23E-3, 7.81E-4])
(36007, 2, 1, 10, [0.18, 0.06, 0.03, 0.02, 8.84E-3, 5.21E-3, 3.16E-3, 1.95E-3, 1.23E-3, 7.81E-4])
(36011, 2, 1, 10, [0.18, 0.06, 0.03, 0.02, 8.84E-3, 5.21E-3, 3.16E-3, 1.95E-3, 1.23E-3, 7.81E-4])
(36013, 2, 1, 10, [0.18, 0.06, 0.03, 0.02, 8.84E-3, 5.21E-3, 3.16E-3, 1.95E-3, 1.23E-3, 7.81E-4])
(36017, 2, 1, 10, [4.54E-14, 0.06, 3.78E-14, 0.02, 4.77E-14, 5.21E-3, 6.89E-14, 1.95E-3, 1.08E-13, 7.81E-4])
(36037, 2, 1, 10, [0.18, 0.06, 0.03, 0.02, 8.84E-3, 5.21E-3, 3.16E-3, 1.95E-3, 1.23E-3, 7.81E-4])
(36061, 2, 1, 10, [0.18, 0.06, 0.03, 0.02, 8.84E-3, 5.21E-3, 3.16E-3, 1.95E-3, 1.23E-3, 7.81E-4])
(36067, 2, 1, 10, [0.18, 0.06, 0.03, 0.02, 8.84E-3, 5.21E-3, 3.16E-3, 1.95E-3, 1.23E-3, 7.81E-4])
(36073, 2, 1, 10, [1.36E-13, 0.06, 1.13E-13, 0.02, 1.42E-13, 5.21E-3, 2.06E-13, 1.95E-3, 3.21E-13, 7.81E-4])
(36083, 2, 1, 10, [0.18, 0.06, 0.03, 0.02, 8.84E-3, 5.21E-3, 3.16E-3, 1.95E-3, 1.23E-3, 7.81E-4])
(36097, 2, 1, 10, [1.35E-13, 0.06, 1.13E-13, 0.02, 1.42E-13, 5.21E-3, 2.05E-13, 1.95E-3, 3.20E-13, 7.81E-4])
(36107, 2, 1, 10, [0.18, 0.06, 0.03, 0.02, 8.84E-3, 5.21E-3, 3.16E-3, 1.95E-3, 1.23E-3, 7.81E-4])
(36109, 2, 1, 10, [0.18, 0.06, 0.03, 0.02, 8.84E-3, 5.21E-3, 3.16E-3, 1.95E-3, 1.23E-3, 7.81E-4])
(36131, 2, 1, 10, [0.18, 0.06, 0.03, 0.02, 8.84E-3, 5.21E-3, 3.16E-3, 1.95E-3, 1.23E-3, 7.81E-4])
(36137, 2, 1, 10, [4.50E-14, 0.06, 3.75E-14, 0.02, 4.72E-14, 5.21E-3, 6.82E-14, 1.95E-3, 1.06E-13, 7.81E-4])
(36151, 2, 1, 10, [0.18, 0.06, 0.03, 0.02, 8.84E-3, 5.21E-3, 3.16E-3, 1.95E-3, 1.23E-3, 7.81E-4])
(36161, 2, 1, 10, [4.49E-14, 0.06, 3.74E-14, 0.02, 4.71E-14, 5.21E-3, 6.81E-14, 1.95E-3, 1.06E-13, 7.81E-4])
(36187, 2, 1, 10, [0.18, 0.06, 0.03, 0.02, 8.84E-3, 5.21E-3, 3.16E-3, 1.95E-3, 1.23E-3, 7.81E-4])
(36191, 2, 1, 10, [0.18, 0.06, 0.03, 0.02, 8.84E-3, 5.21E-3, 3.16E-3, 1.95E-3, 1.23E-3, 7.81E-4])
(36209, 2, 1, 10, [4.47E-14, 0.06, 3.72E-14, 0.02, 4.69E-14, 5.21E-3, 6.78E-14, 1.95E-3, 1.06E-13, 7.81E-4])
(36217, 2, 1, 10, [1.34E-13, 0.06, 1.12E-13, 0.02, 1.41E-13, 5.21E-3, 2.03E-13, 1.95E-3, 3.17E-13, 7.81E-4])
(36229, 2, 1, 10, [0.18, 0.06, 0.03, 0.02, 8.84E-3, 5.21E-3, 3.16E-3, 1.95E-3, 1.23E-3, 7.81E-4])
(36241, 2, 1, 10, [1.34E-13, 0.06, 1.11E-13, 0.02, 1.40E-13, 5.21E-3, 2.03E-13, 1.95E-3, 3.17E-13, 7.81E-4])
(36251, 2, 1, 10, [0.18, 0.06, 0.03, 0.02, 8.84E-3, 5.21E-3, 3.16E-3, 1.95E-3, 1.23E-3, 7.81E-4])
(36263, 2, 1, 10, [0.18, 0.06, 0.03, 0.02, 8.84E-3, 5.21E-3, 3.16E-3, 1.95E-3, 1.23E-3, 7.81E-4])
(36269, 2, 1, 10, [0.18, 0.06, 0.03, 0.02, 8.84E-3, 5.21E-3, 3.16E-3, 1.95E-3, 1.23E-3, 7.81E-4])
(36277, 2, 1, 10, [0.18, 0.06, 0.03, 0.02, 8.84E-3, 5.21E-3, 3.16E-3, 1.95E-3, 1.23E-3, 7.81E-4])
(36293, 2, 1, 10, [0.18, 0.06, 0.03, 0.02, 8.84E-3, 5.21E-3, 3.16E-3, 1.95E-3, 1.23E-3, 7.81E-4])
(36299, 2, 1, 10, [0.18, 0.06, 0.03, 0.02, 8.84E-3, 5.21E-3, 3.16E-3, 1.95E-3, 1.23E-3, 7.81E-4])
(36307, 2, 1, 10, [0.18, 0.06, 0.03, 0.02, 8.84E-3, 5.21E-3, 3.16E-3, 1.95E-3, 1.23E-3, 7.81E-4])
(36313, 2, 1, 10, [1.33E-13, 0.06, 1.11E-13, 0.02, 1.40E-13, 5.21E-3, 2.02E-13, 1.95E-3, 3.15E-13, 7.81E-4])
(36319, 2, 1, 10, [0.18, 0.06, 0.03, 0.02, 8.84E-3, 5.21E-3, 3.16E-3, 1.95E-3, 1.23E-3, 7.81E-4])
(36341, 2, 1, 10, [0.18, 0.06, 0.03, 0.02, 8.84E-3, 5.21E-3, 3.16E-3, 1.95E-3, 1.23E-3, 7.81E-4])
(36343, 2, 1, 10, [0.18, 0.06, 0.03, 0.02, 8.84E-3, 5.21E-3, 3.16E-3, 1.95E-3, 1.23E-3, 7.81E-4])
(36353, 2, 1, 10, [4.42E-14, 0.06, 3.68E-14, 0.02, 4.64E-14, 5.21E-3, 6.70E-14, 1.95E-3, 1.05E-13, 7.81E-4])
(36373, 2, 1, 10, [0.18, 0.06, 0.03, 0.02, 8.84E-3, 5.21E-3, 3.16E-3, 1.95E-3, 1.23E-3, 7.81E-4])
(36383, 2, 1, 10, [0.18, 0.06, 0.03, 0.02, 8.84E-3, 5.21E-3, 3.16E-3, 1.95E-3, 1.23E-3, 7.81E-4])
(36389, 2, 1, 10, [0.18, 0.06, 0.03, 0.02, 8.84E-3, 5.21E-3, 3.16E-3, 1.95E-3, 1.23E-3, 7.81E-4])
(36433, 2, 1, 10, [1.32E-13, 0.06, 1.10E-13, 0.02, 1.38E-13, 5.21E-3, 2.00E-13, 1.95E-3, 3.12E-13, 7.81E-4])
(36451, 2, 1, 10, [0.18, 0.06, 0.03, 0.02, 8.84E-3, 5.21E-3, 3.16E-3, 1.95E-3, 1.23E-3, 7.81E-4])
(36457, 2, 1, 10, [1.31E-13, 0.06, 1.09E-13, 0.02, 1.38E-13, 5.21E-3, 1.99E-13, 1.95E-3, 3.11E-13, 7.81E-4])
(36467, 2, 1, 10, [0.18, 0.06, 0.03, 0.02, 8.84E-3, 5.21E-3, 3.16E-3, 1.95E-3, 1.23E-3, 7.81E-4])
(36469, 2, 1, 10, [0.18, 0.06, 0.03, 0.02, 8.84E-3, 5.21E-3, 3.16E-3, 1.95E-3, 1.23E-3, 7.81E-4])
(36473, 2, 1, 10, [4.37E-14, 0.06, 3.64E-14, 0.02, 4.59E-14, 5.21E-3, 6.64E-14, 1.95E-3, 1.04E-13, 7.81E-4])
(36479, 2, 1, 10, [0.18, 0.06, 0.03, 0.02, 8.84E-3, 5.21E-3, 3.16E-3, 1.95E-3, 1.23E-3, 7.81E-4])
(36493, 2, 1, 10, [0.18, 0.06, 0.03, 0.02, 8.84E-3, 5.21E-3, 3.16E-3, 1.95E-3, 1.23E-3, 7.81E-4])
(36497, 2, 1, 10, [4.36E-14, 0.06, 3.64E-14, 0.02, 4.58E-14, 5.21E-3, 6.62E-14, 1.95E-3, 1.03E-13, 7.81E-4])
(36523, 2, 1, 10, [0.18, 0.06, 0.03, 0.02, 8.84E-3, 5.21E-3, 3.16E-3, 1.95E-3, 1.23E-3, 7.81E-4])
(36527, 2, 1, 10, [0.18, 0.06, 0.03, 0.02, 8.84E-3, 5.21E-3, 3.16E-3, 1.95E-3, 1.23E-3, 7.81E-4])
(36529, 2, 1, 10, [0.35, 0.19, 0.12, 0.08, 0.05, 0.04, 0.03, 0.02, 0.01, 8.59E-3])
(36541, 2, 1, 10, [0.18, 0.06, 0.03, 0.02, 8.84E-3, 5.21E-3, 3.16E-3, 1.95E-3, 1.23E-3, 7.81E-4])
(36551, 2, 1, 10, [0.18, 0.06, 0.03, 0.02, 8.84E-3, 5.21E-3, 3.16E-3, 1.95E-3, 1.23E-3, 7.81E-4])
(36559, 2, 1, 10, [0.18, 0.06, 0.03, 0.02, 8.84E-3, 5.21E-3, 3.16E-3, 1.95E-3, 1.23E-3, 7.81E-4])
(36563, 2, 1, 10, [0.18, 0.06, 0.03, 0.02, 8.84E-3, 5.21E-3, 3.16E-3, 1.95E-3, 1.23E-3, 7.81E-4])
(36571, 2, 1, 10, [0.18, 0.06, 0.03, 0.02, 8.84E-3, 5.21E-3, 3.16E-3, 1.95E-3, 1.23E-3, 7.81E-4])
(36583, 2, 1, 10, [0.18, 0.06, 0.03, 0.02, 8.84E-3, 5.21E-3, 3.16E-3, 1.95E-3, 1.23E-3, 7.81E-4])
(36587, 2, 1, 10, [0.18, 0.06, 0.03, 0.02, 8.84E-3, 5.21E-3, 3.16E-3, 1.95E-3, 1.23E-3, 7.81E-4])
(36599, 2, 1, 10, [0.18, 0.06, 0.03, 0.02, 8.84E-3, 5.21E-3, 3.16E-3, 1.95E-3, 1.23E-3, 7.81E-4])
(36607, 2, 1, 10, [0.18, 0.06, 0.03, 0.02, 8.84E-3, 5.21E-3, 3.16E-3, 1.95E-3, 1.23E-3, 7.81E-4])
(36629, 2, 1, 10, [0.18, 0.06, 0.03, 0.02, 8.84E-3, 5.21E-3, 3.16E-3, 1.95E-3, 1.23E-3, 7.81E-4])
(36637, 2, 1, 10, [0.18, 0.06, 0.03, 0.02, 8.84E-3, 5.21E-3, 3.16E-3, 1.95E-3, 1.23E-3, 7.81E-4])
(36643, 2, 1, 10, [0.18, 0.06, 0.03, 0.02, 8.84E-3, 5.21E-3, 3.16E-3, 1.95E-3, 1.23E-3, 7.81E-4])
(36653, 2, 1, 10, [0.18, 0.06, 0.03, 0.02, 8.84E-3, 5.21E-3, 3.16E-3, 1.95E-3, 1.23E-3, 7.81E-4])
(36671, 2, 1, 10, [0.18, 0.06, 0.03, 0.02, 8.84E-3, 5.21E-3, 3.16E-3, 1.95E-3, 1.23E-3, 7.81E-4])
(36677, 2, 1, 10, [0.18, 0.06, 0.03, 0.02, 8.84E-3, 5.21E-3, 3.16E-3, 1.95E-3, 1.23E-3, 7.81E-4])
(36683, 2, 1, 10, [0.18, 0.06, 0.03, 0.02, 8.84E-3, 5.21E-3, 3.16E-3, 1.95E-3, 1.23E-3, 7.81E-4])
(36691, 2, 1, 10, [0.18, 0.06, 0.03, 0.02, 8.84E-3, 5.21E-3, 3.16E-3, 1.95E-3, 1.23E-3, 7.81E-4])
(36697, 2, 1, 10, [1.29E-13, 0.06, 1.07E-13, 0.02, 1.35E-13, 5.21E-3, 1.95E-13, 1.95E-3, 3.05E-13, 7.81E-4])
(36709, 2, 1, 10, [0.18, 0.06, 0.03, 0.02, 8.84E-3, 5.21E-3, 3.16E-3, 1.95E-3, 1.23E-3, 7.81E-4])
(36713, 2, 1, 10, [4.29E-14, 0.06, 3.57E-14, 0.02, 4.50E-14, 5.21E-3, 6.51E-14, 1.95E-3, 1.02E-13, 7.81E-4])
(36721, 2, 1, 10, [0.35, 0.19, 0.12, 0.08, 0.05, 0.04, 0.03, 0.02, 0.01, 8.59E-3])
(36739, 2, 1, 10, [0.18, 0.06, 0.03, 0.02, 8.84E-3, 5.21E-3, 3.16E-3, 1.95E-3, 1.23E-3, 7.81E-4])
(36749, 2, 1, 10, [0.18, 0.06, 0.03, 0.02, 8.84E-3, 5.21E-3, 3.16E-3, 1.95E-3, 1.23E-3, 7.81E-4])
(36761, 2, 1, 10, [4.27E-14, 0.06, 3.56E-14, 0.02, 4.48E-14, 5.21E-3, 6.48E-14, 1.95E-3, 1.01E-13, 7.81E-4])
(36767, 2, 1, 10, [0.18, 0.06, 0.03, 0.02, 8.84E-3, 5.21E-3, 3.16E-3, 1.95E-3, 1.23E-3, 7.81E-4])
(36779, 2, 1, 10, [0.18, 0.06, 0.03, 0.02, 8.84E-3, 5.21E-3, 3.16E-3, 1.95E-3, 1.23E-3, 7.81E-4])
(36781, 2, 1, 10, [0.18, 0.06, 0.03, 0.02, 8.84E-3, 5.21E-3, 3.16E-3, 1.95E-3, 1.23E-3, 7.81E-4])
(36787, 2, 1, 10, [0.18, 0.06, 0.03, 0.02, 8.84E-3, 5.21E-3, 3.16E-3, 1.95E-3, 1.23E-3, 7.81E-4])
(36791, 2, 1, 10, [0.18, 0.06, 0.03, 0.02, 8.84E-3, 5.21E-3, 3.16E-3, 1.95E-3, 1.23E-3, 7.81E-4])
(36793, 2, 1, 10, [1.28E-13, 0.06, 1.06E-13, 0.02, 1.34E-13, 5.21E-3, 1.94E-13, 1.95E-3, 3.03E-13, 7.81E-4])
(36809, 2, 1, 10, [4.25E-14, 0.06, 3.54E-14, 0.02, 4.47E-14, 5.21E-3, 6.46E-14, 1.95E-3, 1.01E-13, 7.81E-4])
(36821, 2, 1, 10, [0.18, 0.06, 0.03, 0.02, 8.84E-3, 5.21E-3, 3.16E-3, 1.95E-3, 1.23E-3, 7.81E-4])
(36833, 2, 1, 10, [4.25E-14, 0.06, 3.54E-14, 0.02, 4.46E-14, 5.21E-3, 6.44E-14, 1.95E-3, 1.01E-13, 7.81E-4])
(36847, 2, 1, 10, [0.18, 0.06, 0.03, 0.02, 8.84E-3, 5.21E-3, 3.16E-3, 1.95E-3, 1.23E-3, 7.81E-4])
(36857, 2, 1, 10, [4.24E-14, 0.06, 3.53E-14, 0.02, 4.45E-14, 5.21E-3, 6.43E-14, 1.95E-3, 1.00E-13, 7.81E-4])
(36871, 2, 1, 10, [0.18, 0.06, 0.03, 0.02, 8.84E-3, 5.21E-3, 3.16E-3, 1.95E-3, 1.23E-3, 7.81E-4])
(36877, 2, 1, 10, [0.18, 0.06, 0.03, 0.02, 8.84E-3, 5.21E-3, 3.16E-3, 1.95E-3, 1.23E-3, 7.81E-4])
(36887, 2, 1, 10, [0.18, 0.06, 0.03, 0.02, 8.84E-3, 5.21E-3, 3.16E-3, 1.95E-3, 1.23E-3, 7.81E-4])
(36899, 2, 1, 10, [0.18, 0.06, 0.03, 0.02, 8.84E-3, 5.21E-3, 3.16E-3, 1.95E-3, 1.23E-3, 7.81E-4])
(36901, 2, 1, 10, [0.18, 0.06, 0.03, 0.02, 8.84E-3, 5.21E-3, 3.16E-3, 1.95E-3, 1.23E-3, 7.81E-4])
(36913, 2, 1, 10, [1.27E-13, 0.06, 1.05E-13, 0.02, 1.33E-13, 5.21E-3, 1.92E-13, 1.95E-3, 3.00E-13, 7.81E-4])
(36919, 2, 1, 10, [0.18, 0.06, 0.03, 0.02, 8.84E-3, 5.21E-3, 3.16E-3, 1.95E-3, 1.23E-3, 7.81E-4])
(36923, 2, 1, 10, [0.18, 0.06, 0.03, 0.02, 8.84E-3, 5.21E-3, 3.16E-3, 1.95E-3, 1.23E-3, 7.81E-4])
(36929, 2, 1, 10, [4.21E-14, 0.06, 3.51E-14, 0.02, 4.42E-14, 5.21E-3, 6.39E-14, 1.95E-3, 9.97E-14, 7.81E-4])
(36931, 2, 1, 10, [0.18, 0.06, 0.03, 0.02, 8.84E-3, 5.21E-3, 3.16E-3, 1.95E-3, 1.23E-3, 7.81E-4])
(36943, 2, 1, 10, [0.18, 0.06, 0.03, 0.02, 8.84E-3, 5.21E-3, 3.16E-3, 1.95E-3, 1.23E-3, 7.81E-4])
(36947, 2, 1, 10, [0.18, 0.06, 0.03, 0.02, 8.84E-3, 5.21E-3, 3.16E-3, 1.95E-3, 1.23E-3, 7.81E-4])
(36973, 2, 1, 10, [0.18, 0.06, 0.03, 0.02, 8.84E-3, 5.21E-3, 3.16E-3, 1.95E-3, 1.23E-3, 7.81E-4])
(36979, 2, 1, 10, [0.18, 0.06, 0.03, 0.02, 8.84E-3, 5.21E-3, 3.16E-3, 1.95E-3, 1.23E-3, 7.81E-4])
(36997, 2, 1, 10, [0.18, 0.06, 0.03, 0.02, 8.84E-3, 5.21E-3, 3.16E-3, 1.95E-3, 1.23E-3, 7.81E-4])
(37003, 2, 1, 10, [0.18, 0.06, 0.03, 0.02, 8.84E-3, 5.21E-3, 3.16E-3, 1.95E-3, 1.23E-3, 7.81E-4])
(37013, 2, 1, 10, [0.18, 0.06, 0.03, 0.02, 8.84E-3, 5.21E-3, 3.16E-3, 1.95E-3, 1.23E-3, 7.81E-4])
(37019, 2, 1, 10, [0.18, 0.06, 0.03, 0.02, 8.84E-3, 5.21E-3, 3.16E-3, 1.95E-3, 1.23E-3, 7.81E-4])
(37021, 2, 1, 10, [0.18, 0.06, 0.03, 0.02, 8.84E-3, 5.21E-3, 3.16E-3, 1.95E-3, 1.23E-3, 7.81E-4])
(37039, 2, 1, 10, [0.18, 0.06, 0.03, 0.02, 8.84E-3, 5.21E-3, 3.16E-3, 1.95E-3, 1.23E-3, 7.81E-4])
(37049, 2, 1, 10, [4.17E-14, 0.06, 3.48E-14, 0.02, 4.38E-14, 5.21E-3, 6.33E-14, 1.95E-3, 9.88E-14, 7.81E-4])
(37057, 2, 1, 10, [1.25E-13, 0.06, 1.04E-13, 0.02, 1.31E-13, 5.21E-3, 1.90E-13, 1.95E-3, 2.96E-13, 7.81E-4])
(37061, 2, 1, 10, [0.18, 0.06, 0.03, 0.02, 8.84E-3, 5.21E-3, 3.16E-3, 1.95E-3, 1.23E-3, 7.81E-4])
(37087, 2, 1, 10, [0.18, 0.06, 0.03, 0.02, 8.84E-3, 5.21E-3, 3.16E-3, 1.95E-3, 1.23E-3, 7.81E-4])
(37097, 2, 1, 10, [4.16E-14, 0.06, 3.46E-14, 0.02, 4.36E-14, 5.21E-3, 6.31E-14, 1.95E-3, 9.84E-14, 7.81E-4])
(37117, 2, 1, 10, [0.18, 0.06, 0.03, 0.02, 8.84E-3, 5.21E-3, 3.16E-3, 1.95E-3, 1.23E-3, 7.81E-4])
(37123, 2, 1, 10, [0.18, 0.06, 0.03, 0.02, 8.84E-3, 5.21E-3, 3.16E-3, 1.95E-3, 1.23E-3, 7.81E-4])
(37139, 2, 1, 10, [0.18, 0.06, 0.03, 0.02, 8.84E-3, 5.21E-3, 3.16E-3, 1.95E-3, 1.23E-3, 7.81E-4])
(37159, 2, 1, 10, [0.18, 0.06, 0.03, 0.02, 8.84E-3, 5.21E-3, 3.16E-3, 1.95E-3, 1.23E-3, 7.81E-4])
(37171, 2, 1, 10, [0.18, 0.06, 0.03, 0.02, 8.84E-3, 5.21E-3, 3.16E-3, 1.95E-3, 1.23E-3, 7.81E-4])
(37181, 2, 1, 10, [0.18, 0.06, 0.03, 0.02, 8.84E-3, 5.21E-3, 3.16E-3, 1.95E-3, 1.23E-3, 7.81E-4])
(37189, 2, 1, 10, [0.18, 0.06, 0.03, 0.02, 8.84E-3, 5.21E-3, 3.16E-3, 1.95E-3, 1.23E-3, 7.81E-4])
(37199, 2, 1, 10, [0.18, 0.06, 0.03, 0.02, 8.84E-3, 5.21E-3, 3.16E-3, 1.95E-3, 1.23E-3, 7.81E-4])
(37201, 2, 1, 10, [0.35, 0.19, 0.12, 0.08, 0.05, 0.04, 0.03, 0.02, 0.01, 8.59E-3])
(37217, 2, 1, 10, [4.12E-14, 0.06, 3.43E-14, 0.02, 4.32E-14, 5.21E-3, 6.25E-14, 1.95E-3, 9.75E-14, 7.81E-4])
(37223, 2, 1, 10, [0.18, 0.06, 0.03, 0.02, 8.84E-3, 5.21E-3, 3.16E-3, 1.95E-3, 1.23E-3, 7.81E-4])
(37243, 2, 1, 10, [0.18, 0.06, 0.03, 0.02, 8.84E-3, 5.21E-3, 3.16E-3, 1.95E-3, 1.23E-3, 7.81E-4])
(37253, 2, 1, 10, [0.18, 0.06, 0.03, 0.02, 8.84E-3, 5.21E-3, 3.16E-3, 1.95E-3, 1.23E-3, 7.81E-4])
(37273, 2, 1, 10, [1.23E-13, 0.06, 1.02E-13, 0.02, 1.29E-13, 5.21E-3, 1.87E-13, 1.95E-3, 2.91E-13, 7.81E-4])
(37277, 2, 1, 10, [0.18, 0.06, 0.03, 0.02, 8.84E-3, 5.21E-3, 3.16E-3, 1.95E-3, 1.23E-3, 7.81E-4])
(37307, 2, 1, 10, [0.18, 0.06, 0.03, 0.02, 8.84E-3, 5.21E-3, 3.16E-3, 1.95E-3, 1.23E-3, 7.81E-4])
(37309, 2, 1, 10, [0.18, 0.06, 0.03, 0.02, 8.84E-3, 5.21E-3, 3.16E-3, 1.95E-3, 1.23E-3, 7.81E-4])
(37313, 2, 1, 10, [4.08E-14, 0.06, 3.40E-14, 0.02, 4.29E-14, 5.21E-3, 6.20E-14, 1.95E-3, 9.67E-14, 7.81E-4])
(37321, 2, 1, 10, [1.22E-13, 0.06, 1.02E-13, 0.02, 1.29E-13, 5.21E-3, 1.86E-13, 1.95E-3, 2.90E-13, 7.81E-4])
(37337, 2, 1, 10, [4.08E-14, 0.06, 3.40E-14, 0.02, 4.28E-14, 5.21E-3, 6.19E-14, 1.95E-3, 9.65E-14, 7.81E-4])
(37339, 2, 1, 10, [0.18, 0.06, 0.03, 0.02, 8.84E-3, 5.21E-3, 3.16E-3, 1.95E-3, 1.23E-3, 7.81E-4])
(37357, 2, 1, 10, [0.18, 0.06, 0.03, 0.02, 8.84E-3, 5.21E-3, 3.16E-3, 1.95E-3, 1.23E-3, 7.81E-4])
(37361, 2, 1, 10, [4.07E-14, 0.06, 3.39E-14, 0.02, 4.27E-14, 5.21E-3, 6.17E-14, 1.95E-3, 9.63E-14, 7.81E-4])
(37363, 2, 1, 10, [0.18, 0.06, 0.03, 0.02, 8.84E-3, 5.21E-3, 3.16E-3, 1.95E-3, 1.23E-3, 7.81E-4])
(37369, 2, 1, 10, [0.35, 0.19, 0.12, 0.08, 0.05, 0.04, 0.03, 0.02, 0.01, 8.59E-3])
(37379, 2, 1, 10, [0.18, 0.06, 0.03, 0.02, 8.84E-3, 5.21E-3, 3.16E-3, 1.95E-3, 1.23E-3, 7.81E-4])
(37397, 2, 1, 10, [0.18, 0.06, 0.03, 0.02, 8.84E-3, 5.21E-3, 3.16E-3, 1.95E-3, 1.23E-3, 7.81E-4])
(37409, 2, 1, 10, [4.05E-14, 0.06, 3.38E-14, 0.02, 4.25E-14, 5.21E-3, 6.15E-14, 1.95E-3, 9.60E-14, 7.81E-4])
(37423, 2, 1, 10, [0.18, 0.06, 0.03, 0.02, 8.84E-3, 5.21E-3, 3.16E-3, 1.95E-3, 1.23E-3, 7.81E-4])
(37441, 2, 1, 10, [0.35, 0.19, 0.12, 0.08, 0.05, 0.04, 0.03, 0.02, 0.01, 8.59E-3])
(37447, 2, 1, 10, [0.18, 0.06, 0.03, 0.02, 8.84E-3, 5.21E-3, 3.16E-3, 1.95E-3, 1.23E-3, 7.81E-4])
(37463, 2, 1, 10, [0.18, 0.06, 0.03, 0.02, 8.84E-3, 5.21E-3, 3.16E-3, 1.95E-3, 1.23E-3, 7.81E-4])
(37483, 2, 1, 10, [0.18, 0.06, 0.03, 0.02, 8.84E-3, 5.21E-3, 3.16E-3, 1.95E-3, 1.23E-3, 7.81E-4])
(37489, 2, 1, 10, [1.21E-13, 0.06, 1.01E-13, 0.02, 1.27E-13, 5.21E-3, 1.83E-13, 1.95E-3, 2.86E-13, 7.81E-4])
(37493, 2, 1, 10, [0.18, 0.06, 0.03, 0.02, 8.84E-3, 5.21E-3, 3.16E-3, 1.95E-3, 1.23E-3, 7.81E-4])
(37501, 2, 1, 10, [0.18, 0.06, 0.03, 0.02, 8.84E-3, 5.21E-3, 3.16E-3, 1.95E-3, 1.23E-3, 7.81E-4])
(37507, 2, 1, 10, [0.18, 0.06, 0.03, 0.02, 8.84E-3, 5.21E-3, 3.16E-3, 1.95E-3, 1.23E-3, 7.81E-4])
(37511, 2, 1, 10, [0.18, 0.06, 0.03, 0.02, 8.84E-3, 5.21E-3, 3.16E-3, 1.95E-3, 1.23E-3, 7.81E-4])
(37517, 2, 1, 10, [0.18, 0.06, 0.03, 0.02, 8.84E-3, 5.21E-3, 3.16E-3, 1.95E-3, 1.23E-3, 7.81E-4])
(37529, 2, 1, 10, [4.01E-14, 0.06, 3.34E-14, 0.02, 4.21E-14, 5.21E-3, 6.09E-14, 1.95E-3, 9.50E-14, 7.81E-4])
(37537, 2, 1, 10, [1.20E-13, 0.06, 1.00E-13, 0.02, 1.26E-13, 5.21E-3, 1.83E-13, 1.95E-3, 2.85E-13, 7.81E-4])
(37547, 2, 1, 10, [0.18, 0.06, 0.03, 0.02, 8.84E-3, 5.21E-3, 3.16E-3, 1.95E-3, 1.23E-3, 7.81E-4])
(37549, 2, 1, 10, [0.18, 0.06, 0.03, 0.02, 8.84E-3, 5.21E-3, 3.16E-3, 1.95E-3, 1.23E-3, 7.81E-4])
(37561, 2, 1, 10, [0.35, 0.19, 0.12, 0.08, 0.05, 0.04, 0.03, 0.02, 0.01, 8.59E-3])
(37567, 2, 1, 10, [0.18, 0.06, 0.03, 0.02, 8.84E-3, 5.21E-3, 3.16E-3, 1.95E-3, 1.23E-3, 7.81E-4])
(37571, 2, 1, 10, [0.18, 0.06, 0.03, 0.02, 8.84E-3, 5.21E-3, 3.16E-3, 1.95E-3, 1.23E-3, 7.81E-4])
(37573, 2, 1, 10, [0.18, 0.06, 0.03, 0.02, 8.84E-3, 5.21E-3, 3.16E-3, 1.95E-3, 1.23E-3, 7.81E-4])
(37579, 2, 1, 10, [0.18, 0.06, 0.03, 0.02, 8.84E-3, 5.21E-3, 3.16E-3, 1.95E-3, 1.23E-3, 7.81E-4])
(37589, 2, 1, 10, [0.18, 0.06, 0.03, 0.02, 8.84E-3, 5.21E-3, 3.16E-3, 1.95E-3, 1.23E-3, 7.81E-4])
(37591, 2, 1, 10, [0.18, 0.06, 0.03, 0.02, 8.84E-3, 5.21E-3, 3.16E-3, 1.95E-3, 1.23E-3, 7.81E-4])
(37607, 2, 1, 10, [0.18, 0.06, 0.03, 0.02, 8.84E-3, 5.21E-3, 3.16E-3, 1.95E-3, 1.23E-3, 7.81E-4])
(37619, 2, 1, 10, [0.18, 0.06, 0.03, 0.02, 8.84E-3, 5.21E-3, 3.16E-3, 1.95E-3, 1.23E-3, 7.81E-4])
(37633, 2, 1, 10, [1.19E-13, 0.06, 9.95E-14, 0.02, 1.25E-13, 5.21E-3, 1.81E-13, 1.95E-3, 2.83E-13, 7.81E-4])
(37643, 2, 1, 10, [0.18, 0.06, 0.03, 0.02, 8.84E-3, 5.21E-3, 3.16E-3, 1.95E-3, 1.23E-3, 7.81E-4])
(37649, 2, 1, 10, [3.98E-14, 0.06, 3.31E-14, 0.02, 4.17E-14, 5.21E-3, 6.03E-14, 1.95E-3, 9.41E-14, 7.81E-4])
(37657, 2, 1, 10, [1.19E-13, 0.06, 9.93E-14, 0.02, 1.25E-13, 5.21E-3, 1.81E-13, 1.95E-3, 2.82E-13, 7.81E-4])
(37663, 2, 1, 10, [0.18, 0.06, 0.03, 0.02, 8.84E-3, 5.21E-3, 3.16E-3, 1.95E-3, 1.23E-3, 7.81E-4])
(37691, 2, 1, 10, [0.18, 0.06, 0.03, 0.02, 8.84E-3, 5.21E-3, 3.16E-3, 1.95E-3, 1.23E-3, 7.81E-4])
(37693, 2, 1, 10, [0.18, 0.06, 0.03, 0.02, 8.84E-3, 5.21E-3, 3.16E-3, 1.95E-3, 1.23E-3, 7.81E-4])
(37699, 2, 1, 10, [0.18, 0.06, 0.03, 0.02, 8.84E-3, 5.21E-3, 3.16E-3, 1.95E-3, 1.23E-3, 7.81E-4])
(37717, 2, 1, 10, [0.18, 0.06, 0.03, 0.02, 8.84E-3, 5.21E-3, 3.16E-3, 1.95E-3, 1.23E-3, 7.81E-4])
(37747, 2, 1, 10, [0.18, 0.06, 0.03, 0.02, 8.84E-3, 5.21E-3, 3.16E-3, 1.95E-3, 1.23E-3, 7.81E-4])
(37781, 2, 1, 10, [0.18, 0.06, 0.03, 0.02, 8.84E-3, 5.21E-3, 3.16E-3, 1.95E-3, 1.23E-3, 7.81E-4])
(37783, 2, 1, 10, [0.18, 0.06, 0.03, 0.02, 8.84E-3, 5.21E-3, 3.16E-3, 1.95E-3, 1.23E-3, 7.81E-4])
(37799, 2, 1, 10, [0.18, 0.06, 0.03, 0.02, 8.84E-3, 5.21E-3, 3.16E-3, 1.95E-3, 1.23E-3, 7.81E-4])
(37811, 2, 1, 10, [0.18, 0.06, 0.03, 0.02, 8.84E-3, 5.21E-3, 3.16E-3, 1.95E-3, 1.23E-3, 7.81E-4])
(37813, 2, 1, 10, [0.18, 0.06, 0.03, 0.02, 8.84E-3, 5.21E-3, 3.16E-3, 1.95E-3, 1.23E-3, 7.81E-4])
(37831, 2, 1, 10, [0.18, 0.06, 0.03, 0.02, 8.84E-3, 5.21E-3, 3.16E-3, 1.95E-3, 1.23E-3, 7.81E-4])
(37847, 2, 1, 10, [0.18, 0.06, 0.03, 0.02, 8.84E-3, 5.21E-3, 3.16E-3, 1.95E-3, 1.23E-3, 7.81E-4])
(37853, 2, 1, 10, [0.18, 0.06, 0.03, 0.02, 8.84E-3, 5.21E-3, 3.16E-3, 1.95E-3, 1.23E-3, 7.81E-4])
(37861, 2, 1, 10, [0.18, 0.06, 0.03, 0.02, 8.84E-3, 5.21E-3, 3.16E-3, 1.95E-3, 1.23E-3, 7.81E-4])
(37871, 2, 1, 10, [0.18, 0.06, 0.03, 0.02, 8.84E-3, 5.21E-3, 3.16E-3, 1.95E-3, 1.23E-3, 7.81E-4])
(37879, 2, 1, 10, [0.18, 0.06, 0.03, 0.02, 8.84E-3, 5.21E-3, 3.16E-3, 1.95E-3, 1.23E-3, 7.81E-4])
(37889, 2, 1, 10, [3.90E-14, 0.06, 3.25E-14, 0.02, 4.10E-14, 5.21E-3, 5.92E-14, 1.95E-3, 9.24E-14, 7.81E-4])
(37897, 2, 1, 10, [1.17E-13, 0.06, 9.74E-14, 0.02, 1.23E-13, 5.21E-3, 1.77E-13, 1.95E-3, 2.77E-13, 7.81E-4])
(37907, 2, 1, 10, [0.18, 0.06, 0.03, 0.02, 8.84E-3, 5.21E-3, 3.16E-3, 1.95E-3, 1.23E-3, 7.81E-4])
(37951, 2, 1, 10, [0.18, 0.06, 0.03, 0.02, 8.84E-3, 5.21E-3, 3.16E-3, 1.95E-3, 1.23E-3, 7.81E-4])
(37957, 2, 1, 10, [0.18, 0.06, 0.03, 0.02, 8.84E-3, 5.21E-3, 3.16E-3, 1.95E-3, 1.23E-3, 7.81E-4])
(37963, 2, 1, 10, [0.18, 0.06, 0.03, 0.02, 8.84E-3, 5.21E-3, 3.16E-3, 1.95E-3, 1.23E-3, 7.81E-4])
(37967, 2, 1, 10, [0.18, 0.06, 0.03, 0.02, 8.84E-3, 5.21E-3, 3.16E-3, 1.95E-3, 1.23E-3, 7.81E-4])
(37987, 2, 1, 10, [0.18, 0.06, 0.03, 0.02, 8.84E-3, 5.21E-3, 3.16E-3, 1.95E-3, 1.23E-3, 7.81E-4])
(37991, 2, 1, 10, [0.18, 0.06, 0.03, 0.02, 8.84E-3, 5.21E-3, 3.16E-3, 1.95E-3, 1.23E-3, 7.81E-4])
(37993, 2, 1, 10, [1.16E-13, 0.06, 9.67E-14, 0.02, 1.22E-13, 5.21E-3, 1.76E-13, 1.95E-3, 2.75E-13, 7.81E-4])
(37997, 2, 1, 10, [0.18, 0.06, 0.03, 0.02, 8.84E-3, 5.21E-3, 3.16E-3, 1.95E-3, 1.23E-3, 7.81E-4])
(38011, 2, 1, 10, [0.18, 0.06, 0.03, 0.02, 8.84E-3, 5.21E-3, 3.16E-3, 1.95E-3, 1.23E-3, 7.81E-4])
(38039, 2, 1, 10, [0.18, 0.06, 0.03, 0.02, 8.84E-3, 5.21E-3, 3.16E-3, 1.95E-3, 1.23E-3, 7.81E-4])
(38047, 2, 1, 10, [0.18, 0.06, 0.03, 0.02, 8.84E-3, 5.21E-3, 3.16E-3, 1.95E-3, 1.23E-3, 7.81E-4])
(38053, 2, 1, 10, [0.18, 0.06, 0.03, 0.02, 8.84E-3, 5.21E-3, 3.16E-3, 1.95E-3, 1.23E-3, 7.81E-4])
(38069, 2, 1, 10, [0.18, 0.06, 0.03, 0.02, 8.84E-3, 5.21E-3, 3.16E-3, 1.95E-3, 1.23E-3, 7.81E-4])
(38083, 2, 1, 10, [0.18, 0.06, 0.03, 0.02, 8.84E-3, 5.21E-3, 3.16E-3, 1.95E-3, 1.23E-3, 7.81E-4])
(38113, 2, 1, 10, [1.15E-13, 0.06, 9.58E-14, 0.02, 1.21E-13, 5.21E-3, 1.74E-13, 1.95E-3, 2.72E-13, 7.81E-4])
(38119, 2, 1, 10, [0.18, 0.06, 0.03, 0.02, 8.84E-3, 5.21E-3, 3.16E-3, 1.95E-3, 1.23E-3, 7.81E-4])
(38149, 2, 1, 10, [0.18, 0.06, 0.03, 0.02, 8.84E-3, 5.21E-3, 3.16E-3, 1.95E-3, 1.23E-3, 7.81E-4])
(38153, 2, 1, 10, [3.82E-14, 0.06, 3.18E-14, 0.02, 4.01E-14, 5.21E-3, 5.80E-14, 1.95E-3, 9.05E-14, 7.81E-4])
(38167, 2, 1, 10, [0.18, 0.06, 0.03, 0.02, 8.84E-3, 5.21E-3, 3.16E-3, 1.95E-3, 1.23E-3, 7.81E-4])
(38177, 2, 1, 10, [3.81E-14, 0.06, 3.18E-14, 0.02, 4.00E-14, 5.21E-3, 5.79E-14, 1.95E-3, 9.03E-14, 7.81E-4])
(38183, 2, 1, 10, [0.18, 0.06, 0.03, 0.02, 8.84E-3, 5.21E-3, 3.16E-3, 1.95E-3, 1.23E-3, 7.81E-4])
(38189, 2, 1, 10, [0.18, 0.06, 0.03, 0.02, 8.84E-3, 5.21E-3, 3.16E-3, 1.95E-3, 1.23E-3, 7.81E-4])
(38197, 2, 1, 10, [0.18, 0.06, 0.03, 0.02, 8.84E-3, 5.21E-3, 3.16E-3, 1.95E-3, 1.23E-3, 7.81E-4])
(38201, 2, 1, 10, [3.81E-14, 0.06, 3.17E-14, 0.02, 4.00E-14, 5.21E-3, 5.78E-14, 1.95E-3, 9.01E-14, 7.81E-4])
(38219, 2, 1, 10, [0.18, 0.06, 0.03, 0.02, 8.84E-3, 5.21E-3, 3.16E-3, 1.95E-3, 1.23E-3, 7.81E-4])
(38231, 2, 1, 10, [0.18, 0.06, 0.03, 0.02, 8.84E-3, 5.21E-3, 3.16E-3, 1.95E-3, 1.23E-3, 7.81E-4])
(38237, 2, 1, 10, [0.18, 0.06, 0.03, 0.02, 8.84E-3, 5.21E-3, 3.16E-3, 1.95E-3, 1.23E-3, 7.81E-4])
(38239, 2, 1, 10, [0.18, 0.06, 0.03, 0.02, 8.84E-3, 5.21E-3, 3.16E-3, 1.95E-3, 1.23E-3, 7.81E-4])
(38261, 2, 1, 10, [0.18, 0.06, 0.03, 0.02, 8.84E-3, 5.21E-3, 3.16E-3, 1.95E-3, 1.23E-3, 7.81E-4])
(38273, 2, 1, 10, [3.78E-14, 0.06, 3.15E-14, 0.02, 3.97E-14, 5.21E-3, 5.74E-14, 1.95E-3, 8.96E-14, 7.81E-4])
(38281, 2, 1, 10, [0.35, 0.19, 0.12, 0.08, 0.05, 0.04, 0.03, 0.02, 0.01, 8.59E-3])
(38287, 2, 1, 10, [0.18, 0.06, 0.03, 0.02, 8.84E-3, 5.21E-3, 3.16E-3, 1.95E-3, 1.23E-3, 7.81E-4])
(38299, 2, 1, 10, [0.18, 0.06, 0.03, 0.02, 8.84E-3, 5.21E-3, 3.16E-3, 1.95E-3, 1.23E-3, 7.81E-4])
(38303, 2, 1, 10, [0.18, 0.06, 0.03, 0.02, 8.84E-3, 5.21E-3, 3.16E-3, 1.95E-3, 1.23E-3, 7.81E-4])
(38317, 2, 1, 10, [0.18, 0.06, 0.03, 0.02, 8.84E-3, 5.21E-3, 3.16E-3, 1.95E-3, 1.23E-3, 7.81E-4])
(38321, 2, 1, 10, [3.77E-14, 0.06, 3.14E-14, 0.02, 3.96E-14, 5.21E-3, 5.72E-14, 1.95E-3, 8.93E-14, 7.81E-4])
(38327, 2, 1, 10, [0.18, 0.06, 0.03, 0.02, 8.84E-3, 5.21E-3, 3.16E-3, 1.95E-3, 1.23E-3, 7.81E-4])
(38329, 2, 1, 10, [1.13E-13, 0.06, 9.42E-14, 0.02, 1.19E-13, 5.21E-3, 1.72E-13, 1.95E-3, 2.68E-13, 7.81E-4])
(38333, 2, 1, 10, [0.18, 0.06, 0.03, 0.02, 8.84E-3, 5.21E-3, 3.16E-3, 1.95E-3, 1.23E-3, 7.81E-4])
(38351, 2, 1, 10, [0.18, 0.06, 0.03, 0.02, 8.84E-3, 5.21E-3, 3.16E-3, 1.95E-3, 1.23E-3, 7.81E-4])
(38371, 2, 1, 10, [0.18, 0.06, 0.03, 0.02, 8.84E-3, 5.21E-3, 3.16E-3, 1.95E-3, 1.23E-3, 7.81E-4])
(38377, 2, 1, 10, [1.13E-13, 0.06, 9.38E-14, 0.02, 1.18E-13, 5.21E-3, 1.71E-13, 1.95E-3, 2.67E-13, 7.81E-4])
(38393, 2, 1, 10, [3.75E-14, 0.06, 3.12E-14, 0.02, 3.94E-14, 5.21E-3, 5.69E-14, 1.95E-3, 8.88E-14, 7.81E-4])
(38431, 2, 1, 10, [0.18, 0.06, 0.03, 0.02, 8.84E-3, 5.21E-3, 3.16E-3, 1.95E-3, 1.23E-3, 7.81E-4])
(38447, 2, 1, 10, [0.18, 0.06, 0.03, 0.02, 8.84E-3, 5.21E-3, 3.16E-3, 1.95E-3, 1.23E-3, 7.81E-4])
(38449, 2, 1, 10, [0.35, 0.19, 0.12, 0.08, 0.05, 0.04, 0.03, 0.02, 0.01, 8.59E-3])
(38453, 2, 1, 10, [0.18, 0.06, 0.03, 0.02, 8.84E-3, 5.21E-3, 3.16E-3, 1.95E-3, 1.23E-3, 7.81E-4])
(38459, 2, 1, 10, [0.18, 0.06, 0.03, 0.02, 8.84E-3, 5.21E-3, 3.16E-3, 1.95E-3, 1.23E-3, 7.81E-4])
(38461, 2, 1, 10, [0.18, 0.06, 0.03, 0.02, 8.84E-3, 5.21E-3, 3.16E-3, 1.95E-3, 1.23E-3, 7.81E-4])
(38501, 2, 1, 10, [0.18, 0.06, 0.03, 0.02, 8.84E-3, 5.21E-3, 3.16E-3, 1.95E-3, 1.23E-3, 7.81E-4])
(38543, 2, 1, 10, [0.18, 0.06, 0.03, 0.02, 8.84E-3, 5.21E-3, 3.16E-3, 1.95E-3, 1.23E-3, 7.81E-4])
(38557, 2, 1, 10, [0.18, 0.06, 0.03, 0.02, 8.84E-3, 5.21E-3, 3.16E-3, 1.95E-3, 1.23E-3, 7.81E-4])
(38561, 2, 1, 10, [3.70E-14, 0.06, 3.08E-14, 0.02, 3.88E-14, 5.21E-3, 5.62E-14, 1.95E-3, 8.76E-14, 7.81E-4])
(38567, 2, 1, 10, [0.18, 0.06, 0.03, 0.02, 8.84E-3, 5.21E-3, 3.16E-3, 1.95E-3, 1.23E-3, 7.81E-4])
(38569, 2, 1, 10, [0.35, 0.19, 0.12, 0.08, 0.05, 0.04, 0.03, 0.02, 0.01, 8.59E-3])
(38593, 2, 1, 10, [1.11E-13, 0.06, 9.23E-14, 0.02, 1.16E-13, 5.21E-3, 1.68E-13, 1.95E-3, 2.62E-13, 7.81E-4])
(38603, 2, 1, 10, [0.18, 0.06, 0.03, 0.02, 8.84E-3, 5.21E-3, 3.16E-3, 1.95E-3, 1.23E-3, 7.81E-4])
(38609, 2, 1, 10, [3.69E-14, 0.06, 3.07E-14, 0.02, 3.87E-14, 5.21E-3, 5.59E-14, 1.95E-3, 8.73E-14, 7.81E-4])
(38611, 2, 1, 10, [0.18, 0.06, 0.03, 0.02, 8.84E-3, 5.21E-3, 3.16E-3, 1.95E-3, 1.23E-3, 7.81E-4])
(38629, 2, 1, 10, [0.18, 0.06, 0.03, 0.02, 8.84E-3, 5.21E-3, 3.16E-3, 1.95E-3, 1.23E-3, 7.81E-4])
(38639, 2, 1, 10, [0.18, 0.06, 0.03, 0.02, 8.84E-3, 5.21E-3, 3.16E-3, 1.95E-3, 1.23E-3, 7.81E-4])
(38651, 2, 1, 10, [0.18, 0.06, 0.03, 0.02, 8.84E-3, 5.21E-3, 3.16E-3, 1.95E-3, 1.23E-3, 7.81E-4])
(38653, 2, 1, 10, [0.18, 0.06, 0.03, 0.02, 8.84E-3, 5.21E-3, 3.16E-3, 1.95E-3, 1.23E-3, 7.81E-4])
(38669, 2, 1, 10, [0.18, 0.06, 0.03, 0.02, 8.84E-3, 5.21E-3, 3.16E-3, 1.95E-3, 1.23E-3, 7.81E-4])
(38671, 2, 1, 10, [0.18, 0.06, 0.03, 0.02, 8.84E-3, 5.21E-3, 3.16E-3, 1.95E-3, 1.23E-3, 7.81E-4])
(38677, 2, 1, 10, [0.18, 0.06, 0.03, 0.02, 8.84E-3, 5.21E-3, 3.16E-3, 1.95E-3, 1.23E-3, 7.81E-4])
(38693, 2, 1, 10, [0.18, 0.06, 0.03, 0.02, 8.84E-3, 5.21E-3, 3.16E-3, 1.95E-3, 1.23E-3, 7.81E-4])
(38699, 2, 1, 10, [0.18, 0.06, 0.03, 0.02, 8.84E-3, 5.21E-3, 3.16E-3, 1.95E-3, 1.23E-3, 7.81E-4])
(38707, 2, 1, 10, [0.18, 0.06, 0.03, 0.02, 8.84E-3, 5.21E-3, 3.16E-3, 1.95E-3, 1.23E-3, 7.81E-4])
(38711, 2, 1, 10, [0.18, 0.06, 0.03, 0.02, 8.84E-3, 5.21E-3, 3.16E-3, 1.95E-3, 1.23E-3, 7.81E-4])
(38713, 2, 1, 10, [1.10E-13, 0.06, 9.14E-14, 0.02, 1.15E-13, 5.21E-3, 1.66E-13, 1.95E-3, 2.60E-13, 7.81E-4])
(38723, 2, 1, 10, [0.18, 0.06, 0.03, 0.02, 8.84E-3, 5.21E-3, 3.16E-3, 1.95E-3, 1.23E-3, 7.81E-4])
(38729, 2, 1, 10, [3.65E-14, 0.06, 3.04E-14, 0.02, 3.83E-14, 5.21E-3, 5.54E-14, 1.95E-3, 8.65E-14, 7.81E-4])
(38737, 2, 1, 10, [1.09E-13, 0.06, 9.12E-14, 0.02, 1.15E-13, 5.21E-3, 1.66E-13, 1.95E-3, 2.59E-13, 7.81E-4])
(38747, 2, 1, 10, [0.18, 0.06, 0.03, 0.02, 8.84E-3, 5.21E-3, 3.16E-3, 1.95E-3, 1.23E-3, 7.81E-4])
(38749, 2, 1, 10, [0.18, 0.06, 0.03, 0.02, 8.84E-3, 5.21E-3, 3.16E-3, 1.95E-3, 1.23E-3, 7.81E-4])
(38767, 2, 1, 10, [0.18, 0.06, 0.03, 0.02, 8.84E-3, 5.21E-3, 3.16E-3, 1.95E-3, 1.23E-3, 7.81E-4])
(38783, 2, 1, 10, [0.18, 0.06, 0.03, 0.02, 8.84E-3, 5.21E-3, 3.16E-3, 1.95E-3, 1.23E-3, 7.81E-4])
(38791, 2, 1, 10, [0.18, 0.06, 0.03, 0.02, 8.84E-3, 5.21E-3, 3.16E-3, 1.95E-3, 1.23E-3, 7.81E-4])
(38803, 2, 1, 10, [0.18, 0.06, 0.03, 0.02, 8.84E-3, 5.21E-3, 3.16E-3, 1.95E-3, 1.23E-3, 7.81E-4])
(38821, 2, 1, 10, [0.18, 0.06, 0.03, 0.02, 8.84E-3, 5.21E-3, 3.16E-3, 1.95E-3, 1.23E-3, 7.81E-4])
(38833, 2, 1, 10, [1.09E-13, 0.06, 9.06E-14, 0.02, 1.14E-13, 5.21E-3, 1.65E-13, 1.95E-3, 2.57E-13, 7.81E-4])
(38839, 2, 1, 10, [0.18, 0.06, 0.03, 0.02, 8.84E-3, 5.21E-3, 3.16E-3, 1.95E-3, 1.23E-3, 7.81E-4])
(38851, 2, 1, 10, [0.18, 0.06, 0.03, 0.02, 8.84E-3, 5.21E-3, 3.16E-3, 1.95E-3, 1.23E-3, 7.81E-4])
(38861, 2, 1, 10, [0.18, 0.06, 0.03, 0.02, 8.84E-3, 5.21E-3, 3.16E-3, 1.95E-3, 1.23E-3, 7.81E-4])
(38867, 2, 1, 10, [0.18, 0.06, 0.03, 0.02, 8.84E-3, 5.21E-3, 3.16E-3, 1.95E-3, 1.23E-3, 7.81E-4])
(38873, 2, 1, 10, [3.61E-14, 0.06, 3.01E-14, 0.02, 3.79E-14, 5.21E-3, 5.48E-14, 1.95E-3, 8.55E-14, 7.81E-4])
(38891, 2, 1, 10, [0.18, 0.06, 0.03, 0.02, 8.84E-3, 5.21E-3, 3.16E-3, 1.95E-3, 1.23E-3, 7.81E-4])
(38903, 2, 1, 10, [0.18, 0.06, 0.03, 0.02, 8.84E-3, 5.21E-3, 3.16E-3, 1.95E-3, 1.23E-3, 7.81E-4])
(38917, 2, 1, 10, [0.18, 0.06, 0.03, 0.02, 8.84E-3, 5.21E-3, 3.16E-3, 1.95E-3, 1.23E-3, 7.81E-4])
(38921, 2, 1, 10, [3.60E-14, 0.06, 3.00E-14, 0.02, 3.78E-14, 5.21E-3, 5.46E-14, 1.95E-3, 8.52E-14, 7.81E-4])
(38923, 2, 1, 10, [0.18, 0.06, 0.03, 0.02, 8.84E-3, 5.21E-3, 3.16E-3, 1.95E-3, 1.23E-3, 7.81E-4])
(38933, 2, 1, 10, [0.18, 0.06, 0.03, 0.02, 8.84E-3, 5.21E-3, 3.16E-3, 1.95E-3, 1.23E-3, 7.81E-4])
(38953, 2, 1, 10, [1.08E-13, 0.06, 8.97E-14, 0.02, 1.13E-13, 5.21E-3, 1.63E-13, 1.95E-3, 2.55E-13, 7.81E-4])
(38959, 2, 1, 10, [0.18, 0.06, 0.03, 0.02, 8.84E-3, 5.21E-3, 3.16E-3, 1.95E-3, 1.23E-3, 7.81E-4])
(38971, 2, 1, 10, [0.18, 0.06, 0.03, 0.02, 8.84E-3, 5.21E-3, 3.16E-3, 1.95E-3, 1.23E-3, 7.81E-4])
(38977, 2, 1, 10, [1.07E-13, 0.06, 8.96E-14, 0.02, 1.13E-13, 5.21E-3, 1.63E-13, 1.95E-3, 2.55E-13, 7.81E-4])
(38993, 2, 1, 10, [3.58E-14, 0.06, 2.98E-14, 0.02, 3.76E-14, 5.21E-3, 5.43E-14, 1.95E-3, 8.47E-14, 7.81E-4])
(39019, 2, 1, 10, [0.18, 0.06, 0.03, 0.02, 8.84E-3, 5.21E-3, 3.16E-3, 1.95E-3, 1.23E-3, 7.81E-4])
(39023, 2, 1, 10, [0.18, 0.06, 0.03, 0.02, 8.84E-3, 5.21E-3, 3.16E-3, 1.95E-3, 1.23E-3, 7.81E-4])
(39041, 2, 1, 10, [3.56E-14, 0.06, 2.97E-14, 0.02, 3.74E-14, 5.21E-3, 5.41E-14, 1.95E-3, 8.44E-14, 7.81E-4])
(39043, 2, 1, 10, [0.18, 0.06, 0.03, 0.02, 8.84E-3, 5.21E-3, 3.16E-3, 1.95E-3, 1.23E-3, 7.81E-4])
(39047, 2, 1, 10, [0.18, 0.06, 0.03, 0.02, 8.84E-3, 5.21E-3, 3.16E-3, 1.95E-3, 1.23E-3, 7.81E-4])
(39079, 2, 1, 10, [0.18, 0.06, 0.03, 0.02, 8.84E-3, 5.21E-3, 3.16E-3, 1.95E-3, 1.23E-3, 7.81E-4])
(39089, 2, 1, 10, [3.55E-14, 0.06, 2.96E-14, 0.02, 3.73E-14, 5.21E-3, 5.39E-14, 1.95E-3, 8.41E-14, 7.81E-4])
(39097, 2, 1, 10, [1.06E-13, 0.06, 8.87E-14, 0.02, 1.12E-13, 5.21E-3, 1.62E-13, 1.95E-3, 2.52E-13, 7.81E-4])
(39103, 2, 1, 10, [0.18, 0.06, 0.03, 0.02, 8.84E-3, 5.21E-3, 3.16E-3, 1.95E-3, 1.23E-3, 7.81E-4])
(39107, 2, 1, 10, [0.18, 0.06, 0.03, 0.02, 8.84E-3, 5.21E-3, 3.16E-3, 1.95E-3, 1.23E-3, 7.81E-4])
(39113, 2, 1, 10, [3.55E-14, 0.06, 2.95E-14, 0.02, 3.72E-14, 5.21E-3, 5.38E-14, 1.95E-3, 8.40E-14, 7.81E-4])
(39119, 2, 1, 10, [0.18, 0.06, 0.03, 0.02, 8.84E-3, 5.21E-3, 3.16E-3, 1.95E-3, 1.23E-3, 7.81E-4])
(39133, 2, 1, 10, [0.18, 0.06, 0.03, 0.02, 8.84E-3, 5.21E-3, 3.16E-3, 1.95E-3, 1.23E-3, 7.81E-4])
(39139, 2, 1, 10, [0.18, 0.06, 0.03, 0.02, 8.84E-3, 5.21E-3, 3.16E-3, 1.95E-3, 1.23E-3, 7.81E-4])
(39157, 2, 1, 10, [0.18, 0.06, 0.03, 0.02, 8.84E-3, 5.21E-3, 3.16E-3, 1.95E-3, 1.23E-3, 7.81E-4])
(39161, 2, 1, 10, [3.53E-14, 0.06, 2.94E-14, 0.02, 3.71E-14, 5.21E-3, 5.36E-14, 1.95E-3, 8.36E-14, 7.81E-4])
(39163, 2, 1, 10, [0.18, 0.06, 0.03, 0.02, 8.84E-3, 5.21E-3, 3.16E-3, 1.95E-3, 1.23E-3, 7.81E-4])
(39181, 2, 1, 10, [0.18, 0.06, 0.03, 0.02, 8.84E-3, 5.21E-3, 3.16E-3, 1.95E-3, 1.23E-3, 7.81E-4])
(39191, 2, 1, 10, [0.18, 0.06, 0.03, 0.02, 8.84E-3, 5.21E-3, 3.16E-3, 1.95E-3, 1.23E-3, 7.81E-4])
(39199, 2, 1, 10, [0.18, 0.06, 0.03, 0.02, 8.84E-3, 5.21E-3, 3.16E-3, 1.95E-3, 1.23E-3, 7.81E-4])
(39209, 2, 1, 10, [3.52E-14, 0.06, 2.93E-14, 0.02, 3.70E-14, 5.21E-3, 5.34E-14, 1.95E-3, 8.33E-14, 7.81E-4])
(39217, 2, 1, 10, [1.06E-13, 0.06, 8.79E-14, 0.02, 1.11E-13, 5.21E-3, 1.60E-13, 1.95E-3, 2.50E-13, 7.81E-4])
(39227, 2, 1, 10, [0.18, 0.06, 0.03, 0.02, 8.84E-3, 5.21E-3, 3.16E-3, 1.95E-3, 1.23E-3, 7.81E-4])
(39229, 2, 1, 10, [0.18, 0.06, 0.03, 0.02, 8.84E-3, 5.21E-3, 3.16E-3, 1.95E-3, 1.23E-3, 7.81E-4])
(39233, 2, 1, 10, [3.51E-14, 0.06, 2.93E-14, 0.02, 3.69E-14, 5.21E-3, 5.33E-14, 1.95E-3, 8.32E-14, 7.81E-4])
(39239, 2, 1, 10, [0.18, 0.06, 0.03, 0.02, 8.84E-3, 5.21E-3, 3.16E-3, 1.95E-3, 1.23E-3, 7.81E-4])
(39241, 2, 1, 10, [0.35, 0.19, 0.12, 0.08, 0.05, 0.04, 0.03, 0.02, 0.01, 8.59E-3])
(39251, 2, 1, 10, [0.18, 0.06, 0.03, 0.02, 8.84E-3, 5.21E-3, 3.16E-3, 1.95E-3, 1.23E-3, 7.81E-4])
(39293, 2, 1, 10, [0.18, 0.06, 0.03, 0.02, 8.84E-3, 5.21E-3, 3.16E-3, 1.95E-3, 1.23E-3, 7.81E-4])
(39301, 2, 1, 10, [0.18, 0.06, 0.03, 0.02, 8.84E-3, 5.21E-3, 3.16E-3, 1.95E-3, 1.23E-3, 7.81E-4])
(39313, 2, 1, 10, [1.05E-13, 0.06, 8.73E-14, 0.02, 1.10E-13, 5.21E-3, 1.59E-13, 1.95E-3, 2.48E-13, 7.81E-4])
(39317, 2, 1, 10, [0.18, 0.06, 0.03, 0.02, 8.84E-3, 5.21E-3, 3.16E-3, 1.95E-3, 1.23E-3, 7.81E-4])
(39323, 2, 1, 10, [0.18, 0.06, 0.03, 0.02, 8.84E-3, 5.21E-3, 3.16E-3, 1.95E-3, 1.23E-3, 7.81E-4])
(39341, 2, 1, 10, [0.18, 0.06, 0.03, 0.02, 8.84E-3, 5.21E-3, 3.16E-3, 1.95E-3, 1.23E-3, 7.81E-4])
(39343, 2, 1, 10, [0.18, 0.06, 0.03, 0.02, 8.84E-3, 5.21E-3, 3.16E-3, 1.95E-3, 1.23E-3, 7.81E-4])
(39359, 2, 1, 10, [0.18, 0.06, 0.03, 0.02, 8.84E-3, 5.21E-3, 3.16E-3, 1.95E-3, 1.23E-3, 7.81E-4])
(39367, 2, 1, 10, [0.18, 0.06, 0.03, 0.02, 8.84E-3, 5.21E-3, 3.16E-3, 1.95E-3, 1.23E-3, 7.81E-4])
(39371, 2, 1, 10, [0.18, 0.06, 0.03, 0.02, 8.84E-3, 5.21E-3, 3.16E-3, 1.95E-3, 1.23E-3, 7.81E-4])
(39373, 2, 1, 10, [0.18, 0.06, 0.03, 0.02, 8.84E-3, 5.21E-3, 3.16E-3, 1.95E-3, 1.23E-3, 7.81E-4])
(39383, 2, 1, 10, [0.18, 0.06, 0.03, 0.02, 8.84E-3, 5.21E-3, 3.16E-3, 1.95E-3, 1.23E-3, 7.81E-4])
(39397, 2, 1, 10, [0.18, 0.06, 0.03, 0.02, 8.84E-3, 5.21E-3, 3.16E-3, 1.95E-3, 1.23E-3, 7.81E-4])
(39409, 2, 1, 10, [0.35, 0.19, 0.12, 0.08, 0.05, 0.04, 0.03, 0.02, 0.01, 8.59E-3])
(39419, 2, 1, 10, [0.18, 0.06, 0.03, 0.02, 8.84E-3, 5.21E-3, 3.16E-3, 1.95E-3, 1.23E-3, 7.81E-4])
(39439, 2, 1, 10, [0.18, 0.06, 0.03, 0.02, 8.84E-3, 5.21E-3, 3.16E-3, 1.95E-3, 1.23E-3, 7.81E-4])
(39443, 2, 1, 10, [0.18, 0.06, 0.03, 0.02, 8.84E-3, 5.21E-3, 3.16E-3, 1.95E-3, 1.23E-3, 7.81E-4])
(39451, 2, 1, 10, [0.18, 0.06, 0.03, 0.02, 8.84E-3, 5.21E-3, 3.16E-3, 1.95E-3, 1.23E-3, 7.81E-4])
(39461, 2, 1, 10, [0.18, 0.06, 0.03, 0.02, 8.84E-3, 5.21E-3, 3.16E-3, 1.95E-3, 1.23E-3, 7.81E-4])
(39499, 2, 1, 10, [0.18, 0.06, 0.03, 0.02, 8.84E-3, 5.21E-3, 3.16E-3, 1.95E-3, 1.23E-3, 7.81E-4])
(39503, 2, 1, 10, [0.18, 0.06, 0.03, 0.02, 8.84E-3, 5.21E-3, 3.16E-3, 1.95E-3, 1.23E-3, 7.81E-4])
(39509, 2, 1, 10, [0.18, 0.06, 0.03, 0.02, 8.84E-3, 5.21E-3, 3.16E-3, 1.95E-3, 1.23E-3, 7.81E-4])
(39511, 2, 1, 10, [0.18, 0.06, 0.03, 0.02, 8.84E-3, 5.21E-3, 3.16E-3, 1.95E-3, 1.23E-3, 7.81E-4])
(39521, 2, 1, 10, [3.44E-14, 0.06, 2.86E-14, 0.02, 3.61E-14, 5.21E-3, 5.22E-14, 1.95E-3, 8.14E-14, 7.81E-4])
(39541, 2, 1, 10, [0.18, 0.06, 0.03, 0.02, 8.84E-3, 5.21E-3, 3.16E-3, 1.95E-3, 1.23E-3, 7.81E-4])
(39551, 2, 1, 10, [0.18, 0.06, 0.03, 0.02, 8.84E-3, 5.21E-3, 3.16E-3, 1.95E-3, 1.23E-3, 7.81E-4])
(39563, 2, 1, 10, [0.18, 0.06, 0.03, 0.02, 8.84E-3, 5.21E-3, 3.16E-3, 1.95E-3, 1.23E-3, 7.81E-4])
(39569, 2, 1, 10, [3.42E-14, 0.06, 2.85E-14, 0.02, 3.60E-14, 5.21E-3, 5.20E-14, 1.95E-3, 8.11E-14, 7.81E-4])
(39581, 2, 1, 10, [0.18, 0.06, 0.03, 0.02, 8.84E-3, 5.21E-3, 3.16E-3, 1.95E-3, 1.23E-3, 7.81E-4])
(39607, 2, 1, 10, [0.18, 0.06, 0.03, 0.02, 8.84E-3, 5.21E-3, 3.16E-3, 1.95E-3, 1.23E-3, 7.81E-4])
(39619, 2, 1, 10, [0.18, 0.06, 0.03, 0.02, 8.84E-3, 5.21E-3, 3.16E-3, 1.95E-3, 1.23E-3, 7.81E-4])
(39623, 2, 1, 10, [0.18, 0.06, 0.03, 0.02, 8.84E-3, 5.21E-3, 3.16E-3, 1.95E-3, 1.23E-3, 7.81E-4])
(39631, 2, 1, 10, [0.18, 0.06, 0.03, 0.02, 8.84E-3, 5.21E-3, 3.16E-3, 1.95E-3, 1.23E-3, 7.81E-4])
(39659, 2, 1, 10, [0.18, 0.06, 0.03, 0.02, 8.84E-3, 5.21E-3, 3.16E-3, 1.95E-3, 1.23E-3, 7.81E-4])
(39667, 2, 1, 10, [0.18, 0.06, 0.03, 0.02, 8.84E-3, 5.21E-3, 3.16E-3, 1.95E-3, 1.23E-3, 7.81E-4])
(39671, 2, 1, 10, [0.18, 0.06, 0.03, 0.02, 8.84E-3, 5.21E-3, 3.16E-3, 1.95E-3, 1.23E-3, 7.81E-4])
(39679, 2, 1, 10, [0.18, 0.06, 0.03, 0.02, 8.84E-3, 5.21E-3, 3.16E-3, 1.95E-3, 1.23E-3, 7.81E-4])
(39703, 2, 1, 10, [0.18, 0.06, 0.03, 0.02, 8.84E-3, 5.21E-3, 3.16E-3, 1.95E-3, 1.23E-3, 7.81E-4])
(39709, 2, 1, 10, [0.18, 0.06, 0.03, 0.02, 8.84E-3, 5.21E-3, 3.16E-3, 1.95E-3, 1.23E-3, 7.81E-4])
(39719, 2, 1, 10, [0.18, 0.06, 0.03, 0.02, 8.84E-3, 5.21E-3, 3.16E-3, 1.95E-3, 1.23E-3, 7.81E-4])
(39727, 2, 1, 10, [0.18, 0.06, 0.03, 0.02, 8.84E-3, 5.21E-3, 3.16E-3, 1.95E-3, 1.23E-3, 7.81E-4])
(39733, 2, 1, 10, [0.18, 0.06, 0.03, 0.02, 8.84E-3, 5.21E-3, 3.16E-3, 1.95E-3, 1.23E-3, 7.81E-4])
(39749, 2, 1, 10, [0.18, 0.06, 0.03, 0.02, 8.84E-3, 5.21E-3, 3.16E-3, 1.95E-3, 1.23E-3, 7.81E-4])
(39761, 2, 1, 10, [3.37E-14, 0.06, 2.81E-14, 0.02, 3.54E-14, 5.21E-3, 5.12E-14, 1.95E-3, 7.99E-14, 7.81E-4])
(39769, 2, 1, 10, [1.01E-13, 0.06, 8.43E-14, 0.02, 1.06E-13, 5.21E-3, 1.54E-13, 1.95E-3, 2.40E-13, 7.81E-4])
(39779, 2, 1, 10, [0.18, 0.06, 0.03, 0.02, 8.84E-3, 5.21E-3, 3.16E-3, 1.95E-3, 1.23E-3, 7.81E-4])
(39791, 2, 1, 10, [0.18, 0.06, 0.03, 0.02, 8.84E-3, 5.21E-3, 3.16E-3, 1.95E-3, 1.23E-3, 7.81E-4])
(39799, 2, 1, 10, [0.18, 0.06, 0.03, 0.02, 8.84E-3, 5.21E-3, 3.16E-3, 1.95E-3, 1.23E-3, 7.81E-4])
(39821, 2, 1, 10, [0.18, 0.06, 0.03, 0.02, 8.84E-3, 5.21E-3, 3.16E-3, 1.95E-3, 1.23E-3, 7.81E-4])
(39827, 2, 1, 10, [0.18, 0.06, 0.03, 0.02, 8.84E-3, 5.21E-3, 3.16E-3, 1.95E-3, 1.23E-3, 7.81E-4])
(39829, 2, 1, 10, [0.18, 0.06, 0.03, 0.02, 8.84E-3, 5.21E-3, 3.16E-3, 1.95E-3, 1.23E-3, 7.81E-4])
(39839, 2, 1, 10, [0.18, 0.06, 0.03, 0.02, 8.84E-3, 5.21E-3, 3.16E-3, 1.95E-3, 1.23E-3, 7.81E-4])
(39841, 2, 1, 10, [1.01E-13, 0.06, 8.39E-14, 0.02, 1.06E-13, 5.21E-3, 1.53E-13, 1.95E-3, 2.38E-13, 7.81E-4])
(39847, 2, 1, 10, [0.18, 0.06, 0.03, 0.02, 8.84E-3, 5.21E-3, 3.16E-3, 1.95E-3, 1.23E-3, 7.81E-4])
(39857, 2, 1, 10, [3.35E-14, 0.06, 2.79E-14, 0.02, 3.52E-14, 5.21E-3, 5.09E-14, 1.95E-3, 7.93E-14, 7.81E-4])
(39863, 2, 1, 10, [0.18, 0.06, 0.03, 0.02, 8.84E-3, 5.21E-3, 3.16E-3, 1.95E-3, 1.23E-3, 7.81E-4])
(39869, 2, 1, 10, [0.18, 0.06, 0.03, 0.02, 8.84E-3, 5.21E-3, 3.16E-3, 1.95E-3, 1.23E-3, 7.81E-4])
(39877, 2, 1, 10, [0.18, 0.06, 0.03, 0.02, 8.84E-3, 5.21E-3, 3.16E-3, 1.95E-3, 1.23E-3, 7.81E-4])
(39883, 2, 1, 10, [0.18, 0.06, 0.03, 0.02, 8.84E-3, 5.21E-3, 3.16E-3, 1.95E-3, 1.23E-3, 7.81E-4])
(39887, 2, 1, 10, [0.18, 0.06, 0.03, 0.02, 8.84E-3, 5.21E-3, 3.16E-3, 1.95E-3, 1.23E-3, 7.81E-4])
(39901, 2, 1, 10, [0.18, 0.06, 0.03, 0.02, 8.84E-3, 5.21E-3, 3.16E-3, 1.95E-3, 1.23E-3, 7.81E-4])
(39929, 2, 1, 10, [3.33E-14, 0.06, 2.78E-14, 0.02, 3.50E-14, 5.21E-3, 5.06E-14, 1.95E-3, 7.89E-14, 7.81E-4])
(39937, 2, 1, 10, [9.99E-14, 0.06, 8.33E-14, 0.02, 1.05E-13, 5.21E-3, 1.52E-13, 1.95E-3, 2.37E-13, 7.81E-4])
(39953, 2, 1, 10, [3.33E-14, 0.06, 2.77E-14, 0.02, 3.49E-14, 5.21E-3, 5.05E-14, 1.95E-3, 7.88E-14, 7.81E-4])
(39971, 2, 1, 10, [0.18, 0.06, 0.03, 0.02, 8.84E-3, 5.21E-3, 3.16E-3, 1.95E-3, 1.23E-3, 7.81E-4])
(39979, 2, 1, 10, [0.18, 0.06, 0.03, 0.02, 8.84E-3, 5.21E-3, 3.16E-3, 1.95E-3, 1.23E-3, 7.81E-4])
(39983, 2, 1, 10, [0.18, 0.06, 0.03, 0.02, 8.84E-3, 5.21E-3, 3.16E-3, 1.95E-3, 1.23E-3, 7.81E-4])
(39989, 2, 1, 10, [0.18, 0.06, 0.03, 0.02, 8.84E-3, 5.21E-3, 3.16E-3, 1.95E-3, 1.23E-3, 7.81E-4])
(40009, 2, 1, 10, [9.94E-14, 0.06, 8.28E-14, 0.02, 1.04E-13, 5.21E-3, 1.51E-13, 1.95E-3, 2.35E-13, 7.81E-4])
(40013, 2, 1, 10, [0.18, 0.06, 0.03, 0.02, 8.84E-3, 5.21E-3, 3.16E-3, 1.95E-3, 1.23E-3, 7.81E-4])
(40031, 2, 1, 10, [0.18, 0.06, 0.03, 0.02, 8.84E-3, 5.21E-3, 3.16E-3, 1.95E-3, 1.23E-3, 7.81E-4])
(40037, 2, 1, 10, [0.18, 0.06, 0.03, 0.02, 8.84E-3, 5.21E-3, 3.16E-3, 1.95E-3, 1.23E-3, 7.81E-4])
(40039, 2, 1, 10, [0.18, 0.06, 0.03, 0.02, 8.84E-3, 5.21E-3, 3.16E-3, 1.95E-3, 1.23E-3, 7.81E-4])
(40063, 2, 1, 10, [0.18, 0.06, 0.03, 0.02, 8.84E-3, 5.21E-3, 3.16E-3, 1.95E-3, 1.23E-3, 7.81E-4])
(40087, 2, 1, 10, [0.18, 0.06, 0.03, 0.02, 8.84E-3, 5.21E-3, 3.16E-3, 1.95E-3, 1.23E-3, 7.81E-4])
(40093, 2, 1, 10, [0.18, 0.06, 0.03, 0.02, 8.84E-3, 5.21E-3, 3.16E-3, 1.95E-3, 1.23E-3, 7.81E-4])
(40099, 2, 1, 10, [0.18, 0.06, 0.03, 0.02, 8.84E-3, 5.21E-3, 3.16E-3, 1.95E-3, 1.23E-3, 7.81E-4])
(40111, 2, 1, 10, [0.18, 0.06, 0.03, 0.02, 8.84E-3, 5.21E-3, 3.16E-3, 1.95E-3, 1.23E-3, 7.81E-4])
(40123, 2, 1, 10, [0.18, 0.06, 0.03, 0.02, 8.84E-3, 5.21E-3, 3.16E-3, 1.95E-3, 1.23E-3, 7.81E-4])
(40127, 2, 1, 10, [0.18, 0.06, 0.03, 0.02, 8.84E-3, 5.21E-3, 3.16E-3, 1.95E-3, 1.23E-3, 7.81E-4])
(40129, 2, 1, 10, [0.35, 0.19, 0.12, 0.08, 0.05, 0.04, 0.03, 0.02, 0.01, 8.59E-3])
(40151, 2, 1, 10, [0.18, 0.06, 0.03, 0.02, 8.84E-3, 5.21E-3, 3.16E-3, 1.95E-3, 1.23E-3, 7.81E-4])
(40153, 2, 1, 10, [9.83E-14, 0.06, 8.19E-14, 0.02, 1.03E-13, 5.21E-3, 1.49E-13, 1.95E-3, 2.33E-13, 7.81E-4])
(40163, 2, 1, 10, [0.18, 0.06, 0.03, 0.02, 8.84E-3, 5.21E-3, 3.16E-3, 1.95E-3, 1.23E-3, 7.81E-4])
(40169, 2, 1, 10, [3.27E-14, 0.06, 2.73E-14, 0.02, 3.44E-14, 5.21E-3, 4.97E-14, 1.95E-3, 7.75E-14, 7.81E-4])
(40177, 2, 1, 10, [9.81E-14, 0.06, 8.18E-14, 0.02, 1.03E-13, 5.21E-3, 1.49E-13, 1.95E-3, 2.32E-13, 7.81E-4])
(40189, 2, 1, 10, [0.18, 0.06, 0.03, 0.02, 8.84E-3, 5.21E-3, 3.16E-3, 1.95E-3, 1.23E-3, 7.81E-4])
(40193, 2, 1, 10, [3.27E-14, 0.06, 2.72E-14, 0.02, 3.43E-14, 5.21E-3, 4.96E-14, 1.95E-3, 7.74E-14, 7.81E-4])
(40213, 2, 1, 10, [0.18, 0.06, 0.03, 0.02, 8.84E-3, 5.21E-3, 3.16E-3, 1.95E-3, 1.23E-3, 7.81E-4])
(40231, 2, 1, 10, [0.18, 0.06, 0.03, 0.02, 8.84E-3, 5.21E-3, 3.16E-3, 1.95E-3, 1.23E-3, 7.81E-4])
(40237, 2, 1, 10, [0.18, 0.06, 0.03, 0.02, 8.84E-3, 5.21E-3, 3.16E-3, 1.95E-3, 1.23E-3, 7.81E-4])
(40241, 2, 1, 10, [3.26E-14, 0.06, 2.71E-14, 0.02, 3.42E-14, 5.21E-3, 4.94E-14, 1.95E-3, 7.71E-14, 7.81E-4])
(40253, 2, 1, 10, [0.18, 0.06, 0.03, 0.02, 8.84E-3, 5.21E-3, 3.16E-3, 1.95E-3, 1.23E-3, 7.81E-4])
(40277, 2, 1, 10, [0.18, 0.06, 0.03, 0.02, 8.84E-3, 5.21E-3, 3.16E-3, 1.95E-3, 1.23E-3, 7.81E-4])
(40283, 2, 1, 10, [0.18, 0.06, 0.03, 0.02, 8.84E-3, 5.21E-3, 3.16E-3, 1.95E-3, 1.23E-3, 7.81E-4])
(40289, 2, 1, 10, [3.24E-14, 0.06, 2.70E-14, 0.02, 3.41E-14, 5.21E-3, 4.92E-14, 1.95E-3, 7.68E-14, 7.81E-4])
(40343, 2, 1, 10, [0.18, 0.06, 0.03, 0.02, 8.84E-3, 5.21E-3, 3.16E-3, 1.95E-3, 1.23E-3, 7.81E-4])
(40351, 2, 1, 10, [0.18, 0.06, 0.03, 0.02, 8.84E-3, 5.21E-3, 3.16E-3, 1.95E-3, 1.23E-3, 7.81E-4])
(40357, 2, 1, 10, [0.18, 0.06, 0.03, 0.02, 8.84E-3, 5.21E-3, 3.16E-3, 1.95E-3, 1.23E-3, 7.81E-4])
(40361, 2, 1, 10, [3.23E-14, 0.06, 2.69E-14, 0.02, 3.39E-14, 5.21E-3, 4.90E-14, 1.95E-3, 7.64E-14, 7.81E-4])
(40387, 2, 1, 10, [0.18, 0.06, 0.03, 0.02, 8.84E-3, 5.21E-3, 3.16E-3, 1.95E-3, 1.23E-3, 7.81E-4])
(40423, 2, 1, 10, [0.18, 0.06, 0.03, 0.02, 8.84E-3, 5.21E-3, 3.16E-3, 1.95E-3, 1.23E-3, 7.81E-4])
(40427, 2, 1, 10, [0.18, 0.06, 0.03, 0.02, 8.84E-3, 5.21E-3, 3.16E-3, 1.95E-3, 1.23E-3, 7.81E-4])
(40429, 2, 1, 10, [0.18, 0.06, 0.03, 0.02, 8.84E-3, 5.21E-3, 3.16E-3, 1.95E-3, 1.23E-3, 7.81E-4])
(40433, 2, 1, 10, [3.21E-14, 0.06, 2.67E-14, 0.02, 3.37E-14, 5.21E-3, 4.87E-14, 1.95E-3, 7.60E-14, 7.81E-4])
(40459, 2, 1, 10, [0.18, 0.06, 0.03, 0.02, 8.84E-3, 5.21E-3, 3.16E-3, 1.95E-3, 1.23E-3, 7.81E-4])
(40471, 2, 1, 10, [0.18, 0.06, 0.03, 0.02, 8.84E-3, 5.21E-3, 3.16E-3, 1.95E-3, 1.23E-3, 7.81E-4])
(40483, 2, 1, 10, [0.18, 0.06, 0.03, 0.02, 8.84E-3, 5.21E-3, 3.16E-3, 1.95E-3, 1.23E-3, 7.81E-4])
(40487, 2, 1, 10, [0.18, 0.06, 0.03, 0.02, 8.84E-3, 5.21E-3, 3.16E-3, 1.95E-3, 1.23E-3, 7.81E-4])
(40493, 2, 1, 10, [0.18, 0.06, 0.03, 0.02, 8.84E-3, 5.21E-3, 3.16E-3, 1.95E-3, 1.23E-3, 7.81E-4])
(40499, 2, 1, 10, [0.18, 0.06, 0.03, 0.02, 8.84E-3, 5.21E-3, 3.16E-3, 1.95E-3, 1.23E-3, 7.81E-4])
(40507, 2, 1, 10, [0.18, 0.06, 0.03, 0.02, 8.84E-3, 5.21E-3, 3.16E-3, 1.95E-3, 1.23E-3, 7.81E-4])
(40519, 2, 1, 10, [0.18, 0.06, 0.03, 0.02, 8.84E-3, 5.21E-3, 3.16E-3, 1.95E-3, 1.23E-3, 7.81E-4])
(40529, 2, 1, 10, [3.19E-14, 0.06, 2.66E-14, 0.02, 3.35E-14, 5.21E-3, 4.84E-14, 1.95E-3, 7.55E-14, 7.81E-4])
(40531, 2, 1, 10, [0.18, 0.06, 0.03, 0.02, 8.84E-3, 5.21E-3, 3.16E-3, 1.95E-3, 1.23E-3, 7.81E-4])
(40543, 2, 1, 10, [0.18, 0.06, 0.03, 0.02, 8.84E-3, 5.21E-3, 3.16E-3, 1.95E-3, 1.23E-3, 7.81E-4])
(40559, 2, 1, 10, [0.18, 0.06, 0.03, 0.02, 8.84E-3, 5.21E-3, 3.16E-3, 1.95E-3, 1.23E-3, 7.81E-4])
(40577, 2, 1, 10, [3.18E-14, 0.06, 2.65E-14, 0.02, 3.33E-14, 5.21E-3, 4.82E-14, 1.95E-3, 7.52E-14, 7.81E-4])
(40583, 2, 1, 10, [0.18, 0.06, 0.03, 0.02, 8.84E-3, 5.21E-3, 3.16E-3, 1.95E-3, 1.23E-3, 7.81E-4])
(40591, 2, 1, 10, [0.18, 0.06, 0.03, 0.02, 8.84E-3, 5.21E-3, 3.16E-3, 1.95E-3, 1.23E-3, 7.81E-4])
(40597, 2, 1, 10, [0.18, 0.06, 0.03, 0.02, 8.84E-3, 5.21E-3, 3.16E-3, 1.95E-3, 1.23E-3, 7.81E-4])
(40609, 2, 1, 10, [9.50E-14, 0.06, 7.92E-14, 0.02, 9.98E-14, 5.21E-3, 1.44E-13, 1.95E-3, 2.25E-13, 7.81E-4])
(40627, 2, 1, 10, [0.18, 0.06, 0.03, 0.02, 8.84E-3, 5.21E-3, 3.16E-3, 1.95E-3, 1.23E-3, 7.81E-4])
(40637, 2, 1, 10, [0.18, 0.06, 0.03, 0.02, 8.84E-3, 5.21E-3, 3.16E-3, 1.95E-3, 1.23E-3, 7.81E-4])
(40639, 2, 1, 10, [0.18, 0.06, 0.03, 0.02, 8.84E-3, 5.21E-3, 3.16E-3, 1.95E-3, 1.23E-3, 7.81E-4])
(40693, 2, 1, 10, [0.18, 0.06, 0.03, 0.02, 8.84E-3, 5.21E-3, 3.16E-3, 1.95E-3, 1.23E-3, 7.81E-4])
(40697, 2, 1, 10, [3.15E-14, 0.06, 2.62E-14, 0.02, 3.30E-14, 5.21E-3, 4.78E-14, 1.95E-3, 7.45E-14, 7.81E-4])
(40699, 2, 1, 10, [0.18, 0.06, 0.03, 0.02, 8.84E-3, 5.21E-3, 3.16E-3, 1.95E-3, 1.23E-3, 7.81E-4])
(40709, 2, 1, 10, [0.18, 0.06, 0.03, 0.02, 8.84E-3, 5.21E-3, 3.16E-3, 1.95E-3, 1.23E-3, 7.81E-4])
(40739, 2, 1, 10, [0.18, 0.06, 0.03, 0.02, 8.84E-3, 5.21E-3, 3.16E-3, 1.95E-3, 1.23E-3, 7.81E-4])
(40751, 2, 1, 10, [0.18, 0.06, 0.03, 0.02, 8.84E-3, 5.21E-3, 3.16E-3, 1.95E-3, 1.23E-3, 7.81E-4])
(40759, 2, 1, 10, [0.18, 0.06, 0.03, 0.02, 8.84E-3, 5.21E-3, 3.16E-3, 1.95E-3, 1.23E-3, 7.81E-4])
(40763, 2, 1, 10, [0.18, 0.06, 0.03, 0.02, 8.84E-3, 5.21E-3, 3.16E-3, 1.95E-3, 1.23E-3, 7.81E-4])
(40771, 2, 1, 10, [0.18, 0.06, 0.03, 0.02, 8.84E-3, 5.21E-3, 3.16E-3, 1.95E-3, 1.23E-3, 7.81E-4])
(40787, 2, 1, 10, [0.18, 0.06, 0.03, 0.02, 8.84E-3, 5.21E-3, 3.16E-3, 1.95E-3, 1.23E-3, 7.81E-4])
(40801, 2, 1, 10, [0.35, 0.19, 0.12, 0.08, 0.05, 0.04, 0.03, 0.02, 0.01, 8.59E-3])
(40813, 2, 1, 10, [0.18, 0.06, 0.03, 0.02, 8.84E-3, 5.21E-3, 3.16E-3, 1.95E-3, 1.23E-3, 7.81E-4])
(40819, 2, 1, 10, [0.18, 0.06, 0.03, 0.02, 8.84E-3, 5.21E-3, 3.16E-3, 1.95E-3, 1.23E-3, 7.81E-4])
(40823, 2, 1, 10, [0.18, 0.06, 0.03, 0.02, 8.84E-3, 5.21E-3, 3.16E-3, 1.95E-3, 1.23E-3, 7.81E-4])
(40829, 2, 1, 10, [0.18, 0.06, 0.03, 0.02, 8.84E-3, 5.21E-3, 3.16E-3, 1.95E-3, 1.23E-3, 7.81E-4])
(40841, 2, 1, 10, [3.11E-14, 0.06, 2.60E-14, 0.02, 3.27E-14, 5.21E-3, 4.73E-14, 1.95E-3, 7.37E-14, 7.81E-4])
(40847, 2, 1, 10, [0.18, 0.06, 0.03, 0.02, 8.84E-3, 5.21E-3, 3.16E-3, 1.95E-3, 1.23E-3, 7.81E-4])
(40849, 2, 1, 10, [9.34E-14, 0.06, 7.78E-14, 0.02, 9.80E-14, 5.21E-3, 1.42E-13, 1.95E-3, 2.21E-13, 7.81E-4])
(40853, 2, 1, 10, [0.18, 0.06, 0.03, 0.02, 8.84E-3, 5.21E-3, 3.16E-3, 1.95E-3, 1.23E-3, 7.81E-4])
(40867, 2, 1, 10, [0.18, 0.06, 0.03, 0.02, 8.84E-3, 5.21E-3, 3.16E-3, 1.95E-3, 1.23E-3, 7.81E-4])
(40879, 2, 1, 10, [0.18, 0.06, 0.03, 0.02, 8.84E-3, 5.21E-3, 3.16E-3, 1.95E-3, 1.23E-3, 7.81E-4])
(40883, 2, 1, 10, [0.18, 0.06, 0.03, 0.02, 8.84E-3, 5.21E-3, 3.16E-3, 1.95E-3, 1.23E-3, 7.81E-4])
(40897, 2, 1, 10, [9.30E-14, 0.06, 7.75E-14, 0.02, 9.77E-14, 5.21E-3, 1.41E-13, 1.95E-3, 2.20E-13, 7.81E-4])
(40903, 2, 1, 10, [0.18, 0.06, 0.03, 0.02, 8.84E-3, 5.21E-3, 3.16E-3, 1.95E-3, 1.23E-3, 7.81E-4])
(40927, 2, 1, 10, [0.18, 0.06, 0.03, 0.02, 8.84E-3, 5.21E-3, 3.16E-3, 1.95E-3, 1.23E-3, 7.81E-4])
(40933, 2, 1, 10, [0.18, 0.06, 0.03, 0.02, 8.84E-3, 5.21E-3, 3.16E-3, 1.95E-3, 1.23E-3, 7.81E-4])
(40939, 2, 1, 10, [0.18, 0.06, 0.03, 0.02, 8.84E-3, 5.21E-3, 3.16E-3, 1.95E-3, 1.23E-3, 7.81E-4])
(40949, 2, 1, 10, [0.18, 0.06, 0.03, 0.02, 8.84E-3, 5.21E-3, 3.16E-3, 1.95E-3, 1.23E-3, 7.81E-4])
(40961, 2, 1, 10, [3.09E-14, 0.06, 2.57E-14, 0.02, 3.24E-14, 5.21E-3, 4.69E-14, 1.95E-3, 7.31E-14, 7.81E-4])
(40973, 2, 1, 10, [0.18, 0.06, 0.03, 0.02, 8.84E-3, 5.21E-3, 3.16E-3, 1.95E-3, 1.23E-3, 7.81E-4])
(40993, 2, 1, 10, [9.24E-14, 0.06, 7.70E-14, 0.02, 9.70E-14, 5.21E-3, 1.40E-13, 1.95E-3, 2.19E-13, 7.81E-4])
(41011, 2, 1, 10, [0.18, 0.06, 0.03, 0.02, 8.84E-3, 5.21E-3, 3.16E-3, 1.95E-3, 1.23E-3, 7.81E-4])
(41017, 2, 1, 10, [9.22E-14, 0.06, 7.69E-14, 0.02, 9.68E-14, 5.21E-3, 1.40E-13, 1.95E-3, 2.18E-13, 7.81E-4])
(41023, 2, 1, 10, [0.18, 0.06, 0.03, 0.02, 8.84E-3, 5.21E-3, 3.16E-3, 1.95E-3, 1.23E-3, 7.81E-4])
(41039, 2, 1, 10, [0.18, 0.06, 0.03, 0.02, 8.84E-3, 5.21E-3, 3.16E-3, 1.95E-3, 1.23E-3, 7.81E-4])
(41047, 2, 1, 10, [0.18, 0.06, 0.03, 0.02, 8.84E-3, 5.21E-3, 3.16E-3, 1.95E-3, 1.23E-3, 7.81E-4])
(41051, 2, 1, 10, [0.18, 0.06, 0.03, 0.02, 8.84E-3, 5.21E-3, 3.16E-3, 1.95E-3, 1.23E-3, 7.81E-4])
(41057, 2, 1, 10, [3.07E-14, 0.06, 2.55E-14, 0.02, 3.22E-14, 5.21E-3, 4.65E-14, 1.95E-3, 7.26E-14, 7.81E-4])
(41077, 2, 1, 10, [0.18, 0.06, 0.03, 0.02, 8.84E-3, 5.21E-3, 3.16E-3, 1.95E-3, 1.23E-3, 7.81E-4])
(41081, 2, 1, 10, [3.06E-14, 0.06, 2.55E-14, 0.02, 3.21E-14, 5.21E-3, 4.64E-14, 1.95E-3, 7.25E-14, 7.81E-4])
(41113, 2, 1, 10, [9.16E-14, 0.06, 7.63E-14, 0.02, 9.62E-14, 5.21E-3, 1.39E-13, 1.95E-3, 2.17E-13, 7.81E-4])
(41117, 2, 1, 10, [0.18, 0.06, 0.03, 0.02, 8.84E-3, 5.21E-3, 3.16E-3, 1.95E-3, 1.23E-3, 7.81E-4])
(41131, 2, 1, 10, [0.18, 0.06, 0.03, 0.02, 8.84E-3, 5.21E-3, 3.16E-3, 1.95E-3, 1.23E-3, 7.81E-4])
(41141, 2, 1, 10, [0.18, 0.06, 0.03, 0.02, 8.84E-3, 5.21E-3, 3.16E-3, 1.95E-3, 1.23E-3, 7.81E-4])
(41143, 2, 1, 10, [0.18, 0.06, 0.03, 0.02, 8.84E-3, 5.21E-3, 3.16E-3, 1.95E-3, 1.23E-3, 7.81E-4])
(41149, 2, 1, 10, [0.18, 0.06, 0.03, 0.02, 8.84E-3, 5.21E-3, 3.16E-3, 1.95E-3, 1.23E-3, 7.81E-4])
(41161, 2, 1, 10, [9.13E-14, 0.06, 7.60E-14, 0.02, 9.58E-14, 5.21E-3, 1.39E-13, 1.95E-3, 2.16E-13, 7.81E-4])
(41177, 2, 1, 10, [3.04E-14, 0.06, 2.53E-14, 0.02, 3.19E-14, 5.21E-3, 4.61E-14, 1.95E-3, 7.20E-14, 7.81E-4])
(41179, 2, 1, 10, [0.18, 0.06, 0.03, 0.02, 8.84E-3, 5.21E-3, 3.16E-3, 1.95E-3, 1.23E-3, 7.81E-4])
(41183, 2, 1, 10, [0.18, 0.06, 0.03, 0.02, 8.84E-3, 5.21E-3, 3.16E-3, 1.95E-3, 1.23E-3, 7.81E-4])
(41189, 2, 1, 10, [0.18, 0.06, 0.03, 0.02, 8.84E-3, 5.21E-3, 3.16E-3, 1.95E-3, 1.23E-3, 7.81E-4])
(41201, 2, 1, 10, [3.03E-14, 0.06, 2.53E-14, 0.02, 3.18E-14, 5.21E-3, 4.60E-14, 1.95E-3, 7.18E-14, 7.81E-4])
(41203, 2, 1, 10, [0.18, 0.06, 0.03, 0.02, 8.84E-3, 5.21E-3, 3.16E-3, 1.95E-3, 1.23E-3, 7.81E-4])
(41213, 2, 1, 10, [0.18, 0.06, 0.03, 0.02, 8.84E-3, 5.21E-3, 3.16E-3, 1.95E-3, 1.23E-3, 7.81E-4])
(41221, 2, 1, 10, [0.18, 0.06, 0.03, 0.02, 8.84E-3, 5.21E-3, 3.16E-3, 1.95E-3, 1.23E-3, 7.81E-4])
(41227, 2, 1, 10, [0.18, 0.06, 0.03, 0.02, 8.84E-3, 5.21E-3, 3.16E-3, 1.95E-3, 1.23E-3, 7.81E-4])
(41231, 2, 1, 10, [0.18, 0.06, 0.03, 0.02, 8.84E-3, 5.21E-3, 3.16E-3, 1.95E-3, 1.23E-3, 7.81E-4])
(41233, 2, 1, 10, [9.08E-14, 0.06, 7.57E-14, 0.02, 9.53E-14, 5.21E-3, 1.38E-13, 1.95E-3, 2.15E-13, 7.81E-4])
(41243, 2, 1, 10, [0.18, 0.06, 0.03, 0.02, 8.84E-3, 5.21E-3, 3.16E-3, 1.95E-3, 1.23E-3, 7.81E-4])
(41257, 2, 1, 10, [9.06E-14, 0.06, 7.55E-14, 0.02, 9.52E-14, 5.21E-3, 1.38E-13, 1.95E-3, 2.15E-13, 7.81E-4])
(41263, 2, 1, 10, [0.18, 0.06, 0.03, 0.02, 8.84E-3, 5.21E-3, 3.16E-3, 1.95E-3, 1.23E-3, 7.81E-4])
(41269, 2, 1, 10, [0.18, 0.06, 0.03, 0.02, 8.84E-3, 5.21E-3, 3.16E-3, 1.95E-3, 1.23E-3, 7.81E-4])
(41281, 2, 1, 10, [9.05E-14, 0.06, 7.54E-14, 0.02, 9.50E-14, 5.21E-3, 1.37E-13, 1.95E-3, 2.14E-13, 7.81E-4])
(41299, 2, 1, 10, [0.18, 0.06, 0.03, 0.02, 8.84E-3, 5.21E-3, 3.16E-3, 1.95E-3, 1.23E-3, 7.81E-4])
(41333, 2, 1, 10, [0.18, 0.06, 0.03, 0.02, 8.84E-3, 5.21E-3, 3.16E-3, 1.95E-3, 1.23E-3, 7.81E-4])
(41341, 2, 1, 10, [0.18, 0.06, 0.03, 0.02, 8.84E-3, 5.21E-3, 3.16E-3, 1.95E-3, 1.23E-3, 7.81E-4])
(41351, 2, 1, 10, [0.18, 0.06, 0.03, 0.02, 8.84E-3, 5.21E-3, 3.16E-3, 1.95E-3, 1.23E-3, 7.81E-4])
(41357, 2, 1, 10, [0.18, 0.06, 0.03, 0.02, 8.84E-3, 5.21E-3, 3.16E-3, 1.95E-3, 1.23E-3, 7.81E-4])
(41381, 2, 1, 10, [0.18, 0.06, 0.03, 0.02, 8.84E-3, 5.21E-3, 3.16E-3, 1.95E-3, 1.23E-3, 7.81E-4])
(41387, 2, 1, 10, [0.18, 0.06, 0.03, 0.02, 8.84E-3, 5.21E-3, 3.16E-3, 1.95E-3, 1.23E-3, 7.81E-4])
(41389, 2, 1, 10, [0.18, 0.06, 0.03, 0.02, 8.84E-3, 5.21E-3, 3.16E-3, 1.95E-3, 1.23E-3, 7.81E-4])
(41399, 2, 1, 10, [0.18, 0.06, 0.03, 0.02, 8.84E-3, 5.21E-3, 3.16E-3, 1.95E-3, 1.23E-3, 7.81E-4])
(41411, 2, 1, 10, [0.18, 0.06, 0.03, 0.02, 8.84E-3, 5.21E-3, 3.16E-3, 1.95E-3, 1.23E-3, 7.81E-4])
(41413, 2, 1, 10, [0.18, 0.06, 0.03, 0.02, 8.84E-3, 5.21E-3, 3.16E-3, 1.95E-3, 1.23E-3, 7.81E-4])
(41443, 2, 1, 10, [0.18, 0.06, 0.03, 0.02, 8.84E-3, 5.21E-3, 3.16E-3, 1.95E-3, 1.23E-3, 7.81E-4])
(41453, 2, 1, 10, [0.18, 0.06, 0.03, 0.02, 8.84E-3, 5.21E-3, 3.16E-3, 1.95E-3, 1.23E-3, 7.81E-4])
(41467, 2, 1, 10, [0.18, 0.06, 0.03, 0.02, 8.84E-3, 5.21E-3, 3.16E-3, 1.95E-3, 1.23E-3, 7.81E-4])
(41479, 2, 1, 10, [0.18, 0.06, 0.03, 0.02, 8.84E-3, 5.21E-3, 3.16E-3, 1.95E-3, 1.23E-3, 7.81E-4])
(41491, 2, 1, 10, [0.18, 0.06, 0.03, 0.02, 8.84E-3, 5.21E-3, 3.16E-3, 1.95E-3, 1.23E-3, 7.81E-4])
(41507, 2, 1, 10, [0.18, 0.06, 0.03, 0.02, 8.84E-3, 5.21E-3, 3.16E-3, 1.95E-3, 1.23E-3, 7.81E-4])
(41513, 2, 1, 10, [2.97E-14, 0.06, 2.47E-14, 0.02, 3.11E-14, 5.21E-3, 4.50E-14, 1.95E-3, 7.02E-14, 7.81E-4])
(41519, 2, 1, 10, [0.18, 0.06, 0.03, 0.02, 8.84E-3, 5.21E-3, 3.16E-3, 1.95E-3, 1.23E-3, 7.81E-4])
(41521, 2, 1, 10, [8.89E-14, 0.06, 7.41E-14, 0.02, 9.34E-14, 5.21E-3, 1.35E-13, 1.95E-3, 2.11E-13, 7.81E-4])
(41539, 2, 1, 10, [0.18, 0.06, 0.03, 0.02, 8.84E-3, 5.21E-3, 3.16E-3, 1.95E-3, 1.23E-3, 7.81E-4])
(41543, 2, 1, 10, [0.18, 0.06, 0.03, 0.02, 8.84E-3, 5.21E-3, 3.16E-3, 1.95E-3, 1.23E-3, 7.81E-4])
(41549, 2, 1, 10, [0.18, 0.06, 0.03, 0.02, 8.84E-3, 5.21E-3, 3.16E-3, 1.95E-3, 1.23E-3, 7.81E-4])
(41579, 2, 1, 10, [0.18, 0.06, 0.03, 0.02, 8.84E-3, 5.21E-3, 3.16E-3, 1.95E-3, 1.23E-3, 7.81E-4])
(41593, 2, 1, 10, [8.84E-14, 0.06, 7.37E-14, 0.02, 9.29E-14, 5.21E-3, 1.34E-13, 1.95E-3, 2.09E-13, 7.81E-4])
(41597, 2, 1, 10, [0.18, 0.06, 0.03, 0.02, 8.84E-3, 5.21E-3, 3.16E-3, 1.95E-3, 1.23E-3, 7.81E-4])
(41603, 2, 1, 10, [0.18, 0.06, 0.03, 0.02, 8.84E-3, 5.21E-3, 3.16E-3, 1.95E-3, 1.23E-3, 7.81E-4])
(41609, 2, 1, 10, [2.94E-14, 0.06, 2.45E-14, 0.02, 3.09E-14, 5.21E-3, 4.47E-14, 1.95E-3, 6.97E-14, 7.81E-4])
(41611, 2, 1, 10, [0.18, 0.06, 0.03, 0.02, 8.84E-3, 5.21E-3, 3.16E-3, 1.95E-3, 1.23E-3, 7.81E-4])
(41617, 2, 1, 10, [8.83E-14, 0.06, 7.36E-14, 0.02, 9.27E-14, 5.21E-3, 1.34E-13, 1.95E-3, 2.09E-13, 7.81E-4])
(41621, 2, 1, 10, [0.18, 0.06, 0.03, 0.02, 8.84E-3, 5.21E-3, 3.16E-3, 1.95E-3, 1.23E-3, 7.81E-4])
(41627, 2, 1, 10, [0.18, 0.06, 0.03, 0.02, 8.84E-3, 5.21E-3, 3.16E-3, 1.95E-3, 1.23E-3, 7.81E-4])
(41641, 2, 1, 10, [0.35, 0.19, 0.12, 0.08, 0.05, 0.04, 0.03, 0.02, 0.01, 8.59E-3])
(41647, 2, 1, 10, [0.18, 0.06, 0.03, 0.02, 8.84E-3, 5.21E-3, 3.16E-3, 1.95E-3, 1.23E-3, 7.81E-4])
(41651, 2, 1, 10, [0.18, 0.06, 0.03, 0.02, 8.84E-3, 5.21E-3, 3.16E-3, 1.95E-3, 1.23E-3, 7.81E-4])
(41659, 2, 1, 10, [0.18, 0.06, 0.03, 0.02, 8.84E-3, 5.21E-3, 3.16E-3, 1.95E-3, 1.23E-3, 7.81E-4])
(41669, 2, 1, 10, [0.18, 0.06, 0.03, 0.02, 8.84E-3, 5.21E-3, 3.16E-3, 1.95E-3, 1.23E-3, 7.81E-4])
(41681, 2, 1, 10, [2.93E-14, 0.06, 2.44E-14, 0.02, 3.08E-14, 5.21E-3, 4.45E-14, 1.95E-3, 6.94E-14, 7.81E-4])
(41687, 2, 1, 10, [0.18, 0.06, 0.03, 0.02, 8.84E-3, 5.21E-3, 3.16E-3, 1.95E-3, 1.23E-3, 7.81E-4])
(41719, 2, 1, 10, [0.18, 0.06, 0.03, 0.02, 8.84E-3, 5.21E-3, 3.16E-3, 1.95E-3, 1.23E-3, 7.81E-4])
(41729, 2, 1, 10, [2.92E-14, 0.06, 2.43E-14, 0.02, 3.07E-14, 5.21E-3, 4.43E-14, 1.95E-3, 6.91E-14, 7.81E-4])
(41737, 2, 1, 10, [8.75E-14, 0.06, 7.29E-14, 0.02, 9.19E-14, 5.21E-3, 1.33E-13, 1.95E-3, 2.07E-13, 7.81E-4])
(41759, 2, 1, 10, [0.18, 0.06, 0.03, 0.02, 8.84E-3, 5.21E-3, 3.16E-3, 1.95E-3, 1.23E-3, 7.81E-4])
(41761, 2, 1, 10, [0.35, 0.19, 0.12, 0.08, 0.05, 0.04, 0.03, 0.02, 0.01, 8.59E-3])
(41771, 2, 1, 10, [0.18, 0.06, 0.03, 0.02, 8.84E-3, 5.21E-3, 3.16E-3, 1.95E-3, 1.23E-3, 7.81E-4])
(41777, 2, 1, 10, [2.91E-14, 0.06, 2.42E-14, 0.02, 3.05E-14, 5.21E-3, 4.42E-14, 1.95E-3, 6.89E-14, 7.81E-4])
(41801, 2, 1, 10, [2.90E-14, 0.06, 2.42E-14, 0.02, 3.05E-14, 5.21E-3, 4.41E-14, 1.95E-3, 6.88E-14, 7.81E-4])
(41809, 2, 1, 10, [0.35, 0.19, 0.12, 0.08, 0.05, 0.04, 0.03, 0.02, 0.01, 8.59E-3])
(41813, 2, 1, 10, [0.18, 0.06, 0.03, 0.02, 8.84E-3, 5.21E-3, 3.16E-3, 1.95E-3, 1.23E-3, 7.81E-4])
(41843, 2, 1, 10, [0.18, 0.06, 0.03, 0.02, 8.84E-3, 5.21E-3, 3.16E-3, 1.95E-3, 1.23E-3, 7.81E-4])
(41849, 2, 1, 10, [2.89E-14, 0.06, 2.41E-14, 0.02, 3.04E-14, 5.21E-3, 4.39E-14, 1.95E-3, 6.85E-14, 7.81E-4])
(41851, 2, 1, 10, [0.18, 0.06, 0.03, 0.02, 8.84E-3, 5.21E-3, 3.16E-3, 1.95E-3, 1.23E-3, 7.81E-4])
(41863, 2, 1, 10, [0.18, 0.06, 0.03, 0.02, 8.84E-3, 5.21E-3, 3.16E-3, 1.95E-3, 1.23E-3, 7.81E-4])
(41879, 2, 1, 10, [0.18, 0.06, 0.03, 0.02, 8.84E-3, 5.21E-3, 3.16E-3, 1.95E-3, 1.23E-3, 7.81E-4])
(41887, 2, 1, 10, [0.18, 0.06, 0.03, 0.02, 8.84E-3, 5.21E-3, 3.16E-3, 1.95E-3, 1.23E-3, 7.81E-4])
(41893, 2, 1, 10, [0.18, 0.06, 0.03, 0.02, 8.84E-3, 5.21E-3, 3.16E-3, 1.95E-3, 1.23E-3, 7.81E-4])
(41897, 2, 1, 10, [2.88E-14, 0.06, 2.40E-14, 0.02, 3.03E-14, 5.21E-3, 4.38E-14, 1.95E-3, 6.83E-14, 7.81E-4])
(41903, 2, 1, 10, [0.18, 0.06, 0.03, 0.02, 8.84E-3, 5.21E-3, 3.16E-3, 1.95E-3, 1.23E-3, 7.81E-4])
(41911, 2, 1, 10, [0.18, 0.06, 0.03, 0.02, 8.84E-3, 5.21E-3, 3.16E-3, 1.95E-3, 1.23E-3, 7.81E-4])
(41927, 2, 1, 10, [0.18, 0.06, 0.03, 0.02, 8.84E-3, 5.21E-3, 3.16E-3, 1.95E-3, 1.23E-3, 7.81E-4])
(41941, 2, 1, 10, [0.18, 0.06, 0.03, 0.02, 8.84E-3, 5.21E-3, 3.16E-3, 1.95E-3, 1.23E-3, 7.81E-4])
(41947, 2, 1, 10, [0.18, 0.06, 0.03, 0.02, 8.84E-3, 5.21E-3, 3.16E-3, 1.95E-3, 1.23E-3, 7.81E-4])
(41953, 2, 1, 10, [8.62E-14, 0.06, 7.18E-14, 0.02, 9.05E-14, 5.21E-3, 1.31E-13, 1.95E-3, 2.04E-13, 7.81E-4])
(41957, 2, 1, 10, [0.18, 0.06, 0.03, 0.02, 8.84E-3, 5.21E-3, 3.16E-3, 1.95E-3, 1.23E-3, 7.81E-4])
(41959, 2, 1, 10, [0.18, 0.06, 0.03, 0.02, 8.84E-3, 5.21E-3, 3.16E-3, 1.95E-3, 1.23E-3, 7.81E-4])
(41969, 2, 1, 10, [2.87E-14, 0.06, 2.39E-14, 0.02, 3.01E-14, 5.21E-3, 4.36E-14, 1.95E-3, 6.80E-14, 7.81E-4])
(41981, 2, 1, 10, [0.18, 0.06, 0.03, 0.02, 8.84E-3, 5.21E-3, 3.16E-3, 1.95E-3, 1.23E-3, 7.81E-4])
(41983, 2, 1, 10, [0.18, 0.06, 0.03, 0.02, 8.84E-3, 5.21E-3, 3.16E-3, 1.95E-3, 1.23E-3, 7.81E-4])
(41999, 2, 1, 10, [0.18, 0.06, 0.03, 0.02, 8.84E-3, 5.21E-3, 3.16E-3, 1.95E-3, 1.23E-3, 7.81E-4])
(42013, 2, 1, 10, [0.18, 0.06, 0.03, 0.02, 8.84E-3, 5.21E-3, 3.16E-3, 1.95E-3, 1.23E-3, 7.81E-4])
(42017, 2, 1, 10, [2.86E-14, 0.06, 2.38E-14, 0.02, 3.00E-14, 5.21E-3, 4.34E-14, 1.95E-3, 6.77E-14, 7.81E-4])
(42019, 2, 1, 10, [0.18, 0.06, 0.03, 0.02, 8.84E-3, 5.21E-3, 3.16E-3, 1.95E-3, 1.23E-3, 7.81E-4])
(42023, 2, 1, 10, [0.18, 0.06, 0.03, 0.02, 8.84E-3, 5.21E-3, 3.16E-3, 1.95E-3, 1.23E-3, 7.81E-4])
(42043, 2, 1, 10, [0.18, 0.06, 0.03, 0.02, 8.84E-3, 5.21E-3, 3.16E-3, 1.95E-3, 1.23E-3, 7.81E-4])
(42061, 2, 1, 10, [0.18, 0.06, 0.03, 0.02, 8.84E-3, 5.21E-3, 3.16E-3, 1.95E-3, 1.23E-3, 7.81E-4])
(42071, 2, 1, 10, [0.18, 0.06, 0.03, 0.02, 8.84E-3, 5.21E-3, 3.16E-3, 1.95E-3, 1.23E-3, 7.81E-4])
(42073, 2, 1, 10, [8.55E-14, 0.06, 7.12E-14, 0.02, 8.97E-14, 5.21E-3, 1.30E-13, 1.95E-3, 2.02E-13, 7.81E-4])
(42083, 2, 1, 10, [0.18, 0.06, 0.03, 0.02, 8.84E-3, 5.21E-3, 3.16E-3, 1.95E-3, 1.23E-3, 7.81E-4])
(42089, 2, 1, 10, [2.85E-14, 0.06, 2.37E-14, 0.02, 2.99E-14, 5.21E-3, 4.32E-14, 1.95E-3, 6.74E-14, 7.81E-4])
(42101, 2, 1, 10, [0.18, 0.06, 0.03, 0.02, 8.84E-3, 5.21E-3, 3.16E-3, 1.95E-3, 1.23E-3, 7.81E-4])
(42131, 2, 1, 10, [0.18, 0.06, 0.03, 0.02, 8.84E-3, 5.21E-3, 3.16E-3, 1.95E-3, 1.23E-3, 7.81E-4])
(42139, 2, 1, 10, [0.18, 0.06, 0.03, 0.02, 8.84E-3, 5.21E-3, 3.16E-3, 1.95E-3, 1.23E-3, 7.81E-4])
(42157, 2, 1, 10, [0.18, 0.06, 0.03, 0.02, 8.84E-3, 5.21E-3, 3.16E-3, 1.95E-3, 1.23E-3, 7.81E-4])
(42169, 2, 1, 10, [8.49E-14, 0.06, 7.07E-14, 0.02, 8.91E-14, 5.21E-3, 1.29E-13, 1.95E-3, 2.01E-13, 7.81E-4])
(42179, 2, 1, 10, [0.18, 0.06, 0.03, 0.02, 8.84E-3, 5.21E-3, 3.16E-3, 1.95E-3, 1.23E-3, 7.81E-4])
(42181, 2, 1, 10, [0.18, 0.06, 0.03, 0.02, 8.84E-3, 5.21E-3, 3.16E-3, 1.95E-3, 1.23E-3, 7.81E-4])
(42187, 2, 1, 10, [0.18, 0.06, 0.03, 0.02, 8.84E-3, 5.21E-3, 3.16E-3, 1.95E-3, 1.23E-3, 7.81E-4])
(42193, 2, 1, 10, [8.47E-14, 0.06, 7.06E-14, 0.02, 8.90E-14, 5.21E-3, 1.29E-13, 1.95E-3, 2.01E-13, 7.81E-4])
(42197, 2, 1, 10, [0.18, 0.06, 0.03, 0.02, 8.84E-3, 5.21E-3, 3.16E-3, 1.95E-3, 1.23E-3, 7.81E-4])
(42209, 2, 1, 10, [2.82E-14, 0.06, 2.35E-14, 0.02, 2.96E-14, 5.21E-3, 4.28E-14, 1.95E-3, 6.68E-14, 7.81E-4])
(42221, 2, 1, 10, [0.18, 0.06, 0.03, 0.02, 8.84E-3, 5.21E-3, 3.16E-3, 1.95E-3, 1.23E-3, 7.81E-4])
(42223, 2, 1, 10, [0.18, 0.06, 0.03, 0.02, 8.84E-3, 5.21E-3, 3.16E-3, 1.95E-3, 1.23E-3, 7.81E-4])
(42227, 2, 1, 10, [0.18, 0.06, 0.03, 0.02, 8.84E-3, 5.21E-3, 3.16E-3, 1.95E-3, 1.23E-3, 7.81E-4])
(42239, 2, 1, 10, [0.18, 0.06, 0.03, 0.02, 8.84E-3, 5.21E-3, 3.16E-3, 1.95E-3, 1.23E-3, 7.81E-4])
(42257, 2, 1, 10, [2.81E-14, 0.06, 2.34E-14, 0.02, 2.95E-14, 5.21E-3, 4.27E-14, 1.95E-3, 6.66E-14, 7.81E-4])
(42281, 2, 1, 10, [2.81E-14, 0.06, 2.34E-14, 0.02, 2.95E-14, 5.21E-3, 4.26E-14, 1.95E-3, 6.65E-14, 7.81E-4])
(42283, 2, 1, 10, [0.18, 0.06, 0.03, 0.02, 8.84E-3, 5.21E-3, 3.16E-3, 1.95E-3, 1.23E-3, 7.81E-4])
(42293, 2, 1, 10, [0.18, 0.06, 0.03, 0.02, 8.84E-3, 5.21E-3, 3.16E-3, 1.95E-3, 1.23E-3, 7.81E-4])
(42299, 2, 1, 10, [0.18, 0.06, 0.03, 0.02, 8.84E-3, 5.21E-3, 3.16E-3, 1.95E-3, 1.23E-3, 7.81E-4])
(42307, 2, 1, 10, [0.18, 0.06, 0.03, 0.02, 8.84E-3, 5.21E-3, 3.16E-3, 1.95E-3, 1.23E-3, 7.81E-4])
(42323, 2, 1, 10, [0.18, 0.06, 0.03, 0.02, 8.84E-3, 5.21E-3, 3.16E-3, 1.95E-3, 1.23E-3, 7.81E-4])
(42331, 2, 1, 10, [0.18, 0.06, 0.03, 0.02, 8.84E-3, 5.21E-3, 3.16E-3, 1.95E-3, 1.23E-3, 7.81E-4])
(42337, 2, 1, 10, [8.39E-14, 0.06, 6.99E-14, 0.02, 8.81E-14, 5.21E-3, 1.27E-13, 1.95E-3, 1.99E-13, 7.81E-4])
(42349, 2, 1, 10, [0.18, 0.06, 0.03, 0.02, 8.84E-3, 5.21E-3, 3.16E-3, 1.95E-3, 1.23E-3, 7.81E-4])
(42359, 2, 1, 10, [0.18, 0.06, 0.03, 0.02, 8.84E-3, 5.21E-3, 3.16E-3, 1.95E-3, 1.23E-3, 7.81E-4])
(42373, 2, 1, 10, [0.18, 0.06, 0.03, 0.02, 8.84E-3, 5.21E-3, 3.16E-3, 1.95E-3, 1.23E-3, 7.81E-4])
(42379, 2, 1, 10, [0.18, 0.06, 0.03, 0.02, 8.84E-3, 5.21E-3, 3.16E-3, 1.95E-3, 1.23E-3, 7.81E-4])
(42391, 2, 1, 10, [0.18, 0.06, 0.03, 0.02, 8.84E-3, 5.21E-3, 3.16E-3, 1.95E-3, 1.23E-3, 7.81E-4])
(42397, 2, 1, 10, [0.18, 0.06, 0.03, 0.02, 8.84E-3, 5.21E-3, 3.16E-3, 1.95E-3, 1.23E-3, 7.81E-4])
(42403, 2, 1, 10, [0.18, 0.06, 0.03, 0.02, 8.84E-3, 5.21E-3, 3.16E-3, 1.95E-3, 1.23E-3, 7.81E-4])
(42407, 2, 1, 10, [0.18, 0.06, 0.03, 0.02, 8.84E-3, 5.21E-3, 3.16E-3, 1.95E-3, 1.23E-3, 7.81E-4])
(42409, 2, 1, 10, [0.35, 0.19, 0.12, 0.08, 0.05, 0.04, 0.03, 0.02, 0.01, 8.59E-3])
(42433, 2, 1, 10, [8.33E-14, 0.06, 6.94E-14, 0.02, 8.75E-14, 5.21E-3, 1.26E-13, 1.95E-3, 1.97E-13, 7.81E-4])
(42437, 2, 1, 10, [0.18, 0.06, 0.03, 0.02, 8.84E-3, 5.21E-3, 3.16E-3, 1.95E-3, 1.23E-3, 7.81E-4])
(42443, 2, 1, 10, [0.18, 0.06, 0.03, 0.02, 8.84E-3, 5.21E-3, 3.16E-3, 1.95E-3, 1.23E-3, 7.81E-4])
(42451, 2, 1, 10, [0.18, 0.06, 0.03, 0.02, 8.84E-3, 5.21E-3, 3.16E-3, 1.95E-3, 1.23E-3, 7.81E-4])
(42457, 2, 1, 10, [8.32E-14, 0.06, 6.93E-14, 0.02, 8.73E-14, 5.21E-3, 1.26E-13, 1.95E-3, 1.97E-13, 7.81E-4])
(42461, 2, 1, 10, [0.18, 0.06, 0.03, 0.02, 8.84E-3, 5.21E-3, 3.16E-3, 1.95E-3, 1.23E-3, 7.81E-4])
(42463, 2, 1, 10, [0.18, 0.06, 0.03, 0.02, 8.84E-3, 5.21E-3, 3.16E-3, 1.95E-3, 1.23E-3, 7.81E-4])
(42467, 2, 1, 10, [0.18, 0.06, 0.03, 0.02, 8.84E-3, 5.21E-3, 3.16E-3, 1.95E-3, 1.23E-3, 7.81E-4])
(42473, 2, 1, 10, [2.77E-14, 0.06, 2.31E-14, 0.02, 2.91E-14, 5.21E-3, 4.20E-14, 1.95E-3, 6.56E-14, 7.81E-4])
(42487, 2, 1, 10, [0.18, 0.06, 0.03, 0.02, 8.84E-3, 5.21E-3, 3.16E-3, 1.95E-3, 1.23E-3, 7.81E-4])
(42491, 2, 1, 10, [0.18, 0.06, 0.03, 0.02, 8.84E-3, 5.21E-3, 3.16E-3, 1.95E-3, 1.23E-3, 7.81E-4])
(42499, 2, 1, 10, [0.18, 0.06, 0.03, 0.02, 8.84E-3, 5.21E-3, 3.16E-3, 1.95E-3, 1.23E-3, 7.81E-4])
(42509, 2, 1, 10, [0.18, 0.06, 0.03, 0.02, 8.84E-3, 5.21E-3, 3.16E-3, 1.95E-3, 1.23E-3, 7.81E-4])
(42533, 2, 1, 10, [0.18, 0.06, 0.03, 0.02, 8.84E-3, 5.21E-3, 3.16E-3, 1.95E-3, 1.23E-3, 7.81E-4])
(42557, 2, 1, 10, [0.18, 0.06, 0.03, 0.02, 8.84E-3, 5.21E-3, 3.16E-3, 1.95E-3, 1.23E-3, 7.81E-4])
(42569, 2, 1, 10, [2.75E-14, 0.06, 2.29E-14, 0.02, 2.89E-14, 5.21E-3, 4.17E-14, 1.95E-3, 6.51E-14, 7.81E-4])
(42571, 2, 1, 10, [0.18, 0.06, 0.03, 0.02, 8.84E-3, 5.21E-3, 3.16E-3, 1.95E-3, 1.23E-3, 7.81E-4])
(42577, 2, 1, 10, [8.25E-14, 0.06, 6.87E-14, 0.02, 8.66E-14, 5.21E-3, 1.25E-13, 1.95E-3, 1.95E-13, 7.81E-4])
(42589, 2, 1, 10, [0.18, 0.06, 0.03, 0.02, 8.84E-3, 5.21E-3, 3.16E-3, 1.95E-3, 1.23E-3, 7.81E-4])
(42611, 2, 1, 10, [0.18, 0.06, 0.03, 0.02, 8.84E-3, 5.21E-3, 3.16E-3, 1.95E-3, 1.23E-3, 7.81E-4])
(42641, 2, 1, 10, [2.74E-14, 0.06, 2.28E-14, 0.02, 2.87E-14, 5.21E-3, 4.15E-14, 1.95E-3, 6.48E-14, 7.81E-4])
(42643, 2, 1, 10, [0.18, 0.06, 0.03, 0.02, 8.84E-3, 5.21E-3, 3.16E-3, 1.95E-3, 1.23E-3, 7.81E-4])
(42649, 2, 1, 10, [0.35, 0.19, 0.12, 0.08, 0.05, 0.04, 0.03, 0.02, 0.01, 8.59E-3])
(42667, 2, 1, 10, [0.18, 0.06, 0.03, 0.02, 8.84E-3, 5.21E-3, 3.16E-3, 1.95E-3, 1.23E-3, 7.81E-4])
(42677, 2, 1, 10, [0.18, 0.06, 0.03, 0.02, 8.84E-3, 5.21E-3, 3.16E-3, 1.95E-3, 1.23E-3, 7.81E-4])
(42683, 2, 1, 10, [0.18, 0.06, 0.03, 0.02, 8.84E-3, 5.21E-3, 3.16E-3, 1.95E-3, 1.23E-3, 7.81E-4])
(42689, 2, 1, 10, [2.73E-14, 0.06, 2.27E-14, 0.02, 2.86E-14, 5.21E-3, 4.14E-14, 1.95E-3, 6.46E-14, 7.81E-4])
(42697, 2, 1, 10, [8.18E-14, 0.06, 6.81E-14, 0.02, 8.58E-14, 5.21E-3, 1.24E-13, 1.95E-3, 1.94E-13, 7.81E-4])
(42701, 2, 1, 10, [0.18, 0.06, 0.03, 0.02, 8.84E-3, 5.21E-3, 3.16E-3, 1.95E-3, 1.23E-3, 7.81E-4])
(42703, 2, 1, 10, [0.18, 0.06, 0.03, 0.02, 8.84E-3, 5.21E-3, 3.16E-3, 1.95E-3, 1.23E-3, 7.81E-4])
(42709, 2, 1, 10, [0.18, 0.06, 0.03, 0.02, 8.84E-3, 5.21E-3, 3.16E-3, 1.95E-3, 1.23E-3, 7.81E-4])
(42719, 2, 1, 10, [0.18, 0.06, 0.03, 0.02, 8.84E-3, 5.21E-3, 3.16E-3, 1.95E-3, 1.23E-3, 7.81E-4])
(42727, 2, 1, 10, [0.18, 0.06, 0.03, 0.02, 8.84E-3, 5.21E-3, 3.16E-3, 1.95E-3, 1.23E-3, 7.81E-4])
(42737, 2, 1, 10, [2.72E-14, 0.06, 2.26E-14, 0.02, 2.85E-14, 5.21E-3, 4.13E-14, 1.95E-3, 6.44E-14, 7.81E-4])
(42743, 2, 1, 10, [0.18, 0.06, 0.03, 0.02, 8.84E-3, 5.21E-3, 3.16E-3, 1.95E-3, 1.23E-3, 7.81E-4])
(42751, 2, 1, 10, [0.18, 0.06, 0.03, 0.02, 8.84E-3, 5.21E-3, 3.16E-3, 1.95E-3, 1.23E-3, 7.81E-4])
(42767, 2, 1, 10, [0.18, 0.06, 0.03, 0.02, 8.84E-3, 5.21E-3, 3.16E-3, 1.95E-3, 1.23E-3, 7.81E-4])
(42773, 2, 1, 10, [0.18, 0.06, 0.03, 0.02, 8.84E-3, 5.21E-3, 3.16E-3, 1.95E-3, 1.23E-3, 7.81E-4])
(42787, 2, 1, 10, [0.18, 0.06, 0.03, 0.02, 8.84E-3, 5.21E-3, 3.16E-3, 1.95E-3, 1.23E-3, 7.81E-4])
(42793, 2, 1, 10, [8.12E-14, 0.06, 6.77E-14, 0.02, 8.53E-14, 5.21E-3, 1.23E-13, 1.95E-3, 1.92E-13, 7.81E-4])
(42797, 2, 1, 10, [0.18, 0.06, 0.03, 0.02, 8.84E-3, 5.21E-3, 3.16E-3, 1.95E-3, 1.23E-3, 7.81E-4])
(42821, 2, 1, 10, [0.18, 0.06, 0.03, 0.02, 8.84E-3, 5.21E-3, 3.16E-3, 1.95E-3, 1.23E-3, 7.81E-4])
(42829, 2, 1, 10, [0.18, 0.06, 0.03, 0.02, 8.84E-3, 5.21E-3, 3.16E-3, 1.95E-3, 1.23E-3, 7.81E-4])
(42839, 2, 1, 10, [0.18, 0.06, 0.03, 0.02, 8.84E-3, 5.21E-3, 3.16E-3, 1.95E-3, 1.23E-3, 7.81E-4])
(42841, 2, 1, 10, [8.09E-14, 0.06, 6.74E-14, 0.02, 8.50E-14, 5.21E-3, 1.23E-13, 1.95E-3, 1.92E-13, 7.81E-4])
(42853, 2, 1, 10, [0.18, 0.06, 0.03, 0.02, 8.84E-3, 5.21E-3, 3.16E-3, 1.95E-3, 1.23E-3, 7.81E-4])
(42859, 2, 1, 10, [0.18, 0.06, 0.03, 0.02, 8.84E-3, 5.21E-3, 3.16E-3, 1.95E-3, 1.23E-3, 7.81E-4])
(42863, 2, 1, 10, [0.18, 0.06, 0.03, 0.02, 8.84E-3, 5.21E-3, 3.16E-3, 1.95E-3, 1.23E-3, 7.81E-4])
(42899, 2, 1, 10, [0.18, 0.06, 0.03, 0.02, 8.84E-3, 5.21E-3, 3.16E-3, 1.95E-3, 1.23E-3, 7.81E-4])
(42901, 2, 1, 10, [0.18, 0.06, 0.03, 0.02, 8.84E-3, 5.21E-3, 3.16E-3, 1.95E-3, 1.23E-3, 7.81E-4])
(42923, 2, 1, 10, [0.18, 0.06, 0.03, 0.02, 8.84E-3, 5.21E-3, 3.16E-3, 1.95E-3, 1.23E-3, 7.81E-4])
(42929, 2, 1, 10, [2.68E-14, 0.06, 2.23E-14, 0.02, 2.82E-14, 5.21E-3, 4.07E-14, 1.95E-3, 6.35E-14, 7.81E-4])
(42937, 2, 1, 10, [8.04E-14, 0.06, 6.70E-14, 0.02, 8.44E-14, 5.21E-3, 1.22E-13, 1.95E-3, 1.90E-13, 7.81E-4])
(42943, 2, 1, 10, [0.18, 0.06, 0.03, 0.02, 8.84E-3, 5.21E-3, 3.16E-3, 1.95E-3, 1.23E-3, 7.81E-4])
(42953, 2, 1, 10, [2.68E-14, 0.06, 2.23E-14, 0.02, 2.81E-14, 5.21E-3, 4.06E-14, 1.95E-3, 6.34E-14, 7.81E-4])
(42961, 2, 1, 10, [8.03E-14, 0.06, 6.69E-14, 0.02, 8.43E-14, 5.21E-3, 1.22E-13, 1.95E-3, 1.90E-13, 7.81E-4])
(42967, 2, 1, 10, [0.18, 0.06, 0.03, 0.02, 8.84E-3, 5.21E-3, 3.16E-3, 1.95E-3, 1.23E-3, 7.81E-4])
(42979, 2, 1, 10, [0.18, 0.06, 0.03, 0.02, 8.84E-3, 5.21E-3, 3.16E-3, 1.95E-3, 1.23E-3, 7.81E-4])
(42989, 2, 1, 10, [0.18, 0.06, 0.03, 0.02, 8.84E-3, 5.21E-3, 3.16E-3, 1.95E-3, 1.23E-3, 7.81E-4])
(43003, 2, 1, 10, [0.18, 0.06, 0.03, 0.02, 8.84E-3, 5.21E-3, 3.16E-3, 1.95E-3, 1.23E-3, 7.81E-4])
(43013, 2, 1, 10, [0.18, 0.06, 0.03, 0.02, 8.84E-3, 5.21E-3, 3.16E-3, 1.95E-3, 1.23E-3, 7.81E-4])
(43019, 2, 1, 10, [0.18, 0.06, 0.03, 0.02, 8.84E-3, 5.21E-3, 3.16E-3, 1.95E-3, 1.23E-3, 7.81E-4])
(43037, 2, 1, 10, [0.18, 0.06, 0.03, 0.02, 8.84E-3, 5.21E-3, 3.16E-3, 1.95E-3, 1.23E-3, 7.81E-4])
(43049, 2, 1, 10, [2.66E-14, 0.06, 2.22E-14, 0.02, 2.79E-14, 5.21E-3, 4.04E-14, 1.95E-3, 6.30E-14, 7.81E-4])
(43051, 2, 1, 10, [0.18, 0.06, 0.03, 0.02, 8.84E-3, 5.21E-3, 3.16E-3, 1.95E-3, 1.23E-3, 7.81E-4])
(43063, 2, 1, 10, [0.18, 0.06, 0.03, 0.02, 8.84E-3, 5.21E-3, 3.16E-3, 1.95E-3, 1.23E-3, 7.81E-4])
(43067, 2, 1, 10, [0.18, 0.06, 0.03, 0.02, 8.84E-3, 5.21E-3, 3.16E-3, 1.95E-3, 1.23E-3, 7.81E-4])
(43093, 2, 1, 10, [0.18, 0.06, 0.03, 0.02, 8.84E-3, 5.21E-3, 3.16E-3, 1.95E-3, 1.23E-3, 7.81E-4])
(43103, 2, 1, 10, [0.18, 0.06, 0.03, 0.02, 8.84E-3, 5.21E-3, 3.16E-3, 1.95E-3, 1.23E-3, 7.81E-4])
(43117, 2, 1, 10, [0.18, 0.06, 0.03, 0.02, 8.84E-3, 5.21E-3, 3.16E-3, 1.95E-3, 1.23E-3, 7.81E-4])
(43133, 2, 1, 10, [0.18, 0.06, 0.03, 0.02, 8.84E-3, 5.21E-3, 3.16E-3, 1.95E-3, 1.23E-3, 7.81E-4])
(43151, 2, 1, 10, [0.18, 0.06, 0.03, 0.02, 8.84E-3, 5.21E-3, 3.16E-3, 1.95E-3, 1.23E-3, 7.81E-4])
(43159, 2, 1, 10, [0.18, 0.06, 0.03, 0.02, 8.84E-3, 5.21E-3, 3.16E-3, 1.95E-3, 1.23E-3, 7.81E-4])
(43177, 2, 1, 10, [7.91E-14, 0.06, 6.59E-14, 0.02, 8.30E-14, 5.21E-3, 1.20E-13, 1.95E-3, 1.87E-13, 7.81E-4])
(43189, 2, 1, 10, [0.18, 0.06, 0.03, 0.02, 8.84E-3, 5.21E-3, 3.16E-3, 1.95E-3, 1.23E-3, 7.81E-4])
(43201, 2, 1, 10, [7.89E-14, 0.06, 6.58E-14, 0.02, 8.29E-14, 5.21E-3, 1.20E-13, 1.95E-3, 1.87E-13, 7.81E-4])
(43207, 2, 1, 10, [0.18, 0.06, 0.03, 0.02, 8.84E-3, 5.21E-3, 3.16E-3, 1.95E-3, 1.23E-3, 7.81E-4])
(43223, 2, 1, 10, [0.18, 0.06, 0.03, 0.02, 8.84E-3, 5.21E-3, 3.16E-3, 1.95E-3, 1.23E-3, 7.81E-4])
(43237, 2, 1, 10, [0.18, 0.06, 0.03, 0.02, 8.84E-3, 5.21E-3, 3.16E-3, 1.95E-3, 1.23E-3, 7.81E-4])
(43261, 2, 1, 10, [0.18, 0.06, 0.03, 0.02, 8.84E-3, 5.21E-3, 3.16E-3, 1.95E-3, 1.23E-3, 7.81E-4])
(43271, 2, 1, 10, [0.18, 0.06, 0.03, 0.02, 8.84E-3, 5.21E-3, 3.16E-3, 1.95E-3, 1.23E-3, 7.81E-4])
(43283, 2, 1, 10, [0.18, 0.06, 0.03, 0.02, 8.84E-3, 5.21E-3, 3.16E-3, 1.95E-3, 1.23E-3, 7.81E-4])
(43291, 2, 1, 10, [0.18, 0.06, 0.03, 0.02, 8.84E-3, 5.21E-3, 3.16E-3, 1.95E-3, 1.23E-3, 7.81E-4])
(43313, 2, 1, 10, [2.61E-14, 0.06, 2.18E-14, 0.02, 2.74E-14, 5.21E-3, 3.96E-14, 1.95E-3, 6.18E-14, 7.81E-4])
(43319, 2, 1, 10, [0.18, 0.06, 0.03, 0.02, 8.84E-3, 5.21E-3, 3.16E-3, 1.95E-3, 1.23E-3, 7.81E-4])
(43321, 2, 1, 10, [0.35, 0.19, 0.12, 0.08, 0.05, 0.04, 0.03, 0.02, 0.01, 8.59E-3])
(43331, 2, 1, 10, [0.18, 0.06, 0.03, 0.02, 8.84E-3, 5.21E-3, 3.16E-3, 1.95E-3, 1.23E-3, 7.81E-4])
(43391, 2, 1, 10, [0.18, 0.06, 0.03, 0.02, 8.84E-3, 5.21E-3, 3.16E-3, 1.95E-3, 1.23E-3, 7.81E-4])
(43397, 2, 1, 10, [0.18, 0.06, 0.03, 0.02, 8.84E-3, 5.21E-3, 3.16E-3, 1.95E-3, 1.23E-3, 7.81E-4])
(43399, 2, 1, 10, [0.18, 0.06, 0.03, 0.02, 8.84E-3, 5.21E-3, 3.16E-3, 1.95E-3, 1.23E-3, 7.81E-4])
(43403, 2, 1, 10, [0.18, 0.06, 0.03, 0.02, 8.84E-3, 5.21E-3, 3.16E-3, 1.95E-3, 1.23E-3, 7.81E-4])
(43411, 2, 1, 10, [0.18, 0.06, 0.03, 0.02, 8.84E-3, 5.21E-3, 3.16E-3, 1.95E-3, 1.23E-3, 7.81E-4])
(43427, 2, 1, 10, [0.18, 0.06, 0.03, 0.02, 8.84E-3, 5.21E-3, 3.16E-3, 1.95E-3, 1.23E-3, 7.81E-4])
(43441, 2, 1, 10, [0.35, 0.19, 0.12, 0.08, 0.05, 0.04, 0.03, 0.02, 0.01, 8.59E-3])
(43451, 2, 1, 10, [0.18, 0.06, 0.03, 0.02, 8.84E-3, 5.21E-3, 3.16E-3, 1.95E-3, 1.23E-3, 7.81E-4])
(43457, 2, 1, 10, [2.58E-14, 0.06, 2.15E-14, 0.02, 2.71E-14, 5.21E-3, 3.92E-14, 1.95E-3, 6.12E-14, 7.81E-4])
(43481, 2, 1, 10, [2.58E-14, 0.06, 2.15E-14, 0.02, 2.71E-14, 5.21E-3, 3.92E-14, 1.95E-3, 6.11E-14, 7.81E-4])
(43487, 2, 1, 10, [0.18, 0.06, 0.03, 0.02, 8.84E-3, 5.21E-3, 3.16E-3, 1.95E-3, 1.23E-3, 7.81E-4])
(43499, 2, 1, 10, [0.18, 0.06, 0.03, 0.02, 8.84E-3, 5.21E-3, 3.16E-3, 1.95E-3, 1.23E-3, 7.81E-4])
(43517, 2, 1, 10, [0.18, 0.06, 0.03, 0.02, 8.84E-3, 5.21E-3, 3.16E-3, 1.95E-3, 1.23E-3, 7.81E-4])
(43541, 2, 1, 10, [0.18, 0.06, 0.03, 0.02, 8.84E-3, 5.21E-3, 3.16E-3, 1.95E-3, 1.23E-3, 7.81E-4])
(43543, 2, 1, 10, [0.18, 0.06, 0.03, 0.02, 8.84E-3, 5.21E-3, 3.16E-3, 1.95E-3, 1.23E-3, 7.81E-4])
(43573, 2, 1, 10, [0.18, 0.06, 0.03, 0.02, 8.84E-3, 5.21E-3, 3.16E-3, 1.95E-3, 1.23E-3, 7.81E-4])
(43577, 2, 1, 10, [2.56E-14, 0.06, 2.14E-14, 0.02, 2.69E-14, 5.21E-3, 3.89E-14, 1.95E-3, 6.07E-14, 7.81E-4])
(43579, 2, 1, 10, [0.18, 0.06, 0.03, 0.02, 8.84E-3, 5.21E-3, 3.16E-3, 1.95E-3, 1.23E-3, 7.81E-4])
(43591, 2, 1, 10, [0.18, 0.06, 0.03, 0.02, 8.84E-3, 5.21E-3, 3.16E-3, 1.95E-3, 1.23E-3, 7.81E-4])
(43597, 2, 1, 10, [0.18, 0.06, 0.03, 0.02, 8.84E-3, 5.21E-3, 3.16E-3, 1.95E-3, 1.23E-3, 7.81E-4])
(43607, 2, 1, 10, [0.18, 0.06, 0.03, 0.02, 8.84E-3, 5.21E-3, 3.16E-3, 1.95E-3, 1.23E-3, 7.81E-4])
(43609, 2, 1, 10, [0.35, 0.19, 0.12, 0.08, 0.05, 0.04, 0.03, 0.02, 0.01, 8.59E-3])
(43613, 2, 1, 10, [0.18, 0.06, 0.03, 0.02, 8.84E-3, 5.21E-3, 3.16E-3, 1.95E-3, 1.23E-3, 7.81E-4])
(43627, 2, 1, 10, [0.18, 0.06, 0.03, 0.02, 8.84E-3, 5.21E-3, 3.16E-3, 1.95E-3, 1.23E-3, 7.81E-4])
(43633, 2, 1, 10, [7.66E-14, 0.06, 6.38E-14, 0.02, 8.04E-14, 5.21E-3, 1.16E-13, 1.95E-3, 1.81E-13, 7.81E-4])
(43649, 2, 1, 10, [2.55E-14, 0.06, 2.13E-14, 0.02, 2.68E-14, 5.21E-3, 3.87E-14, 1.95E-3, 6.04E-14, 7.81E-4])
(43651, 2, 1, 10, [0.18, 0.06, 0.03, 0.02, 8.84E-3, 5.21E-3, 3.16E-3, 1.95E-3, 1.23E-3, 7.81E-4])
(43661, 2, 1, 10, [0.18, 0.06, 0.03, 0.02, 8.84E-3, 5.21E-3, 3.16E-3, 1.95E-3, 1.23E-3, 7.81E-4])
(43669, 2, 1, 10, [0.18, 0.06, 0.03, 0.02, 8.84E-3, 5.21E-3, 3.16E-3, 1.95E-3, 1.23E-3, 7.81E-4])
(43691, 2, 1, 10, [0.18, 0.06, 0.03, 0.02, 8.84E-3, 5.21E-3, 3.16E-3, 1.95E-3, 1.23E-3, 7.81E-4])
(43711, 2, 1, 10, [0.18, 0.06, 0.03, 0.02, 8.84E-3, 5.21E-3, 3.16E-3, 1.95E-3, 1.23E-3, 7.81E-4])
(43717, 2, 1, 10, [0.18, 0.06, 0.03, 0.02, 8.84E-3, 5.21E-3, 3.16E-3, 1.95E-3, 1.23E-3, 7.81E-4])
(43721, 2, 1, 10, [2.54E-14, 0.06, 2.12E-14, 0.02, 2.67E-14, 5.21E-3, 3.85E-14, 1.95E-3, 6.01E-14, 7.81E-4])
(43753, 2, 1, 10, [7.60E-14, 0.06, 6.33E-14, 0.02, 7.98E-14, 5.21E-3, 1.15E-13, 1.95E-3, 1.80E-13, 7.81E-4])
(43759, 2, 1, 10, [0.18, 0.06, 0.03, 0.02, 8.84E-3, 5.21E-3, 3.16E-3, 1.95E-3, 1.23E-3, 7.81E-4])
(43777, 2, 1, 10, [7.59E-14, 0.06, 6.32E-14, 0.02, 7.97E-14, 5.21E-3, 1.15E-13, 1.95E-3, 1.80E-13, 7.81E-4])
(43781, 2, 1, 10, [0.18, 0.06, 0.03, 0.02, 8.84E-3, 5.21E-3, 3.16E-3, 1.95E-3, 1.23E-3, 7.81E-4])
(43783, 2, 1, 10, [0.18, 0.06, 0.03, 0.02, 8.84E-3, 5.21E-3, 3.16E-3, 1.95E-3, 1.23E-3, 7.81E-4])
(43787, 2, 1, 10, [0.18, 0.06, 0.03, 0.02, 8.84E-3, 5.21E-3, 3.16E-3, 1.95E-3, 1.23E-3, 7.81E-4])
(43789, 2, 1, 10, [0.18, 0.06, 0.03, 0.02, 8.84E-3, 5.21E-3, 3.16E-3, 1.95E-3, 1.23E-3, 7.81E-4])
(43793, 2, 1, 10, [2.53E-14, 0.06, 2.10E-14, 0.02, 2.65E-14, 5.21E-3, 3.83E-14, 1.95E-3, 5.98E-14, 7.81E-4])
(43801, 2, 1, 10, [7.57E-14, 0.06, 6.31E-14, 0.02, 7.95E-14, 5.21E-3, 1.15E-13, 1.95E-3, 1.79E-13, 7.81E-4])
(43853, 2, 1, 10, [0.18, 0.06, 0.03, 0.02, 8.84E-3, 5.21E-3, 3.16E-3, 1.95E-3, 1.23E-3, 7.81E-4])
(43867, 2, 1, 10, [0.18, 0.06, 0.03, 0.02, 8.84E-3, 5.21E-3, 3.16E-3, 1.95E-3, 1.23E-3, 7.81E-4])
(43889, 2, 1, 10, [2.51E-14, 0.06, 2.09E-14, 0.02, 2.63E-14, 5.21E-3, 3.81E-14, 1.95E-3, 5.94E-14, 7.81E-4])
(43891, 2, 1, 10, [0.18, 0.06, 0.03, 0.02, 8.84E-3, 5.21E-3, 3.16E-3, 1.95E-3, 1.23E-3, 7.81E-4])
(43913, 2, 1, 10, [2.51E-14, 0.06, 2.09E-14, 0.02, 2.63E-14, 5.21E-3, 3.80E-14, 1.95E-3, 5.93E-14, 7.81E-4])
(43933, 2, 1, 10, [0.18, 0.06, 0.03, 0.02, 8.84E-3, 5.21E-3, 3.16E-3, 1.95E-3, 1.23E-3, 7.81E-4])
(43943, 2, 1, 10, [0.18, 0.06, 0.03, 0.02, 8.84E-3, 5.21E-3, 3.16E-3, 1.95E-3, 1.23E-3, 7.81E-4])
(43951, 2, 1, 10, [0.18, 0.06, 0.03, 0.02, 8.84E-3, 5.21E-3, 3.16E-3, 1.95E-3, 1.23E-3, 7.81E-4])
(43961, 2, 1, 10, [2.50E-14, 0.06, 2.08E-14, 0.02, 2.62E-14, 5.21E-3, 3.79E-14, 1.95E-3, 5.91E-14, 7.81E-4])
(43963, 2, 1, 10, [0.18, 0.06, 0.03, 0.02, 8.84E-3, 5.21E-3, 3.16E-3, 1.95E-3, 1.23E-3, 7.81E-4])
(43969, 2, 1, 10, [7.49E-14, 0.06, 6.24E-14, 0.02, 7.86E-14, 5.21E-3, 1.14E-13, 1.95E-3, 1.77E-13, 7.81E-4])
(43973, 2, 1, 10, [0.18, 0.06, 0.03, 0.02, 8.84E-3, 5.21E-3, 3.16E-3, 1.95E-3, 1.23E-3, 7.81E-4])
(43987, 2, 1, 10, [0.18, 0.06, 0.03, 0.02, 8.84E-3, 5.21E-3, 3.16E-3, 1.95E-3, 1.23E-3, 7.81E-4])
(43991, 2, 1, 10, [0.18, 0.06, 0.03, 0.02, 8.84E-3, 5.21E-3, 3.16E-3, 1.95E-3, 1.23E-3, 7.81E-4])
(43997, 2, 1, 10, [0.18, 0.06, 0.03, 0.02, 8.84E-3, 5.21E-3, 3.16E-3, 1.95E-3, 1.23E-3, 7.81E-4])
(44017, 2, 1, 10, [7.46E-14, 0.06, 6.22E-14, 0.02, 7.84E-14, 5.21E-3, 1.13E-13, 1.95E-3, 1.77E-13, 7.81E-4])
(44021, 2, 1, 10, [0.18, 0.06, 0.03, 0.02, 8.84E-3, 5.21E-3, 3.16E-3, 1.95E-3, 1.23E-3, 7.81E-4])
(44027, 2, 1, 10, [0.18, 0.06, 0.03, 0.02, 8.84E-3, 5.21E-3, 3.16E-3, 1.95E-3, 1.23E-3, 7.81E-4])
(44029, 2, 1, 10, [0.18, 0.06, 0.03, 0.02, 8.84E-3, 5.21E-3, 3.16E-3, 1.95E-3, 1.23E-3, 7.81E-4])
(44041, 2, 1, 10, [7.45E-14, 0.06, 6.21E-14, 0.02, 7.82E-14, 5.21E-3, 1.13E-13, 1.95E-3, 1.76E-13, 7.81E-4])
(44053, 2, 1, 10, [0.18, 0.06, 0.03, 0.02, 8.84E-3, 5.21E-3, 3.16E-3, 1.95E-3, 1.23E-3, 7.81E-4])
(44059, 2, 1, 10, [0.18, 0.06, 0.03, 0.02, 8.84E-3, 5.21E-3, 3.16E-3, 1.95E-3, 1.23E-3, 7.81E-4])
(44071, 2, 1, 10, [0.18, 0.06, 0.03, 0.02, 8.84E-3, 5.21E-3, 3.16E-3, 1.95E-3, 1.23E-3, 7.81E-4])
(44087, 2, 1, 10, [0.18, 0.06, 0.03, 0.02, 8.84E-3, 5.21E-3, 3.16E-3, 1.95E-3, 1.23E-3, 7.81E-4])
(44089, 2, 1, 10, [0.35, 0.19, 0.12, 0.08, 0.05, 0.04, 0.03, 0.02, 0.01, 8.59E-3])
(44101, 2, 1, 10, [0.18, 0.06, 0.03, 0.02, 8.84E-3, 5.21E-3, 3.16E-3, 1.95E-3, 1.23E-3, 7.81E-4])
(44111, 2, 1, 10, [0.18, 0.06, 0.03, 0.02, 8.84E-3, 5.21E-3, 3.16E-3, 1.95E-3, 1.23E-3, 7.81E-4])
(44119, 2, 1, 10, [0.18, 0.06, 0.03, 0.02, 8.84E-3, 5.21E-3, 3.16E-3, 1.95E-3, 1.23E-3, 7.81E-4])
(44123, 2, 1, 10, [0.18, 0.06, 0.03, 0.02, 8.84E-3, 5.21E-3, 3.16E-3, 1.95E-3, 1.23E-3, 7.81E-4])
(44129, 2, 1, 10, [2.47E-14, 0.06, 2.06E-14, 0.02, 2.59E-14, 5.21E-3, 3.75E-14, 1.95E-3, 5.85E-14, 7.81E-4])
(44131, 2, 1, 10, [0.18, 0.06, 0.03, 0.02, 8.84E-3, 5.21E-3, 3.16E-3, 1.95E-3, 1.23E-3, 7.81E-4])
(44159, 2, 1, 10, [0.18, 0.06, 0.03, 0.02, 8.84E-3, 5.21E-3, 3.16E-3, 1.95E-3, 1.23E-3, 7.81E-4])
(44171, 2, 1, 10, [0.18, 0.06, 0.03, 0.02, 8.84E-3, 5.21E-3, 3.16E-3, 1.95E-3, 1.23E-3, 7.81E-4])
(44179, 2, 1, 10, [0.18, 0.06, 0.03, 0.02, 8.84E-3, 5.21E-3, 3.16E-3, 1.95E-3, 1.23E-3, 7.81E-4])
(44189, 2, 1, 10, [0.18, 0.06, 0.03, 0.02, 8.84E-3, 5.21E-3, 3.16E-3, 1.95E-3, 1.23E-3, 7.81E-4])
(44201, 2, 1, 10, [2.46E-14, 0.06, 2.05E-14, 0.02, 2.58E-14, 5.21E-3, 3.73E-14, 1.95E-3, 5.82E-14, 7.81E-4])
(44203, 2, 1, 10, [0.18, 0.06, 0.03, 0.02, 8.84E-3, 5.21E-3, 3.16E-3, 1.95E-3, 1.23E-3, 7.81E-4])
(44207, 2, 1, 10, [0.18, 0.06, 0.03, 0.02, 8.84E-3, 5.21E-3, 3.16E-3, 1.95E-3, 1.23E-3, 7.81E-4])
(44221, 2, 1, 10, [0.18, 0.06, 0.03, 0.02, 8.84E-3, 5.21E-3, 3.16E-3, 1.95E-3, 1.23E-3, 7.81E-4])
(44249, 2, 1, 10, [2.45E-14, 0.06, 2.04E-14, 0.02, 2.57E-14, 5.21E-3, 3.72E-14, 1.95E-3, 5.80E-14, 7.81E-4])
(44257, 2, 1, 10, [7.34E-14, 0.06, 6.12E-14, 0.02, 7.71E-14, 5.21E-3, 1.11E-13, 1.95E-3, 1.74E-13, 7.81E-4])
(44263, 2, 1, 10, [0.18, 0.06, 0.03, 0.02, 8.84E-3, 5.21E-3, 3.16E-3, 1.95E-3, 1.23E-3, 7.81E-4])
(44267, 2, 1, 10, [0.18, 0.06, 0.03, 0.02, 8.84E-3, 5.21E-3, 3.16E-3, 1.95E-3, 1.23E-3, 7.81E-4])
(44269, 2, 1, 10, [0.18, 0.06, 0.03, 0.02, 8.84E-3, 5.21E-3, 3.16E-3, 1.95E-3, 1.23E-3, 7.81E-4])
(44273, 2, 1, 10, [2.44E-14, 0.06, 2.04E-14, 0.02, 2.57E-14, 5.21E-3, 3.71E-14, 1.95E-3, 5.79E-14, 7.81E-4])
(44279, 2, 1, 10, [0.18, 0.06, 0.03, 0.02, 8.84E-3, 5.21E-3, 3.16E-3, 1.95E-3, 1.23E-3, 7.81E-4])
(44281, 2, 1, 10, [0.35, 0.19, 0.12, 0.08, 0.05, 0.04, 0.03, 0.02, 0.01, 8.59E-3])
(44293, 2, 1, 10, [0.18, 0.06, 0.03, 0.02, 8.84E-3, 5.21E-3, 3.16E-3, 1.95E-3, 1.23E-3, 7.81E-4])
(44351, 2, 1, 10, [0.18, 0.06, 0.03, 0.02, 8.84E-3, 5.21E-3, 3.16E-3, 1.95E-3, 1.23E-3, 7.81E-4])
(44357, 2, 1, 10, [0.18, 0.06, 0.03, 0.02, 8.84E-3, 5.21E-3, 3.16E-3, 1.95E-3, 1.23E-3, 7.81E-4])
(44371, 2, 1, 10, [0.18, 0.06, 0.03, 0.02, 8.84E-3, 5.21E-3, 3.16E-3, 1.95E-3, 1.23E-3, 7.81E-4])
(44381, 2, 1, 10, [0.18, 0.06, 0.03, 0.02, 8.84E-3, 5.21E-3, 3.16E-3, 1.95E-3, 1.23E-3, 7.81E-4])
(44383, 2, 1, 10, [0.18, 0.06, 0.03, 0.02, 8.84E-3, 5.21E-3, 3.16E-3, 1.95E-3, 1.23E-3, 7.81E-4])
(44389, 2, 1, 10, [0.18, 0.06, 0.03, 0.02, 8.84E-3, 5.21E-3, 3.16E-3, 1.95E-3, 1.23E-3, 7.81E-4])
(44417, 2, 1, 10, [2.42E-14, 0.06, 2.02E-14, 0.02, 2.54E-14, 5.21E-3, 3.67E-14, 1.95E-3, 5.73E-14, 7.81E-4])
(44449, 2, 1, 10, [0.35, 0.19, 0.12, 0.08, 0.05, 0.04, 0.03, 0.02, 0.01, 8.59E-3])
(44453, 2, 1, 10, [0.18, 0.06, 0.03, 0.02, 8.84E-3, 5.21E-3, 3.16E-3, 1.95E-3, 1.23E-3, 7.81E-4])
(44483, 2, 1, 10, [0.18, 0.06, 0.03, 0.02, 8.84E-3, 5.21E-3, 3.16E-3, 1.95E-3, 1.23E-3, 7.81E-4])
(44491, 2, 1, 10, [0.18, 0.06, 0.03, 0.02, 8.84E-3, 5.21E-3, 3.16E-3, 1.95E-3, 1.23E-3, 7.81E-4])
(44497, 2, 1, 10, [7.22E-14, 0.06, 6.02E-14, 0.02, 7.58E-14, 5.21E-3, 1.10E-13, 1.95E-3, 1.71E-13, 7.81E-4])
(44501, 2, 1, 10, [0.18, 0.06, 0.03, 0.02, 8.84E-3, 5.21E-3, 3.16E-3, 1.95E-3, 1.23E-3, 7.81E-4])
(44507, 2, 1, 10, [0.18, 0.06, 0.03, 0.02, 8.84E-3, 5.21E-3, 3.16E-3, 1.95E-3, 1.23E-3, 7.81E-4])
(44519, 2, 1, 10, [0.18, 0.06, 0.03, 0.02, 8.84E-3, 5.21E-3, 3.16E-3, 1.95E-3, 1.23E-3, 7.81E-4])
(44531, 2, 1, 10, [0.18, 0.06, 0.03, 0.02, 8.84E-3, 5.21E-3, 3.16E-3, 1.95E-3, 1.23E-3, 7.81E-4])
(44533, 2, 1, 10, [0.18, 0.06, 0.03, 0.02, 8.84E-3, 5.21E-3, 3.16E-3, 1.95E-3, 1.23E-3, 7.81E-4])
(44537, 2, 1, 10, [2.40E-14, 0.06, 2.00E-14, 0.02, 2.52E-14, 5.21E-3, 3.64E-14, 1.95E-3, 5.69E-14, 7.81E-4])
(44543, 2, 1, 10, [0.18, 0.06, 0.03, 0.02, 8.84E-3, 5.21E-3, 3.16E-3, 1.95E-3, 1.23E-3, 7.81E-4])
(44549, 2, 1, 10, [0.18, 0.06, 0.03, 0.02, 8.84E-3, 5.21E-3, 3.16E-3, 1.95E-3, 1.23E-3, 7.81E-4])
(44563, 2, 1, 10, [0.18, 0.06, 0.03, 0.02, 8.84E-3, 5.21E-3, 3.16E-3, 1.95E-3, 1.23E-3, 7.81E-4])
(44579, 2, 1, 10, [0.18, 0.06, 0.03, 0.02, 8.84E-3, 5.21E-3, 3.16E-3, 1.95E-3, 1.23E-3, 7.81E-4])
(44587, 2, 1, 10, [0.18, 0.06, 0.03, 0.02, 8.84E-3, 5.21E-3, 3.16E-3, 1.95E-3, 1.23E-3, 7.81E-4])
(44617, 2, 1, 10, [7.17E-14, 0.06, 5.97E-14, 0.02, 7.52E-14, 5.21E-3, 1.09E-13, 1.95E-3, 1.70E-13, 7.81E-4])
(44621, 2, 1, 10, [0.18, 0.06, 0.03, 0.02, 8.84E-3, 5.21E-3, 3.16E-3, 1.95E-3, 1.23E-3, 7.81E-4])
(44623, 2, 1, 10, [0.18, 0.06, 0.03, 0.02, 8.84E-3, 5.21E-3, 3.16E-3, 1.95E-3, 1.23E-3, 7.81E-4])
(44633, 2, 1, 10, [2.39E-14, 0.06, 1.99E-14, 0.02, 2.51E-14, 5.21E-3, 3.62E-14, 1.95E-3, 5.65E-14, 7.81E-4])
(44641, 2, 1, 10, [7.15E-14, 0.06, 5.96E-14, 0.02, 7.51E-14, 5.21E-3, 1.09E-13, 1.95E-3, 1.69E-13, 7.81E-4])
(44647, 2, 1, 10, [0.18, 0.06, 0.03, 0.02, 8.84E-3, 5.21E-3, 3.16E-3, 1.95E-3, 1.23E-3, 7.81E-4])
(44651, 2, 1, 10, [0.18, 0.06, 0.03, 0.02, 8.84E-3, 5.21E-3, 3.16E-3, 1.95E-3, 1.23E-3, 7.81E-4])
(44657, 2, 1, 10, [2.38E-14, 0.06, 1.99E-14, 0.02, 2.50E-14, 5.21E-3, 3.62E-14, 1.95E-3, 5.64E-14, 7.81E-4])
(44683, 2, 1, 10, [0.18, 0.06, 0.03, 0.02, 8.84E-3, 5.21E-3, 3.16E-3, 1.95E-3, 1.23E-3, 7.81E-4])
(44687, 2, 1, 10, [0.18, 0.06, 0.03, 0.02, 8.84E-3, 5.21E-3, 3.16E-3, 1.95E-3, 1.23E-3, 7.81E-4])
(44699, 2, 1, 10, [0.18, 0.06, 0.03, 0.02, 8.84E-3, 5.21E-3, 3.16E-3, 1.95E-3, 1.23E-3, 7.81E-4])
(44701, 2, 1, 10, [0.18, 0.06, 0.03, 0.02, 8.84E-3, 5.21E-3, 3.16E-3, 1.95E-3, 1.23E-3, 7.81E-4])
(44711, 2, 1, 10, [0.18, 0.06, 0.03, 0.02, 8.84E-3, 5.21E-3, 3.16E-3, 1.95E-3, 1.23E-3, 7.81E-4])
(44729, 2, 1, 10, [2.37E-14, 0.06, 1.98E-14, 0.02, 2.49E-14, 5.21E-3, 3.60E-14, 1.95E-3, 5.61E-14, 7.81E-4])
(44741, 2, 1, 10, [0.18, 0.06, 0.03, 0.02, 8.84E-3, 5.21E-3, 3.16E-3, 1.95E-3, 1.23E-3, 7.81E-4])
(44753, 2, 1, 10, [2.37E-14, 0.06, 1.97E-14, 0.02, 2.49E-14, 5.21E-3, 3.59E-14, 1.95E-3, 5.60E-14, 7.81E-4])
(44771, 2, 1, 10, [0.18, 0.06, 0.03, 0.02, 8.84E-3, 5.21E-3, 3.16E-3, 1.95E-3, 1.23E-3, 7.81E-4])
(44773, 2, 1, 10, [0.18, 0.06, 0.03, 0.02, 8.84E-3, 5.21E-3, 3.16E-3, 1.95E-3, 1.23E-3, 7.81E-4])
(44777, 2, 1, 10, [2.36E-14, 0.06, 1.97E-14, 0.02, 2.48E-14, 5.21E-3, 3.59E-14, 1.95E-3, 5.60E-14, 7.81E-4])
(44789, 2, 1, 10, [0.18, 0.06, 0.03, 0.02, 8.84E-3, 5.21E-3, 3.16E-3, 1.95E-3, 1.23E-3, 7.81E-4])
(44797, 2, 1, 10, [0.18, 0.06, 0.03, 0.02, 8.84E-3, 5.21E-3, 3.16E-3, 1.95E-3, 1.23E-3, 7.81E-4])
(44809, 2, 1, 10, [7.07E-14, 0.06, 5.89E-14, 0.02, 7.43E-14, 5.21E-3, 1.07E-13, 1.95E-3, 1.68E-13, 7.81E-4])
(44819, 2, 1, 10, [0.18, 0.06, 0.03, 0.02, 8.84E-3, 5.21E-3, 3.16E-3, 1.95E-3, 1.23E-3, 7.81E-4])
(44839, 2, 1, 10, [0.18, 0.06, 0.03, 0.02, 8.84E-3, 5.21E-3, 3.16E-3, 1.95E-3, 1.23E-3, 7.81E-4])
(44843, 2, 1, 10, [0.18, 0.06, 0.03, 0.02, 8.84E-3, 5.21E-3, 3.16E-3, 1.95E-3, 1.23E-3, 7.81E-4])
(44851, 2, 1, 10, [0.18, 0.06, 0.03, 0.02, 8.84E-3, 5.21E-3, 3.16E-3, 1.95E-3, 1.23E-3, 7.81E-4])
(44867, 2, 1, 10, [0.18, 0.06, 0.03, 0.02, 8.84E-3, 5.21E-3, 3.16E-3, 1.95E-3, 1.23E-3, 7.81E-4])
(44879, 2, 1, 10, [0.18, 0.06, 0.03, 0.02, 8.84E-3, 5.21E-3, 3.16E-3, 1.95E-3, 1.23E-3, 7.81E-4])
(44887, 2, 1, 10, [0.18, 0.06, 0.03, 0.02, 8.84E-3, 5.21E-3, 3.16E-3, 1.95E-3, 1.23E-3, 7.81E-4])
(44893, 2, 1, 10, [0.18, 0.06, 0.03, 0.02, 8.84E-3, 5.21E-3, 3.16E-3, 1.95E-3, 1.23E-3, 7.81E-4])
(44909, 2, 1, 10, [0.18, 0.06, 0.03, 0.02, 8.84E-3, 5.21E-3, 3.16E-3, 1.95E-3, 1.23E-3, 7.81E-4])
(44917, 2, 1, 10, [0.18, 0.06, 0.03, 0.02, 8.84E-3, 5.21E-3, 3.16E-3, 1.95E-3, 1.23E-3, 7.81E-4])
(44927, 2, 1, 10, [0.18, 0.06, 0.03, 0.02, 8.84E-3, 5.21E-3, 3.16E-3, 1.95E-3, 1.23E-3, 7.81E-4])
(44939, 2, 1, 10, [0.18, 0.06, 0.03, 0.02, 8.84E-3, 5.21E-3, 3.16E-3, 1.95E-3, 1.23E-3, 7.81E-4])
(44953, 2, 1, 10, [7.01E-14, 0.06, 5.84E-14, 0.02, 7.36E-14, 5.21E-3, 1.06E-13, 1.95E-3, 1.66E-13, 7.81E-4])
(44959, 2, 1, 10, [0.18, 0.06, 0.03, 0.02, 8.84E-3, 5.21E-3, 3.16E-3, 1.95E-3, 1.23E-3, 7.81E-4])
(44963, 2, 1, 10, [0.18, 0.06, 0.03, 0.02, 8.84E-3, 5.21E-3, 3.16E-3, 1.95E-3, 1.23E-3, 7.81E-4])
(44971, 2, 1, 10, [0.18, 0.06, 0.03, 0.02, 8.84E-3, 5.21E-3, 3.16E-3, 1.95E-3, 1.23E-3, 7.81E-4])
(44983, 2, 1, 10, [0.18, 0.06, 0.03, 0.02, 8.84E-3, 5.21E-3, 3.16E-3, 1.95E-3, 1.23E-3, 7.81E-4])
(44987, 2, 1, 10, [0.18, 0.06, 0.03, 0.02, 8.84E-3, 5.21E-3, 3.16E-3, 1.95E-3, 1.23E-3, 7.81E-4])
(45007, 2, 1, 10, [0.18, 0.06, 0.03, 0.02, 8.84E-3, 5.21E-3, 3.16E-3, 1.95E-3, 1.23E-3, 7.81E-4])
(45013, 2, 1, 10, [0.18, 0.06, 0.03, 0.02, 8.84E-3, 5.21E-3, 3.16E-3, 1.95E-3, 1.23E-3, 7.81E-4])
(45053, 2, 1, 10, [0.18, 0.06, 0.03, 0.02, 8.84E-3, 5.21E-3, 3.16E-3, 1.95E-3, 1.23E-3, 7.81E-4])
(45061, 2, 1, 10, [0.18, 0.06, 0.03, 0.02, 8.84E-3, 5.21E-3, 3.16E-3, 1.95E-3, 1.23E-3, 7.81E-4])
(45077, 2, 1, 10, [0.18, 0.06, 0.03, 0.02, 8.84E-3, 5.21E-3, 3.16E-3, 1.95E-3, 1.23E-3, 7.81E-4])
(45083, 2, 1, 10, [0.18, 0.06, 0.03, 0.02, 8.84E-3, 5.21E-3, 3.16E-3, 1.95E-3, 1.23E-3, 7.81E-4])
(45119, 2, 1, 10, [0.18, 0.06, 0.03, 0.02, 8.84E-3, 5.21E-3, 3.16E-3, 1.95E-3, 1.23E-3, 7.81E-4])
(45121, 2, 1, 10, [0.35, 0.19, 0.12, 0.08, 0.05, 0.04, 0.03, 0.02, 0.01, 8.59E-3])
(45127, 2, 1, 10, [0.18, 0.06, 0.03, 0.02, 8.84E-3, 5.21E-3, 3.16E-3, 1.95E-3, 1.23E-3, 7.81E-4])
(45131, 2, 1, 10, [0.18, 0.06, 0.03, 0.02, 8.84E-3, 5.21E-3, 3.16E-3, 1.95E-3, 1.23E-3, 7.81E-4])
(45137, 2, 1, 10, [2.31E-14, 0.06, 1.92E-14, 0.02, 2.42E-14, 5.21E-3, 3.50E-14, 1.95E-3, 5.46E-14, 7.81E-4])
(45139, 2, 1, 10, [0.18, 0.06, 0.03, 0.02, 8.84E-3, 5.21E-3, 3.16E-3, 1.95E-3, 1.23E-3, 7.81E-4])
(45161, 2, 1, 10, [2.30E-14, 0.06, 1.92E-14, 0.02, 2.42E-14, 5.21E-3, 3.50E-14, 1.95E-3, 5.45E-14, 7.81E-4])
(45179, 2, 1, 10, [0.18, 0.06, 0.03, 0.02, 8.84E-3, 5.21E-3, 3.16E-3, 1.95E-3, 1.23E-3, 7.81E-4])
(45181, 2, 1, 10, [0.18, 0.06, 0.03, 0.02, 8.84E-3, 5.21E-3, 3.16E-3, 1.95E-3, 1.23E-3, 7.81E-4])
(45191, 2, 1, 10, [0.18, 0.06, 0.03, 0.02, 8.84E-3, 5.21E-3, 3.16E-3, 1.95E-3, 1.23E-3, 7.81E-4])
(45197, 2, 1, 10, [0.18, 0.06, 0.03, 0.02, 8.84E-3, 5.21E-3, 3.16E-3, 1.95E-3, 1.23E-3, 7.81E-4])
(45233, 2, 1, 10, [2.29E-14, 0.06, 1.91E-14, 0.02, 2.41E-14, 5.21E-3, 3.48E-14, 1.95E-3, 5.43E-14, 7.81E-4])
(45247, 2, 1, 10, [0.18, 0.06, 0.03, 0.02, 8.84E-3, 5.21E-3, 3.16E-3, 1.95E-3, 1.23E-3, 7.81E-4])
(45259, 2, 1, 10, [0.18, 0.06, 0.03, 0.02, 8.84E-3, 5.21E-3, 3.16E-3, 1.95E-3, 1.23E-3, 7.81E-4])
(45263, 2, 1, 10, [0.18, 0.06, 0.03, 0.02, 8.84E-3, 5.21E-3, 3.16E-3, 1.95E-3, 1.23E-3, 7.81E-4])
(45281, 2, 1, 10, [2.28E-14, 0.06, 1.90E-14, 0.02, 2.40E-14, 5.21E-3, 3.47E-14, 1.95E-3, 5.41E-14, 7.81E-4])
(45289, 2, 1, 10, [0.35, 0.19, 0.12, 0.08, 0.05, 0.04, 0.03, 0.02, 0.01, 8.59E-3])
(45293, 2, 1, 10, [0.18, 0.06, 0.03, 0.02, 8.84E-3, 5.21E-3, 3.16E-3, 1.95E-3, 1.23E-3, 7.81E-4])
(45307, 2, 1, 10, [0.18, 0.06, 0.03, 0.02, 8.84E-3, 5.21E-3, 3.16E-3, 1.95E-3, 1.23E-3, 7.81E-4])
(45317, 2, 1, 10, [0.18, 0.06, 0.03, 0.02, 8.84E-3, 5.21E-3, 3.16E-3, 1.95E-3, 1.23E-3, 7.81E-4])
(45319, 2, 1, 10, [0.18, 0.06, 0.03, 0.02, 8.84E-3, 5.21E-3, 3.16E-3, 1.95E-3, 1.23E-3, 7.81E-4])
(45329, 2, 1, 10, [2.28E-14, 0.06, 1.90E-14, 0.02, 2.39E-14, 5.21E-3, 3.46E-14, 1.95E-3, 5.39E-14, 7.81E-4])
(45337, 2, 1, 10, [6.83E-14, 0.06, 5.69E-14, 0.02, 7.17E-14, 5.21E-3, 1.04E-13, 1.95E-3, 1.62E-13, 7.81E-4])
(45341, 2, 1, 10, [0.18, 0.06, 0.03, 0.02, 8.84E-3, 5.21E-3, 3.16E-3, 1.95E-3, 1.23E-3, 7.81E-4])
(45343, 2, 1, 10, [0.18, 0.06, 0.03, 0.02, 8.84E-3, 5.21E-3, 3.16E-3, 1.95E-3, 1.23E-3, 7.81E-4])
(45361, 2, 1, 10, [6.82E-14, 0.06, 5.68E-14, 0.02, 7.16E-14, 5.21E-3, 1.03E-13, 1.95E-3, 1.61E-13, 7.81E-4])
(45377, 2, 1, 10, [2.27E-14, 0.06, 1.89E-14, 0.02, 2.38E-14, 5.21E-3, 3.45E-14, 1.95E-3, 5.38E-14, 7.81E-4])
(45389, 2, 1, 10, [0.18, 0.06, 0.03, 0.02, 8.84E-3, 5.21E-3, 3.16E-3, 1.95E-3, 1.23E-3, 7.81E-4])
(45403, 2, 1, 10, [0.18, 0.06, 0.03, 0.02, 8.84E-3, 5.21E-3, 3.16E-3, 1.95E-3, 1.23E-3, 7.81E-4])
(45413, 2, 1, 10, [0.18, 0.06, 0.03, 0.02, 8.84E-3, 5.21E-3, 3.16E-3, 1.95E-3, 1.23E-3, 7.81E-4])
(45427, 2, 1, 10, [0.18, 0.06, 0.03, 0.02, 8.84E-3, 5.21E-3, 3.16E-3, 1.95E-3, 1.23E-3, 7.81E-4])
(45433, 2, 1, 10, [6.79E-14, 0.06, 5.66E-14, 0.02, 7.13E-14, 5.21E-3, 1.03E-13, 1.95E-3, 1.61E-13, 7.81E-4])
(45439, 2, 1, 10, [0.18, 0.06, 0.03, 0.02, 8.84E-3, 5.21E-3, 3.16E-3, 1.95E-3, 1.23E-3, 7.81E-4])
(45481, 2, 1, 10, [6.76E-14, 0.06, 5.64E-14, 0.02, 7.10E-14, 5.21E-3, 1.03E-13, 1.95E-3, 1.60E-13, 7.81E-4])
(45491, 2, 1, 10, [0.18, 0.06, 0.03, 0.02, 8.84E-3, 5.21E-3, 3.16E-3, 1.95E-3, 1.23E-3, 7.81E-4])
(45497, 2, 1, 10, [2.25E-14, 0.06, 1.88E-14, 0.02, 2.37E-14, 5.21E-3, 3.42E-14, 1.95E-3, 5.33E-14, 7.81E-4])
(45503, 2, 1, 10, [0.18, 0.06, 0.03, 0.02, 8.84E-3, 5.21E-3, 3.16E-3, 1.95E-3, 1.23E-3, 7.81E-4])
(45523, 2, 1, 10, [0.18, 0.06, 0.03, 0.02, 8.84E-3, 5.21E-3, 3.16E-3, 1.95E-3, 1.23E-3, 7.81E-4])
(45533, 2, 1, 10, [0.18, 0.06, 0.03, 0.02, 8.84E-3, 5.21E-3, 3.16E-3, 1.95E-3, 1.23E-3, 7.81E-4])
(45541, 2, 1, 10, [0.18, 0.06, 0.03, 0.02, 8.84E-3, 5.21E-3, 3.16E-3, 1.95E-3, 1.23E-3, 7.81E-4])
(45553, 2, 1, 10, [6.73E-14, 0.06, 5.61E-14, 0.02, 7.07E-14, 5.21E-3, 1.02E-13, 1.95E-3, 1.59E-13, 7.81E-4])
(45557, 2, 1, 10, [0.18, 0.06, 0.03, 0.02, 8.84E-3, 5.21E-3, 3.16E-3, 1.95E-3, 1.23E-3, 7.81E-4])
(45569, 2, 1, 10, [2.24E-14, 0.06, 1.87E-14, 0.02, 2.35E-14, 5.21E-3, 3.40E-14, 1.95E-3, 5.31E-14, 7.81E-4])
(45587, 2, 1, 10, [0.18, 0.06, 0.03, 0.02, 8.84E-3, 5.21E-3, 3.16E-3, 1.95E-3, 1.23E-3, 7.81E-4])
(45589, 2, 1, 10, [0.18, 0.06, 0.03, 0.02, 8.84E-3, 5.21E-3, 3.16E-3, 1.95E-3, 1.23E-3, 7.81E-4])
(45599, 2, 1, 10, [0.18, 0.06, 0.03, 0.02, 8.84E-3, 5.21E-3, 3.16E-3, 1.95E-3, 1.23E-3, 7.81E-4])
(45613, 2, 1, 10, [0.18, 0.06, 0.03, 0.02, 8.84E-3, 5.21E-3, 3.16E-3, 1.95E-3, 1.23E-3, 7.81E-4])
(45631, 2, 1, 10, [0.18, 0.06, 0.03, 0.02, 8.84E-3, 5.21E-3, 3.16E-3, 1.95E-3, 1.23E-3, 7.81E-4])
(45641, 2, 1, 10, [2.23E-14, 0.06, 1.86E-14, 0.02, 2.34E-14, 5.21E-3, 3.39E-14, 1.95E-3, 5.28E-14, 7.81E-4])
(45659, 2, 1, 10, [0.18, 0.06, 0.03, 0.02, 8.84E-3, 5.21E-3, 3.16E-3, 1.95E-3, 1.23E-3, 7.81E-4])
(45667, 2, 1, 10, [0.18, 0.06, 0.03, 0.02, 8.84E-3, 5.21E-3, 3.16E-3, 1.95E-3, 1.23E-3, 7.81E-4])
(45673, 2, 1, 10, [6.68E-14, 0.06, 5.57E-14, 0.02, 7.01E-14, 5.21E-3, 1.01E-13, 1.95E-3, 1.58E-13, 7.81E-4])
(45677, 2, 1, 10, [0.18, 0.06, 0.03, 0.02, 8.84E-3, 5.21E-3, 3.16E-3, 1.95E-3, 1.23E-3, 7.81E-4])
(45691, 2, 1, 10, [0.18, 0.06, 0.03, 0.02, 8.84E-3, 5.21E-3, 3.16E-3, 1.95E-3, 1.23E-3, 7.81E-4])
(45697, 2, 1, 10, [6.67E-14, 0.06, 5.56E-14, 0.02, 7.00E-14, 5.21E-3, 1.01E-13, 1.95E-3, 1.58E-13, 7.81E-4])
(45707, 2, 1, 10, [0.18, 0.06, 0.03, 0.02, 8.84E-3, 5.21E-3, 3.16E-3, 1.95E-3, 1.23E-3, 7.81E-4])
(45737, 2, 1, 10, [2.22E-14, 0.06, 1.85E-14, 0.02, 2.33E-14, 5.21E-3, 3.37E-14, 1.95E-3, 5.25E-14, 7.81E-4])
(45751, 2, 1, 10, [0.18, 0.06, 0.03, 0.02, 8.84E-3, 5.21E-3, 3.16E-3, 1.95E-3, 1.23E-3, 7.81E-4])
(45757, 2, 1, 10, [0.18, 0.06, 0.03, 0.02, 8.84E-3, 5.21E-3, 3.16E-3, 1.95E-3, 1.23E-3, 7.81E-4])
(45763, 2, 1, 10, [0.18, 0.06, 0.03, 0.02, 8.84E-3, 5.21E-3, 3.16E-3, 1.95E-3, 1.23E-3, 7.81E-4])
(45767, 2, 1, 10, [0.18, 0.06, 0.03, 0.02, 8.84E-3, 5.21E-3, 3.16E-3, 1.95E-3, 1.23E-3, 7.81E-4])
(45779, 2, 1, 10, [0.18, 0.06, 0.03, 0.02, 8.84E-3, 5.21E-3, 3.16E-3, 1.95E-3, 1.23E-3, 7.81E-4])
(45817, 2, 1, 10, [6.62E-14, 0.06, 5.51E-14, 0.02, 6.95E-14, 5.21E-3, 1.00E-13, 1.95E-3, 1.57E-13, 7.81E-4])
(45821, 2, 1, 10, [0.18, 0.06, 0.03, 0.02, 8.84E-3, 5.21E-3, 3.16E-3, 1.95E-3, 1.23E-3, 7.81E-4])
(45823, 2, 1, 10, [0.18, 0.06, 0.03, 0.02, 8.84E-3, 5.21E-3, 3.16E-3, 1.95E-3, 1.23E-3, 7.81E-4])
(45827, 2, 1, 10, [0.18, 0.06, 0.03, 0.02, 8.84E-3, 5.21E-3, 3.16E-3, 1.95E-3, 1.23E-3, 7.81E-4])
(45833, 2, 1, 10, [2.20E-14, 0.06, 1.84E-14, 0.02, 2.31E-14, 5.21E-3, 3.34E-14, 1.95E-3, 5.22E-14, 7.81E-4])
(45841, 2, 1, 10, [0.35, 0.19, 0.12, 0.08, 0.05, 0.04, 0.03, 0.02, 0.01, 8.59E-3])
(45853, 2, 1, 10, [0.18, 0.06, 0.03, 0.02, 8.84E-3, 5.21E-3, 3.16E-3, 1.95E-3, 1.23E-3, 7.81E-4])
(45863, 2, 1, 10, [0.18, 0.06, 0.03, 0.02, 8.84E-3, 5.21E-3, 3.16E-3, 1.95E-3, 1.23E-3, 7.81E-4])
(45869, 2, 1, 10, [0.18, 0.06, 0.03, 0.02, 8.84E-3, 5.21E-3, 3.16E-3, 1.95E-3, 1.23E-3, 7.81E-4])
(45887, 2, 1, 10, [0.18, 0.06, 0.03, 0.02, 8.84E-3, 5.21E-3, 3.16E-3, 1.95E-3, 1.23E-3, 7.81E-4])
(45893, 2, 1, 10, [0.18, 0.06, 0.03, 0.02, 8.84E-3, 5.21E-3, 3.16E-3, 1.95E-3, 1.23E-3, 7.81E-4])
(45943, 2, 1, 10, [0.18, 0.06, 0.03, 0.02, 8.84E-3, 5.21E-3, 3.16E-3, 1.95E-3, 1.23E-3, 7.81E-4])
(45949, 2, 1, 10, [0.18, 0.06, 0.03, 0.02, 8.84E-3, 5.21E-3, 3.16E-3, 1.95E-3, 1.23E-3, 7.81E-4])
(45953, 2, 1, 10, [2.19E-14, 0.06, 1.82E-14, 0.02, 2.30E-14, 5.21E-3, 3.32E-14, 1.95E-3, 5.18E-14, 7.81E-4])
(45959, 2, 1, 10, [0.18, 0.06, 0.03, 0.02, 8.84E-3, 5.21E-3, 3.16E-3, 1.95E-3, 1.23E-3, 7.81E-4])
(45971, 2, 1, 10, [0.18, 0.06, 0.03, 0.02, 8.84E-3, 5.21E-3, 3.16E-3, 1.95E-3, 1.23E-3, 7.81E-4])
(45979, 2, 1, 10, [0.18, 0.06, 0.03, 0.02, 8.84E-3, 5.21E-3, 3.16E-3, 1.95E-3, 1.23E-3, 7.81E-4])
(45989, 2, 1, 10, [0.18, 0.06, 0.03, 0.02, 8.84E-3, 5.21E-3, 3.16E-3, 1.95E-3, 1.23E-3, 7.81E-4])
(46021, 2, 1, 10, [0.18, 0.06, 0.03, 0.02, 8.84E-3, 5.21E-3, 3.16E-3, 1.95E-3, 1.23E-3, 7.81E-4])
(46027, 2, 1, 10, [0.18, 0.06, 0.03, 0.02, 8.84E-3, 5.21E-3, 3.16E-3, 1.95E-3, 1.23E-3, 7.81E-4])
(46049, 2, 1, 10, [2.17E-14, 0.06, 1.81E-14, 0.02, 2.28E-14, 5.21E-3, 3.30E-14, 1.95E-3, 5.14E-14, 7.81E-4])
(46051, 2, 1, 10, [0.18, 0.06, 0.03, 0.02, 8.84E-3, 5.21E-3, 3.16E-3, 1.95E-3, 1.23E-3, 7.81E-4])
(46061, 2, 1, 10, [0.18, 0.06, 0.03, 0.02, 8.84E-3, 5.21E-3, 3.16E-3, 1.95E-3, 1.23E-3, 7.81E-4])
(46073, 2, 1, 10, [2.17E-14, 0.06, 1.81E-14, 0.02, 2.28E-14, 5.21E-3, 3.29E-14, 1.95E-3, 5.14E-14, 7.81E-4])
(46091, 2, 1, 10, [0.18, 0.06, 0.03, 0.02, 8.84E-3, 5.21E-3, 3.16E-3, 1.95E-3, 1.23E-3, 7.81E-4])
(46093, 2, 1, 10, [0.18, 0.06, 0.03, 0.02, 8.84E-3, 5.21E-3, 3.16E-3, 1.95E-3, 1.23E-3, 7.81E-4])
(46099, 2, 1, 10, [0.18, 0.06, 0.03, 0.02, 8.84E-3, 5.21E-3, 3.16E-3, 1.95E-3, 1.23E-3, 7.81E-4])
(46103, 2, 1, 10, [0.18, 0.06, 0.03, 0.02, 8.84E-3, 5.21E-3, 3.16E-3, 1.95E-3, 1.23E-3, 7.81E-4])
(46133, 2, 1, 10, [0.18, 0.06, 0.03, 0.02, 8.84E-3, 5.21E-3, 3.16E-3, 1.95E-3, 1.23E-3, 7.81E-4])
(46141, 2, 1, 10, [0.18, 0.06, 0.03, 0.02, 8.84E-3, 5.21E-3, 3.16E-3, 1.95E-3, 1.23E-3, 7.81E-4])
(46147, 2, 1, 10, [0.18, 0.06, 0.03, 0.02, 8.84E-3, 5.21E-3, 3.16E-3, 1.95E-3, 1.23E-3, 7.81E-4])
(46153, 2, 1, 10, [6.47E-14, 0.06, 5.39E-14, 0.02, 6.80E-14, 5.21E-3, 9.83E-14, 1.95E-3, 1.53E-13, 7.81E-4])
(46171, 2, 1, 10, [0.18, 0.06, 0.03, 0.02, 8.84E-3, 5.21E-3, 3.16E-3, 1.95E-3, 1.23E-3, 7.81E-4])
(46181, 2, 1, 10, [0.18, 0.06, 0.03, 0.02, 8.84E-3, 5.21E-3, 3.16E-3, 1.95E-3, 1.23E-3, 7.81E-4])
(46183, 2, 1, 10, [0.18, 0.06, 0.03, 0.02, 8.84E-3, 5.21E-3, 3.16E-3, 1.95E-3, 1.23E-3, 7.81E-4])
(46187, 2, 1, 10, [0.18, 0.06, 0.03, 0.02, 8.84E-3, 5.21E-3, 3.16E-3, 1.95E-3, 1.23E-3, 7.81E-4])
(46199, 2, 1, 10, [0.18, 0.06, 0.03, 0.02, 8.84E-3, 5.21E-3, 3.16E-3, 1.95E-3, 1.23E-3, 7.81E-4])
(46219, 2, 1, 10, [0.18, 0.06, 0.03, 0.02, 8.84E-3, 5.21E-3, 3.16E-3, 1.95E-3, 1.23E-3, 7.81E-4])
(46229, 2, 1, 10, [0.18, 0.06, 0.03, 0.02, 8.84E-3, 5.21E-3, 3.16E-3, 1.95E-3, 1.23E-3, 7.81E-4])
(46237, 2, 1, 10, [0.18, 0.06, 0.03, 0.02, 8.84E-3, 5.21E-3, 3.16E-3, 1.95E-3, 1.23E-3, 7.81E-4])
(46261, 2, 1, 10, [0.18, 0.06, 0.03, 0.02, 8.84E-3, 5.21E-3, 3.16E-3, 1.95E-3, 1.23E-3, 7.81E-4])
(46271, 2, 1, 10, [0.18, 0.06, 0.03, 0.02, 8.84E-3, 5.21E-3, 3.16E-3, 1.95E-3, 1.23E-3, 7.81E-4])
(46273, 2, 1, 10, [6.42E-14, 0.06, 5.35E-14, 0.02, 6.74E-14, 5.21E-3, 9.75E-14, 1.95E-3, 1.52E-13, 7.81E-4])
(46279, 2, 1, 10, [0.18, 0.06, 0.03, 0.02, 8.84E-3, 5.21E-3, 3.16E-3, 1.95E-3, 1.23E-3, 7.81E-4])
(46301, 2, 1, 10, [0.18, 0.06, 0.03, 0.02, 8.84E-3, 5.21E-3, 3.16E-3, 1.95E-3, 1.23E-3, 7.81E-4])
(46307, 2, 1, 10, [0.18, 0.06, 0.03, 0.02, 8.84E-3, 5.21E-3, 3.16E-3, 1.95E-3, 1.23E-3, 7.81E-4])
(46309, 2, 1, 10, [0.18, 0.06, 0.03, 0.02, 8.84E-3, 5.21E-3, 3.16E-3, 1.95E-3, 1.23E-3, 7.81E-4])
(46327, 2, 1, 10, [0.18, 0.06, 0.03, 0.02, 8.84E-3, 5.21E-3, 3.16E-3, 1.95E-3, 1.23E-3, 7.81E-4])
(46337, 2, 1, 10, [2.13E-14, 0.06, 1.78E-14, 0.02, 2.24E-14, 5.21E-3, 3.24E-14, 1.95E-3, 5.05E-14, 7.81E-4])
(46349, 2, 1, 10, [0.18, 0.06, 0.03, 0.02, 8.84E-3, 5.21E-3, 3.16E-3, 1.95E-3, 1.23E-3, 7.81E-4])
(46351, 2, 1, 10, [0.18, 0.06, 0.03, 0.02, 8.84E-3, 5.21E-3, 3.16E-3, 1.95E-3, 1.23E-3, 7.81E-4])
(46381, 2, 1, 10, [0.18, 0.06, 0.03, 0.02, 8.84E-3, 5.21E-3, 3.16E-3, 1.95E-3, 1.23E-3, 7.81E-4])
(46399, 2, 1, 10, [0.18, 0.06, 0.03, 0.02, 8.84E-3, 5.21E-3, 3.16E-3, 1.95E-3, 1.23E-3, 7.81E-4])
(46411, 2, 1, 10, [0.18, 0.06, 0.03, 0.02, 8.84E-3, 5.21E-3, 3.16E-3, 1.95E-3, 1.23E-3, 7.81E-4])
(46439, 2, 1, 10, [0.18, 0.06, 0.03, 0.02, 8.84E-3, 5.21E-3, 3.16E-3, 1.95E-3, 1.23E-3, 7.81E-4])
(46441, 2, 1, 10, [0.35, 0.19, 0.12, 0.08, 0.05, 0.04, 0.03, 0.02, 0.01, 8.59E-3])
(46447, 2, 1, 10, [0.18, 0.06, 0.03, 0.02, 8.84E-3, 5.21E-3, 3.16E-3, 1.95E-3, 1.23E-3, 7.81E-4])
(46451, 2, 1, 10, [0.18, 0.06, 0.03, 0.02, 8.84E-3, 5.21E-3, 3.16E-3, 1.95E-3, 1.23E-3, 7.81E-4])
(46457, 2, 1, 10, [2.12E-14, 0.06, 1.76E-14, 0.02, 2.22E-14, 5.21E-3, 3.21E-14, 1.95E-3, 5.01E-14, 7.81E-4])
(46471, 2, 1, 10, [0.18, 0.06, 0.03, 0.02, 8.84E-3, 5.21E-3, 3.16E-3, 1.95E-3, 1.23E-3, 7.81E-4])
(46477, 2, 1, 10, [0.18, 0.06, 0.03, 0.02, 8.84E-3, 5.21E-3, 3.16E-3, 1.95E-3, 1.23E-3, 7.81E-4])
(46489, 2, 1, 10, [6.33E-14, 0.06, 5.28E-14, 0.02, 6.65E-14, 5.21E-3, 9.61E-14, 1.95E-3, 1.50E-13, 7.81E-4])
(46499, 2, 1, 10, [0.18, 0.06, 0.03, 0.02, 8.84E-3, 5.21E-3, 3.16E-3, 1.95E-3, 1.23E-3, 7.81E-4])
(46507, 2, 1, 10, [0.18, 0.06, 0.03, 0.02, 8.84E-3, 5.21E-3, 3.16E-3, 1.95E-3, 1.23E-3, 7.81E-4])
(46511, 2, 1, 10, [0.18, 0.06, 0.03, 0.02, 8.84E-3, 5.21E-3, 3.16E-3, 1.95E-3, 1.23E-3, 7.81E-4])
(46523, 2, 1, 10, [0.18, 0.06, 0.03, 0.02, 8.84E-3, 5.21E-3, 3.16E-3, 1.95E-3, 1.23E-3, 7.81E-4])
(46549, 2, 1, 10, [0.18, 0.06, 0.03, 0.02, 8.84E-3, 5.21E-3, 3.16E-3, 1.95E-3, 1.23E-3, 7.81E-4])
(46559, 2, 1, 10, [0.18, 0.06, 0.03, 0.02, 8.84E-3, 5.21E-3, 3.16E-3, 1.95E-3, 1.23E-3, 7.81E-4])
(46567, 2, 1, 10, [0.18, 0.06, 0.03, 0.02, 8.84E-3, 5.21E-3, 3.16E-3, 1.95E-3, 1.23E-3, 7.81E-4])
(46573, 2, 1, 10, [0.18, 0.06, 0.03, 0.02, 8.84E-3, 5.21E-3, 3.16E-3, 1.95E-3, 1.23E-3, 7.81E-4])
(46589, 2, 1, 10, [0.18, 0.06, 0.03, 0.02, 8.84E-3, 5.21E-3, 3.16E-3, 1.95E-3, 1.23E-3, 7.81E-4])
(46591, 2, 1, 10, [0.18, 0.06, 0.03, 0.02, 8.84E-3, 5.21E-3, 3.16E-3, 1.95E-3, 1.23E-3, 7.81E-4])
(46601, 2, 1, 10, [2.10E-14, 0.06, 1.75E-14, 0.02, 2.20E-14, 5.21E-3, 3.18E-14, 1.95E-3, 4.96E-14, 7.81E-4])
(46619, 2, 1, 10, [0.18, 0.06, 0.03, 0.02, 8.84E-3, 5.21E-3, 3.16E-3, 1.95E-3, 1.23E-3, 7.81E-4])
(46633, 2, 1, 10, [6.28E-14, 0.06, 5.23E-14, 0.02, 6.59E-14, 5.21E-3, 9.53E-14, 1.95E-3, 1.49E-13, 7.81E-4])
(46639, 2, 1, 10, [0.18, 0.06, 0.03, 0.02, 8.84E-3, 5.21E-3, 3.16E-3, 1.95E-3, 1.23E-3, 7.81E-4])
(46643, 2, 1, 10, [0.18, 0.06, 0.03, 0.02, 8.84E-3, 5.21E-3, 3.16E-3, 1.95E-3, 1.23E-3, 7.81E-4])
(46649, 2, 1, 10, [2.09E-14, 0.06, 1.74E-14, 0.02, 2.19E-14, 5.21E-3, 3.17E-14, 1.95E-3, 4.95E-14, 7.81E-4])
(46663, 2, 1, 10, [0.18, 0.06, 0.03, 0.02, 8.84E-3, 5.21E-3, 3.16E-3, 1.95E-3, 1.23E-3, 7.81E-4])
(46679, 2, 1, 10, [0.18, 0.06, 0.03, 0.02, 8.84E-3, 5.21E-3, 3.16E-3, 1.95E-3, 1.23E-3, 7.81E-4])
(46681, 2, 1, 10, [0.35, 0.19, 0.12, 0.08, 0.05, 0.04, 0.03, 0.02, 0.01, 8.59E-3])
(46687, 2, 1, 10, [0.18, 0.06, 0.03, 0.02, 8.84E-3, 5.21E-3, 3.16E-3, 1.95E-3, 1.23E-3, 7.81E-4])
(46691, 2, 1, 10, [0.18, 0.06, 0.03, 0.02, 8.84E-3, 5.21E-3, 3.16E-3, 1.95E-3, 1.23E-3, 7.81E-4])
(46703, 2, 1, 10, [0.18, 0.06, 0.03, 0.02, 8.84E-3, 5.21E-3, 3.16E-3, 1.95E-3, 1.23E-3, 7.81E-4])
(46723, 2, 1, 10, [0.18, 0.06, 0.03, 0.02, 8.84E-3, 5.21E-3, 3.16E-3, 1.95E-3, 1.23E-3, 7.81E-4])
(46727, 2, 1, 10, [0.18, 0.06, 0.03, 0.02, 8.84E-3, 5.21E-3, 3.16E-3, 1.95E-3, 1.23E-3, 7.81E-4])
(46747, 2, 1, 10, [0.18, 0.06, 0.03, 0.02, 8.84E-3, 5.21E-3, 3.16E-3, 1.95E-3, 1.23E-3, 7.81E-4])
(46751, 2, 1, 10, [0.18, 0.06, 0.03, 0.02, 8.84E-3, 5.21E-3, 3.16E-3, 1.95E-3, 1.23E-3, 7.81E-4])
(46757, 2, 1, 10, [0.18, 0.06, 0.03, 0.02, 8.84E-3, 5.21E-3, 3.16E-3, 1.95E-3, 1.23E-3, 7.81E-4])
(46769, 2, 1, 10, [2.07E-14, 0.06, 1.73E-14, 0.02, 2.18E-14, 5.21E-3, 3.15E-14, 1.95E-3, 4.91E-14, 7.81E-4])
(46771, 2, 1, 10, [0.18, 0.06, 0.03, 0.02, 8.84E-3, 5.21E-3, 3.16E-3, 1.95E-3, 1.23E-3, 7.81E-4])
(46807, 2, 1, 10, [0.18, 0.06, 0.03, 0.02, 8.84E-3, 5.21E-3, 3.16E-3, 1.95E-3, 1.23E-3, 7.81E-4])
(46811, 2, 1, 10, [0.18, 0.06, 0.03, 0.02, 8.84E-3, 5.21E-3, 3.16E-3, 1.95E-3, 1.23E-3, 7.81E-4])
(46817, 2, 1, 10, [2.07E-14, 0.06, 1.72E-14, 0.02, 2.17E-14, 5.21E-3, 3.14E-14, 1.95E-3, 4.90E-14, 7.81E-4])
(46819, 2, 1, 10, [0.18, 0.06, 0.03, 0.02, 8.84E-3, 5.21E-3, 3.16E-3, 1.95E-3, 1.23E-3, 7.81E-4])
(46829, 2, 1, 10, [0.18, 0.06, 0.03, 0.02, 8.84E-3, 5.21E-3, 3.16E-3, 1.95E-3, 1.23E-3, 7.81E-4])
(46831, 2, 1, 10, [0.18, 0.06, 0.03, 0.02, 8.84E-3, 5.21E-3, 3.16E-3, 1.95E-3, 1.23E-3, 7.81E-4])
(46853, 2, 1, 10, [0.18, 0.06, 0.03, 0.02, 8.84E-3, 5.21E-3, 3.16E-3, 1.95E-3, 1.23E-3, 7.81E-4])
(46861, 2, 1, 10, [0.18, 0.06, 0.03, 0.02, 8.84E-3, 5.21E-3, 3.16E-3, 1.95E-3, 1.23E-3, 7.81E-4])
(46867, 2, 1, 10, [0.18, 0.06, 0.03, 0.02, 8.84E-3, 5.21E-3, 3.16E-3, 1.95E-3, 1.23E-3, 7.81E-4])
(46877, 2, 1, 10, [0.18, 0.06, 0.03, 0.02, 8.84E-3, 5.21E-3, 3.16E-3, 1.95E-3, 1.23E-3, 7.81E-4])
(46889, 2, 1, 10, [2.06E-14, 0.06, 1.71E-14, 0.02, 2.16E-14, 5.21E-3, 3.12E-14, 1.95E-3, 4.87E-14, 7.81E-4])
(46901, 2, 1, 10, [0.18, 0.06, 0.03, 0.02, 8.84E-3, 5.21E-3, 3.16E-3, 1.95E-3, 1.23E-3, 7.81E-4])
(46919, 2, 1, 10, [0.18, 0.06, 0.03, 0.02, 8.84E-3, 5.21E-3, 3.16E-3, 1.95E-3, 1.23E-3, 7.81E-4])
(46933, 2, 1, 10, [0.18, 0.06, 0.03, 0.02, 8.84E-3, 5.21E-3, 3.16E-3, 1.95E-3, 1.23E-3, 7.81E-4])
(46957, 2, 1, 10, [0.18, 0.06, 0.03, 0.02, 8.84E-3, 5.21E-3, 3.16E-3, 1.95E-3, 1.23E-3, 7.81E-4])
(46993, 2, 1, 10, [6.13E-14, 0.06, 5.11E-14, 0.02, 6.44E-14, 5.21E-3, 9.31E-14, 1.95E-3, 1.45E-13, 7.81E-4])
(46997, 2, 1, 10, [0.18, 0.06, 0.03, 0.02, 8.84E-3, 5.21E-3, 3.16E-3, 1.95E-3, 1.23E-3, 7.81E-4])
(47017, 2, 1, 10, [6.12E-14, 0.06, 5.10E-14, 0.02, 6.43E-14, 5.21E-3, 9.29E-14, 1.95E-3, 1.45E-13, 7.81E-4])
(47041, 2, 1, 10, [6.11E-14, 0.06, 5.09E-14, 0.02, 6.42E-14, 5.21E-3, 9.28E-14, 1.95E-3, 1.45E-13, 7.81E-4])
(47051, 2, 1, 10, [0.18, 0.06, 0.03, 0.02, 8.84E-3, 5.21E-3, 3.16E-3, 1.95E-3, 1.23E-3, 7.81E-4])
(47057, 2, 1, 10, [2.04E-14, 0.06, 1.70E-14, 0.02, 2.14E-14, 5.21E-3, 3.09E-14, 1.95E-3, 4.82E-14, 7.81E-4])
(47059, 2, 1, 10, [0.18, 0.06, 0.03, 0.02, 8.84E-3, 5.21E-3, 3.16E-3, 1.95E-3, 1.23E-3, 7.81E-4])
(47087, 2, 1, 10, [0.18, 0.06, 0.03, 0.02, 8.84E-3, 5.21E-3, 3.16E-3, 1.95E-3, 1.23E-3, 7.81E-4])
(47093, 2, 1, 10, [0.18, 0.06, 0.03, 0.02, 8.84E-3, 5.21E-3, 3.16E-3, 1.95E-3, 1.23E-3, 7.81E-4])
(47111, 2, 1, 10, [0.18, 0.06, 0.03, 0.02, 8.84E-3, 5.21E-3, 3.16E-3, 1.95E-3, 1.23E-3, 7.81E-4])
(47119, 2, 1, 10, [0.18, 0.06, 0.03, 0.02, 8.84E-3, 5.21E-3, 3.16E-3, 1.95E-3, 1.23E-3, 7.81E-4])
(47123, 2, 1, 10, [0.18, 0.06, 0.03, 0.02, 8.84E-3, 5.21E-3, 3.16E-3, 1.95E-3, 1.23E-3, 7.81E-4])
(47129, 2, 1, 10, [2.03E-14, 0.06, 1.69E-14, 0.02, 2.13E-14, 5.21E-3, 3.08E-14, 1.95E-3, 4.80E-14, 7.81E-4])
(47137, 2, 1, 10, [6.08E-14, 0.06, 5.06E-14, 0.02, 6.38E-14, 5.21E-3, 9.22E-14, 1.95E-3, 1.44E-13, 7.81E-4])
(47143, 2, 1, 10, [0.18, 0.06, 0.03, 0.02, 8.84E-3, 5.21E-3, 3.16E-3, 1.95E-3, 1.23E-3, 7.81E-4])
(47147, 2, 1, 10, [0.18, 0.06, 0.03, 0.02, 8.84E-3, 5.21E-3, 3.16E-3, 1.95E-3, 1.23E-3, 7.81E-4])
(47149, 2, 1, 10, [0.18, 0.06, 0.03, 0.02, 8.84E-3, 5.21E-3, 3.16E-3, 1.95E-3, 1.23E-3, 7.81E-4])
(47161, 2, 1, 10, [6.07E-14, 0.06, 5.06E-14, 0.02, 6.37E-14, 5.21E-3, 9.21E-14, 1.95E-3, 1.44E-13, 7.81E-4])
(47189, 2, 1, 10, [0.18, 0.06, 0.03, 0.02, 8.84E-3, 5.21E-3, 3.16E-3, 1.95E-3, 1.23E-3, 7.81E-4])
(47207, 2, 1, 10, [0.18, 0.06, 0.03, 0.02, 8.84E-3, 5.21E-3, 3.16E-3, 1.95E-3, 1.23E-3, 7.81E-4])
(47221, 2, 1, 10, [0.18, 0.06, 0.03, 0.02, 8.84E-3, 5.21E-3, 3.16E-3, 1.95E-3, 1.23E-3, 7.81E-4])
(47237, 2, 1, 10, [0.18, 0.06, 0.03, 0.02, 8.84E-3, 5.21E-3, 3.16E-3, 1.95E-3, 1.23E-3, 7.81E-4])
(47251, 2, 1, 10, [0.18, 0.06, 0.03, 0.02, 8.84E-3, 5.21E-3, 3.16E-3, 1.95E-3, 1.23E-3, 7.81E-4])
(47269, 2, 1, 10, [0.18, 0.06, 0.03, 0.02, 8.84E-3, 5.21E-3, 3.16E-3, 1.95E-3, 1.23E-3, 7.81E-4])
(47279, 2, 1, 10, [0.18, 0.06, 0.03, 0.02, 8.84E-3, 5.21E-3, 3.16E-3, 1.95E-3, 1.23E-3, 7.81E-4])
(47287, 2, 1, 10, [0.18, 0.06, 0.03, 0.02, 8.84E-3, 5.21E-3, 3.16E-3, 1.95E-3, 1.23E-3, 7.81E-4])
(47293, 2, 1, 10, [0.18, 0.06, 0.03, 0.02, 8.84E-3, 5.21E-3, 3.16E-3, 1.95E-3, 1.23E-3, 7.81E-4])
(47297, 2, 1, 10, [2.01E-14, 0.06, 1.67E-14, 0.02, 2.11E-14, 5.21E-3, 3.04E-14, 1.95E-3, 4.75E-14, 7.81E-4])
(47303, 2, 1, 10, [0.18, 0.06, 0.03, 0.02, 8.84E-3, 5.21E-3, 3.16E-3, 1.95E-3, 1.23E-3, 7.81E-4])
(47309, 2, 1, 10, [0.18, 0.06, 0.03, 0.02, 8.84E-3, 5.21E-3, 3.16E-3, 1.95E-3, 1.23E-3, 7.81E-4])
(47317, 2, 1, 10, [0.18, 0.06, 0.03, 0.02, 8.84E-3, 5.21E-3, 3.16E-3, 1.95E-3, 1.23E-3, 7.81E-4])
(47339, 2, 1, 10, [0.18, 0.06, 0.03, 0.02, 8.84E-3, 5.21E-3, 3.16E-3, 1.95E-3, 1.23E-3, 7.81E-4])
(47351, 2, 1, 10, [0.18, 0.06, 0.03, 0.02, 8.84E-3, 5.21E-3, 3.16E-3, 1.95E-3, 1.23E-3, 7.81E-4])
(47353, 2, 1, 10, [5.99E-14, 0.06, 4.99E-14, 0.02, 6.29E-14, 5.21E-3, 9.10E-14, 1.95E-3, 1.42E-13, 7.81E-4])
(47363, 2, 1, 10, [0.18, 0.06, 0.03, 0.02, 8.84E-3, 5.21E-3, 3.16E-3, 1.95E-3, 1.23E-3, 7.81E-4])
(47381, 2, 1, 10, [0.18, 0.06, 0.03, 0.02, 8.84E-3, 5.21E-3, 3.16E-3, 1.95E-3, 1.23E-3, 7.81E-4])
(47387, 2, 1, 10, [0.18, 0.06, 0.03, 0.02, 8.84E-3, 5.21E-3, 3.16E-3, 1.95E-3, 1.23E-3, 7.81E-4])
(47389, 2, 1, 10, [0.18, 0.06, 0.03, 0.02, 8.84E-3, 5.21E-3, 3.16E-3, 1.95E-3, 1.23E-3, 7.81E-4])
(47407, 2, 1, 10, [0.18, 0.06, 0.03, 0.02, 8.84E-3, 5.21E-3, 3.16E-3, 1.95E-3, 1.23E-3, 7.81E-4])
(47417, 2, 1, 10, [1.99E-14, 0.06, 1.66E-14, 0.02, 2.09E-14, 5.21E-3, 3.02E-14, 1.95E-3, 4.71E-14, 7.81E-4])
(47419, 2, 1, 10, [0.18, 0.06, 0.03, 0.02, 8.84E-3, 5.21E-3, 3.16E-3, 1.95E-3, 1.23E-3, 7.81E-4])
(47431, 2, 1, 10, [0.18, 0.06, 0.03, 0.02, 8.84E-3, 5.21E-3, 3.16E-3, 1.95E-3, 1.23E-3, 7.81E-4])
(47441, 2, 1, 10, [1.99E-14, 0.06, 1.66E-14, 0.02, 2.09E-14, 5.21E-3, 3.02E-14, 1.95E-3, 4.70E-14, 7.81E-4])
(47459, 2, 1, 10, [0.18, 0.06, 0.03, 0.02, 8.84E-3, 5.21E-3, 3.16E-3, 1.95E-3, 1.23E-3, 7.81E-4])
(47491, 2, 1, 10, [0.18, 0.06, 0.03, 0.02, 8.84E-3, 5.21E-3, 3.16E-3, 1.95E-3, 1.23E-3, 7.81E-4])
(47497, 2, 1, 10, [5.94E-14, 0.06, 4.95E-14, 0.02, 6.24E-14, 5.21E-3, 9.02E-14, 1.95E-3, 1.41E-13, 7.81E-4])
(47501, 2, 1, 10, [0.18, 0.06, 0.03, 0.02, 8.84E-3, 5.21E-3, 3.16E-3, 1.95E-3, 1.23E-3, 7.81E-4])
(47507, 2, 1, 10, [0.18, 0.06, 0.03, 0.02, 8.84E-3, 5.21E-3, 3.16E-3, 1.95E-3, 1.23E-3, 7.81E-4])
(47513, 2, 1, 10, [1.98E-14, 0.06, 1.65E-14, 0.02, 2.08E-14, 5.21E-3, 3.00E-14, 1.95E-3, 4.68E-14, 7.81E-4])
(47521, 2, 1, 10, [0.35, 0.19, 0.12, 0.08, 0.05, 0.04, 0.03, 0.02, 0.01, 8.59E-3])
(47527, 2, 1, 10, [0.18, 0.06, 0.03, 0.02, 8.84E-3, 5.21E-3, 3.16E-3, 1.95E-3, 1.23E-3, 7.81E-4])
(47533, 2, 1, 10, [0.18, 0.06, 0.03, 0.02, 8.84E-3, 5.21E-3, 3.16E-3, 1.95E-3, 1.23E-3, 7.81E-4])
(47543, 2, 1, 10, [0.18, 0.06, 0.03, 0.02, 8.84E-3, 5.21E-3, 3.16E-3, 1.95E-3, 1.23E-3, 7.81E-4])
(47563, 2, 1, 10, [0.18, 0.06, 0.03, 0.02, 8.84E-3, 5.21E-3, 3.16E-3, 1.95E-3, 1.23E-3, 7.81E-4])
(47569, 2, 1, 10, [5.91E-14, 0.06, 4.93E-14, 0.02, 6.21E-14, 5.21E-3, 8.97E-14, 1.95E-3, 1.40E-13, 7.81E-4])
(47581, 2, 1, 10, [0.18, 0.06, 0.03, 0.02, 8.84E-3, 5.21E-3, 3.16E-3, 1.95E-3, 1.23E-3, 7.81E-4])
(47591, 2, 1, 10, [0.18, 0.06, 0.03, 0.02, 8.84E-3, 5.21E-3, 3.16E-3, 1.95E-3, 1.23E-3, 7.81E-4])
(47599, 2, 1, 10, [0.18, 0.06, 0.03, 0.02, 8.84E-3, 5.21E-3, 3.16E-3, 1.95E-3, 1.23E-3, 7.81E-4])
(47609, 2, 1, 10, [1.97E-14, 0.06, 1.64E-14, 0.02, 2.06E-14, 5.21E-3, 2.98E-14, 1.95E-3, 4.66E-14, 7.81E-4])
(47623, 2, 1, 10, [0.18, 0.06, 0.03, 0.02, 8.84E-3, 5.21E-3, 3.16E-3, 1.95E-3, 1.23E-3, 7.81E-4])
(47629, 2, 1, 10, [0.18, 0.06, 0.03, 0.02, 8.84E-3, 5.21E-3, 3.16E-3, 1.95E-3, 1.23E-3, 7.81E-4])
(47639, 2, 1, 10, [0.18, 0.06, 0.03, 0.02, 8.84E-3, 5.21E-3, 3.16E-3, 1.95E-3, 1.23E-3, 7.81E-4])
(47653, 2, 1, 10, [0.18, 0.06, 0.03, 0.02, 8.84E-3, 5.21E-3, 3.16E-3, 1.95E-3, 1.23E-3, 7.81E-4])
(47657, 2, 1, 10, [1.96E-14, 0.06, 1.63E-14, 0.02, 2.06E-14, 5.21E-3, 2.97E-14, 1.95E-3, 4.64E-14, 7.81E-4])
(47659, 2, 1, 10, [0.18, 0.06, 0.03, 0.02, 8.84E-3, 5.21E-3, 3.16E-3, 1.95E-3, 1.23E-3, 7.81E-4])
(47681, 2, 1, 10, [1.96E-14, 0.06, 1.63E-14, 0.02, 2.05E-14, 5.21E-3, 2.97E-14, 1.95E-3, 4.63E-14, 7.81E-4])
(47699, 2, 1, 10, [0.18, 0.06, 0.03, 0.02, 8.84E-3, 5.21E-3, 3.16E-3, 1.95E-3, 1.23E-3, 7.81E-4])
(47701, 2, 1, 10, [0.18, 0.06, 0.03, 0.02, 8.84E-3, 5.21E-3, 3.16E-3, 1.95E-3, 1.23E-3, 7.81E-4])
(47711, 2, 1, 10, [0.18, 0.06, 0.03, 0.02, 8.84E-3, 5.21E-3, 3.16E-3, 1.95E-3, 1.23E-3, 7.81E-4])
(47713, 2, 1, 10, [5.86E-14, 0.06, 4.88E-14, 0.02, 6.15E-14, 5.21E-3, 8.89E-14, 1.95E-3, 1.39E-13, 7.81E-4])
(47717, 2, 1, 10, [0.18, 0.06, 0.03, 0.02, 8.84E-3, 5.21E-3, 3.16E-3, 1.95E-3, 1.23E-3, 7.81E-4])
(47737, 2, 1, 10, [5.85E-14, 0.06, 4.88E-14, 0.02, 6.14E-14, 5.21E-3, 8.88E-14, 1.95E-3, 1.39E-13, 7.81E-4])
(47741, 2, 1, 10, [0.18, 0.06, 0.03, 0.02, 8.84E-3, 5.21E-3, 3.16E-3, 1.95E-3, 1.23E-3, 7.81E-4])
(47743, 2, 1, 10, [0.18, 0.06, 0.03, 0.02, 8.84E-3, 5.21E-3, 3.16E-3, 1.95E-3, 1.23E-3, 7.81E-4])
(47777, 2, 1, 10, [1.95E-14, 0.06, 1.62E-14, 0.02, 2.04E-14, 5.21E-3, 2.95E-14, 1.95E-3, 4.61E-14, 7.81E-4])
(47779, 2, 1, 10, [0.18, 0.06, 0.03, 0.02, 8.84E-3, 5.21E-3, 3.16E-3, 1.95E-3, 1.23E-3, 7.81E-4])
(47791, 2, 1, 10, [0.18, 0.06, 0.03, 0.02, 8.84E-3, 5.21E-3, 3.16E-3, 1.95E-3, 1.23E-3, 7.81E-4])
(47797, 2, 1, 10, [0.18, 0.06, 0.03, 0.02, 8.84E-3, 5.21E-3, 3.16E-3, 1.95E-3, 1.23E-3, 7.81E-4])
(47807, 2, 1, 10, [0.18, 0.06, 0.03, 0.02, 8.84E-3, 5.21E-3, 3.16E-3, 1.95E-3, 1.23E-3, 7.81E-4])
(47809, 2, 1, 10, [0.35, 0.19, 0.12, 0.08, 0.05, 0.04, 0.03, 0.02, 0.01, 8.59E-3])
(47819, 2, 1, 10, [0.18, 0.06, 0.03, 0.02, 8.84E-3, 5.21E-3, 3.16E-3, 1.95E-3, 1.23E-3, 7.81E-4])
(47837, 2, 1, 10, [0.18, 0.06, 0.03, 0.02, 8.84E-3, 5.21E-3, 3.16E-3, 1.95E-3, 1.23E-3, 7.81E-4])
(47843, 2, 1, 10, [0.18, 0.06, 0.03, 0.02, 8.84E-3, 5.21E-3, 3.16E-3, 1.95E-3, 1.23E-3, 7.81E-4])
(47857, 2, 1, 10, [5.81E-14, 0.06, 4.84E-14, 0.02, 6.10E-14, 5.21E-3, 8.81E-14, 1.95E-3, 1.37E-13, 7.81E-4])
(47869, 2, 1, 10, [0.18, 0.06, 0.03, 0.02, 8.84E-3, 5.21E-3, 3.16E-3, 1.95E-3, 1.23E-3, 7.81E-4])
(47881, 2, 1, 10, [5.80E-14, 0.06, 4.83E-14, 0.02, 6.09E-14, 5.21E-3, 8.80E-14, 1.95E-3, 1.37E-13, 7.81E-4])
(47903, 2, 1, 10, [0.18, 0.06, 0.03, 0.02, 8.84E-3, 5.21E-3, 3.16E-3, 1.95E-3, 1.23E-3, 7.81E-4])
(47911, 2, 1, 10, [0.18, 0.06, 0.03, 0.02, 8.84E-3, 5.21E-3, 3.16E-3, 1.95E-3, 1.23E-3, 7.81E-4])
(47917, 2, 1, 10, [0.18, 0.06, 0.03, 0.02, 8.84E-3, 5.21E-3, 3.16E-3, 1.95E-3, 1.23E-3, 7.81E-4])
(47933, 2, 1, 10, [0.18, 0.06, 0.03, 0.02, 8.84E-3, 5.21E-3, 3.16E-3, 1.95E-3, 1.23E-3, 7.81E-4])
(47939, 2, 1, 10, [0.18, 0.06, 0.03, 0.02, 8.84E-3, 5.21E-3, 3.16E-3, 1.95E-3, 1.23E-3, 7.81E-4])
(47947, 2, 1, 10, [0.18, 0.06, 0.03, 0.02, 8.84E-3, 5.21E-3, 3.16E-3, 1.95E-3, 1.23E-3, 7.81E-4])
(47951, 2, 1, 10, [0.18, 0.06, 0.03, 0.02, 8.84E-3, 5.21E-3, 3.16E-3, 1.95E-3, 1.23E-3, 7.81E-4])
(47963, 2, 1, 10, [0.18, 0.06, 0.03, 0.02, 8.84E-3, 5.21E-3, 3.16E-3, 1.95E-3, 1.23E-3, 7.81E-4])
(47969, 2, 1, 10, [1.92E-14, 0.06, 1.60E-14, 0.02, 2.02E-14, 5.21E-3, 2.92E-14, 1.95E-3, 4.55E-14, 7.81E-4])
(47977, 2, 1, 10, [5.76E-14, 0.06, 4.80E-14, 0.02, 6.05E-14, 5.21E-3, 8.75E-14, 1.95E-3, 1.36E-13, 7.81E-4])
(47981, 2, 1, 10, [0.18, 0.06, 0.03, 0.02, 8.84E-3, 5.21E-3, 3.16E-3, 1.95E-3, 1.23E-3, 7.81E-4])
(48017, 2, 1, 10, [1.92E-14, 0.06, 1.60E-14, 0.02, 2.01E-14, 5.21E-3, 2.91E-14, 1.95E-3, 4.54E-14, 7.81E-4])
(48023, 2, 1, 10, [0.18, 0.06, 0.03, 0.02, 8.84E-3, 5.21E-3, 3.16E-3, 1.95E-3, 1.23E-3, 7.81E-4])
(48029, 2, 1, 10, [0.18, 0.06, 0.03, 0.02, 8.84E-3, 5.21E-3, 3.16E-3, 1.95E-3, 1.23E-3, 7.81E-4])
(48049, 2, 1, 10, [5.74E-14, 0.06, 4.78E-14, 0.02, 6.02E-14, 5.21E-3, 8.71E-14, 1.95E-3, 1.36E-13, 7.81E-4])
(48073, 2, 1, 10, [5.73E-14, 0.06, 4.77E-14, 0.02, 6.01E-14, 5.21E-3, 8.69E-14, 1.95E-3, 1.36E-13, 7.81E-4])
(48079, 2, 1, 10, [0.18, 0.06, 0.03, 0.02, 8.84E-3, 5.21E-3, 3.16E-3, 1.95E-3, 1.23E-3, 7.81E-4])
(48091, 2, 1, 10, [0.18, 0.06, 0.03, 0.02, 8.84E-3, 5.21E-3, 3.16E-3, 1.95E-3, 1.23E-3, 7.81E-4])
(48109, 2, 1, 10, [0.18, 0.06, 0.03, 0.02, 8.84E-3, 5.21E-3, 3.16E-3, 1.95E-3, 1.23E-3, 7.81E-4])
(48119, 2, 1, 10, [0.18, 0.06, 0.03, 0.02, 8.84E-3, 5.21E-3, 3.16E-3, 1.95E-3, 1.23E-3, 7.81E-4])
(48121, 2, 1, 10, [0.35, 0.19, 0.12, 0.08, 0.05, 0.04, 0.03, 0.02, 0.01, 8.59E-3])
(48131, 2, 1, 10, [0.18, 0.06, 0.03, 0.02, 8.84E-3, 5.21E-3, 3.16E-3, 1.95E-3, 1.23E-3, 7.81E-4])
(48157, 2, 1, 10, [0.18, 0.06, 0.03, 0.02, 8.84E-3, 5.21E-3, 3.16E-3, 1.95E-3, 1.23E-3, 7.81E-4])
(48163, 2, 1, 10, [0.18, 0.06, 0.03, 0.02, 8.84E-3, 5.21E-3, 3.16E-3, 1.95E-3, 1.23E-3, 7.81E-4])
(48179, 2, 1, 10, [0.18, 0.06, 0.03, 0.02, 8.84E-3, 5.21E-3, 3.16E-3, 1.95E-3, 1.23E-3, 7.81E-4])
(48187, 2, 1, 10, [0.18, 0.06, 0.03, 0.02, 8.84E-3, 5.21E-3, 3.16E-3, 1.95E-3, 1.23E-3, 7.81E-4])
(48193, 2, 1, 10, [5.69E-14, 0.06, 4.74E-14, 0.02, 5.97E-14, 5.21E-3, 8.63E-14, 1.95E-3, 1.35E-13, 7.81E-4])
(48197, 2, 1, 10, [0.18, 0.06, 0.03, 0.02, 8.84E-3, 5.21E-3, 3.16E-3, 1.95E-3, 1.23E-3, 7.81E-4])
(48221, 2, 1, 10, [0.18, 0.06, 0.03, 0.02, 8.84E-3, 5.21E-3, 3.16E-3, 1.95E-3, 1.23E-3, 7.81E-4])
(48239, 2, 1, 10, [0.18, 0.06, 0.03, 0.02, 8.84E-3, 5.21E-3, 3.16E-3, 1.95E-3, 1.23E-3, 7.81E-4])
(48247, 2, 1, 10, [0.18, 0.06, 0.03, 0.02, 8.84E-3, 5.21E-3, 3.16E-3, 1.95E-3, 1.23E-3, 7.81E-4])
(48259, 2, 1, 10, [0.18, 0.06, 0.03, 0.02, 8.84E-3, 5.21E-3, 3.16E-3, 1.95E-3, 1.23E-3, 7.81E-4])
(48271, 2, 1, 10, [0.18, 0.06, 0.03, 0.02, 8.84E-3, 5.21E-3, 3.16E-3, 1.95E-3, 1.23E-3, 7.81E-4])
(48281, 2, 1, 10, [1.88E-14, 0.06, 1.57E-14, 0.02, 1.98E-14, 5.21E-3, 2.86E-14, 1.95E-3, 4.46E-14, 7.81E-4])
(48299, 2, 1, 10, [0.18, 0.06, 0.03, 0.02, 8.84E-3, 5.21E-3, 3.16E-3, 1.95E-3, 1.23E-3, 7.81E-4])
(48311, 2, 1, 10, [0.18, 0.06, 0.03, 0.02, 8.84E-3, 5.21E-3, 3.16E-3, 1.95E-3, 1.23E-3, 7.81E-4])
(48313, 2, 1, 10, [5.64E-14, 0.06, 4.70E-14, 0.02, 5.93E-14, 5.21E-3, 8.57E-14, 1.95E-3, 1.34E-13, 7.81E-4])
(48337, 2, 1, 10, [5.64E-14, 0.06, 4.70E-14, 0.02, 5.92E-14, 5.21E-3, 8.55E-14, 1.95E-3, 1.33E-13, 7.81E-4])
(48341, 2, 1, 10, [0.18, 0.06, 0.03, 0.02, 8.84E-3, 5.21E-3, 3.16E-3, 1.95E-3, 1.23E-3, 7.81E-4])
(48353, 2, 1, 10, [1.88E-14, 0.06, 1.56E-14, 0.02, 1.97E-14, 5.21E-3, 2.85E-14, 1.95E-3, 4.44E-14, 7.81E-4])
(48371, 2, 1, 10, [0.18, 0.06, 0.03, 0.02, 8.84E-3, 5.21E-3, 3.16E-3, 1.95E-3, 1.23E-3, 7.81E-4])
(48383, 2, 1, 10, [0.18, 0.06, 0.03, 0.02, 8.84E-3, 5.21E-3, 3.16E-3, 1.95E-3, 1.23E-3, 7.81E-4])
(48397, 2, 1, 10, [0.18, 0.06, 0.03, 0.02, 8.84E-3, 5.21E-3, 3.16E-3, 1.95E-3, 1.23E-3, 7.81E-4])
(48407, 2, 1, 10, [0.18, 0.06, 0.03, 0.02, 8.84E-3, 5.21E-3, 3.16E-3, 1.95E-3, 1.23E-3, 7.81E-4])
(48409, 2, 1, 10, [5.61E-14, 0.06, 4.67E-14, 0.02, 5.89E-14, 5.21E-3, 8.52E-14, 1.95E-3, 1.33E-13, 7.81E-4])
(48413, 2, 1, 10, [0.18, 0.06, 0.03, 0.02, 8.84E-3, 5.21E-3, 3.16E-3, 1.95E-3, 1.23E-3, 7.81E-4])
(48437, 2, 1, 10, [0.18, 0.06, 0.03, 0.02, 8.84E-3, 5.21E-3, 3.16E-3, 1.95E-3, 1.23E-3, 7.81E-4])
(48449, 2, 1, 10, [1.87E-14, 0.06, 1.55E-14, 0.02, 1.96E-14, 5.21E-3, 2.83E-14, 1.95E-3, 4.42E-14, 7.81E-4])
(48463, 2, 1, 10, [0.18, 0.06, 0.03, 0.02, 8.84E-3, 5.21E-3, 3.16E-3, 1.95E-3, 1.23E-3, 7.81E-4])
(48473, 2, 1, 10, [1.86E-14, 0.06, 1.55E-14, 0.02, 1.96E-14, 5.21E-3, 2.83E-14, 1.95E-3, 4.41E-14, 7.81E-4])
(48479, 2, 1, 10, [0.18, 0.06, 0.03, 0.02, 8.84E-3, 5.21E-3, 3.16E-3, 1.95E-3, 1.23E-3, 7.81E-4])
(48481, 2, 1, 10, [0.35, 0.19, 0.12, 0.08, 0.05, 0.04, 0.03, 0.02, 0.01, 8.59E-3])
(48487, 2, 1, 10, [0.18, 0.06, 0.03, 0.02, 8.84E-3, 5.21E-3, 3.16E-3, 1.95E-3, 1.23E-3, 7.81E-4])
(48491, 2, 1, 10, [0.18, 0.06, 0.03, 0.02, 8.84E-3, 5.21E-3, 3.16E-3, 1.95E-3, 1.23E-3, 7.81E-4])
(48497, 2, 1, 10, [1.86E-14, 0.06, 1.55E-14, 0.02, 1.95E-14, 5.21E-3, 2.82E-14, 1.95E-3, 4.40E-14, 7.81E-4])
(48523, 2, 1, 10, [0.18, 0.06, 0.03, 0.02, 8.84E-3, 5.21E-3, 3.16E-3, 1.95E-3, 1.23E-3, 7.81E-4])
(48527, 2, 1, 10, [0.18, 0.06, 0.03, 0.02, 8.84E-3, 5.21E-3, 3.16E-3, 1.95E-3, 1.23E-3, 7.81E-4])
(48533, 2, 1, 10, [0.18, 0.06, 0.03, 0.02, 8.84E-3, 5.21E-3, 3.16E-3, 1.95E-3, 1.23E-3, 7.81E-4])
(48539, 2, 1, 10, [0.18, 0.06, 0.03, 0.02, 8.84E-3, 5.21E-3, 3.16E-3, 1.95E-3, 1.23E-3, 7.81E-4])
(48541, 2, 1, 10, [0.18, 0.06, 0.03, 0.02, 8.84E-3, 5.21E-3, 3.16E-3, 1.95E-3, 1.23E-3, 7.81E-4])
(48563, 2, 1, 10, [0.18, 0.06, 0.03, 0.02, 8.84E-3, 5.21E-3, 3.16E-3, 1.95E-3, 1.23E-3, 7.81E-4])
(48571, 2, 1, 10, [0.18, 0.06, 0.03, 0.02, 8.84E-3, 5.21E-3, 3.16E-3, 1.95E-3, 1.23E-3, 7.81E-4])
(48589, 2, 1, 10, [0.18, 0.06, 0.03, 0.02, 8.84E-3, 5.21E-3, 3.16E-3, 1.95E-3, 1.23E-3, 7.81E-4])
(48593, 2, 1, 10, [1.85E-14, 0.06, 1.54E-14, 0.02, 1.94E-14, 5.21E-3, 2.81E-14, 1.95E-3, 4.38E-14, 7.81E-4])
(48611, 2, 1, 10, [0.18, 0.06, 0.03, 0.02, 8.84E-3, 5.21E-3, 3.16E-3, 1.95E-3, 1.23E-3, 7.81E-4])
(48619, 2, 1, 10, [0.18, 0.06, 0.03, 0.02, 8.84E-3, 5.21E-3, 3.16E-3, 1.95E-3, 1.23E-3, 7.81E-4])
(48623, 2, 1, 10, [0.18, 0.06, 0.03, 0.02, 8.84E-3, 5.21E-3, 3.16E-3, 1.95E-3, 1.23E-3, 7.81E-4])
(48647, 2, 1, 10, [0.18, 0.06, 0.03, 0.02, 8.84E-3, 5.21E-3, 3.16E-3, 1.95E-3, 1.23E-3, 7.81E-4])
(48649, 2, 1, 10, [0.35, 0.19, 0.12, 0.08, 0.05, 0.04, 0.03, 0.02, 0.01, 8.59E-3])
(48661, 2, 1, 10, [0.18, 0.06, 0.03, 0.02, 8.84E-3, 5.21E-3, 3.16E-3, 1.95E-3, 1.23E-3, 7.81E-4])
(48673, 2, 1, 10, [5.52E-14, 0.06, 4.60E-14, 0.02, 5.80E-14, 5.21E-3, 8.38E-14, 1.95E-3, 1.31E-13, 7.81E-4])
(48677, 2, 1, 10, [0.18, 0.06, 0.03, 0.02, 8.84E-3, 5.21E-3, 3.16E-3, 1.95E-3, 1.23E-3, 7.81E-4])
(48679, 2, 1, 10, [0.18, 0.06, 0.03, 0.02, 8.84E-3, 5.21E-3, 3.16E-3, 1.95E-3, 1.23E-3, 7.81E-4])
(48731, 2, 1, 10, [0.18, 0.06, 0.03, 0.02, 8.84E-3, 5.21E-3, 3.16E-3, 1.95E-3, 1.23E-3, 7.81E-4])
(48733, 2, 1, 10, [0.18, 0.06, 0.03, 0.02, 8.84E-3, 5.21E-3, 3.16E-3, 1.95E-3, 1.23E-3, 7.81E-4])
(48751, 2, 1, 10, [0.18, 0.06, 0.03, 0.02, 8.84E-3, 5.21E-3, 3.16E-3, 1.95E-3, 1.23E-3, 7.81E-4])
(48757, 2, 1, 10, [0.18, 0.06, 0.03, 0.02, 8.84E-3, 5.21E-3, 3.16E-3, 1.95E-3, 1.23E-3, 7.81E-4])
(48761, 2, 1, 10, [1.83E-14, 0.06, 1.52E-14, 0.02, 1.92E-14, 5.21E-3, 2.78E-14, 1.95E-3, 4.33E-14, 7.81E-4])
(48767, 2, 1, 10, [0.18, 0.06, 0.03, 0.02, 8.84E-3, 5.21E-3, 3.16E-3, 1.95E-3, 1.23E-3, 7.81E-4])
(48779, 2, 1, 10, [0.18, 0.06, 0.03, 0.02, 8.84E-3, 5.21E-3, 3.16E-3, 1.95E-3, 1.23E-3, 7.81E-4])
(48781, 2, 1, 10, [0.18, 0.06, 0.03, 0.02, 8.84E-3, 5.21E-3, 3.16E-3, 1.95E-3, 1.23E-3, 7.81E-4])
(48787, 2, 1, 10, [0.18, 0.06, 0.03, 0.02, 8.84E-3, 5.21E-3, 3.16E-3, 1.95E-3, 1.23E-3, 7.81E-4])
(48799, 2, 1, 10, [0.18, 0.06, 0.03, 0.02, 8.84E-3, 5.21E-3, 3.16E-3, 1.95E-3, 1.23E-3, 7.81E-4])
(48809, 2, 1, 10, [1.82E-14, 0.06, 1.52E-14, 0.02, 1.92E-14, 5.21E-3, 2.77E-14, 1.95E-3, 4.32E-14, 7.81E-4])
(48817, 2, 1, 10, [5.47E-14, 0.06, 4.56E-14, 0.02, 5.74E-14, 5.21E-3, 8.30E-14, 1.95E-3, 1.30E-13, 7.81E-4])
(48821, 2, 1, 10, [0.18, 0.06, 0.03, 0.02, 8.84E-3, 5.21E-3, 3.16E-3, 1.95E-3, 1.23E-3, 7.81E-4])
(48823, 2, 1, 10, [0.18, 0.06, 0.03, 0.02, 8.84E-3, 5.21E-3, 3.16E-3, 1.95E-3, 1.23E-3, 7.81E-4])
(48847, 2, 1, 10, [0.18, 0.06, 0.03, 0.02, 8.84E-3, 5.21E-3, 3.16E-3, 1.95E-3, 1.23E-3, 7.81E-4])
(48857, 2, 1, 10, [1.82E-14, 0.06, 1.52E-14, 0.02, 1.91E-14, 5.21E-3, 2.76E-14, 1.95E-3, 4.31E-14, 7.81E-4])
(48859, 2, 1, 10, [0.18, 0.06, 0.03, 0.02, 8.84E-3, 5.21E-3, 3.16E-3, 1.95E-3, 1.23E-3, 7.81E-4])
(48869, 2, 1, 10, [0.18, 0.06, 0.03, 0.02, 8.84E-3, 5.21E-3, 3.16E-3, 1.95E-3, 1.23E-3, 7.81E-4])
(48871, 2, 1, 10, [0.18, 0.06, 0.03, 0.02, 8.84E-3, 5.21E-3, 3.16E-3, 1.95E-3, 1.23E-3, 7.81E-4])
(48883, 2, 1, 10, [0.18, 0.06, 0.03, 0.02, 8.84E-3, 5.21E-3, 3.16E-3, 1.95E-3, 1.23E-3, 7.81E-4])
(48889, 2, 1, 10, [5.45E-14, 0.06, 4.54E-14, 0.02, 5.72E-14, 5.21E-3, 8.27E-14, 1.95E-3, 1.29E-13, 7.81E-4])
(48907, 2, 1, 10, [0.18, 0.06, 0.03, 0.02, 8.84E-3, 5.21E-3, 3.16E-3, 1.95E-3, 1.23E-3, 7.81E-4])
(48947, 2, 1, 10, [0.18, 0.06, 0.03, 0.02, 8.84E-3, 5.21E-3, 3.16E-3, 1.95E-3, 1.23E-3, 7.81E-4])
(48953, 2, 1, 10, [1.81E-14, 0.06, 1.51E-14, 0.02, 1.90E-14, 5.21E-3, 2.74E-14, 1.95E-3, 4.28E-14, 7.81E-4])
(48973, 2, 1, 10, [0.18, 0.06, 0.03, 0.02, 8.84E-3, 5.21E-3, 3.16E-3, 1.95E-3, 1.23E-3, 7.81E-4])
(48989, 2, 1, 10, [0.18, 0.06, 0.03, 0.02, 8.84E-3, 5.21E-3, 3.16E-3, 1.95E-3, 1.23E-3, 7.81E-4])
(48991, 2, 1, 10, [0.18, 0.06, 0.03, 0.02, 8.84E-3, 5.21E-3, 3.16E-3, 1.95E-3, 1.23E-3, 7.81E-4])
(49003, 2, 1, 10, [0.18, 0.06, 0.03, 0.02, 8.84E-3, 5.21E-3, 3.16E-3, 1.95E-3, 1.23E-3, 7.81E-4])
(49009, 2, 1, 10, [5.41E-14, 0.06, 4.51E-14, 0.02, 5.68E-14, 5.21E-3, 8.21E-14, 1.95E-3, 1.28E-13, 7.81E-4])
(49019, 2, 1, 10, [0.18, 0.06, 0.03, 0.02, 8.84E-3, 5.21E-3, 3.16E-3, 1.95E-3, 1.23E-3, 7.81E-4])
(49031, 2, 1, 10, [0.18, 0.06, 0.03, 0.02, 8.84E-3, 5.21E-3, 3.16E-3, 1.95E-3, 1.23E-3, 7.81E-4])
(49033, 2, 1, 10, [5.40E-14, 0.06, 4.50E-14, 0.02, 5.67E-14, 5.21E-3, 8.19E-14, 1.95E-3, 1.28E-13, 7.81E-4])
(49037, 2, 1, 10, [0.18, 0.06, 0.03, 0.02, 8.84E-3, 5.21E-3, 3.16E-3, 1.95E-3, 1.23E-3, 7.81E-4])
(49043, 2, 1, 10, [0.18, 0.06, 0.03, 0.02, 8.84E-3, 5.21E-3, 3.16E-3, 1.95E-3, 1.23E-3, 7.81E-4])
(49057, 2, 1, 10, [5.39E-14, 0.06, 4.49E-14, 0.02, 5.66E-14, 5.21E-3, 8.18E-14, 1.95E-3, 1.28E-13, 7.81E-4])
(49069, 2, 1, 10, [0.18, 0.06, 0.03, 0.02, 8.84E-3, 5.21E-3, 3.16E-3, 1.95E-3, 1.23E-3, 7.81E-4])
(49081, 2, 1, 10, [5.38E-14, 0.06, 4.49E-14, 0.02, 5.65E-14, 5.21E-3, 8.17E-14, 1.95E-3, 1.27E-13, 7.81E-4])
(49103, 2, 1, 10, [0.18, 0.06, 0.03, 0.02, 8.84E-3, 5.21E-3, 3.16E-3, 1.95E-3, 1.23E-3, 7.81E-4])
(49109, 2, 1, 10, [0.18, 0.06, 0.03, 0.02, 8.84E-3, 5.21E-3, 3.16E-3, 1.95E-3, 1.23E-3, 7.81E-4])
(49117, 2, 1, 10, [0.18, 0.06, 0.03, 0.02, 8.84E-3, 5.21E-3, 3.16E-3, 1.95E-3, 1.23E-3, 7.81E-4])
(49121, 2, 1, 10, [1.79E-14, 0.06, 1.49E-14, 0.02, 1.88E-14, 5.21E-3, 2.72E-14, 1.95E-3, 4.24E-14, 7.81E-4])
(49123, 2, 1, 10, [0.18, 0.06, 0.03, 0.02, 8.84E-3, 5.21E-3, 3.16E-3, 1.95E-3, 1.23E-3, 7.81E-4])
(49139, 2, 1, 10, [0.18, 0.06, 0.03, 0.02, 8.84E-3, 5.21E-3, 3.16E-3, 1.95E-3, 1.23E-3, 7.81E-4])
(49157, 2, 1, 10, [0.18, 0.06, 0.03, 0.02, 8.84E-3, 5.21E-3, 3.16E-3, 1.95E-3, 1.23E-3, 7.81E-4])
(49169, 2, 1, 10, [1.78E-14, 0.06, 1.49E-14, 0.02, 1.87E-14, 5.21E-3, 2.71E-14, 1.95E-3, 4.23E-14, 7.81E-4])
(49171, 2, 1, 10, [0.18, 0.06, 0.03, 0.02, 8.84E-3, 5.21E-3, 3.16E-3, 1.95E-3, 1.23E-3, 7.81E-4])
(49177, 2, 1, 10, [5.35E-14, 0.06, 4.46E-14, 0.02, 5.62E-14, 5.21E-3, 8.12E-14, 1.95E-3, 1.27E-13, 7.81E-4])
(49193, 2, 1, 10, [1.78E-14, 0.06, 1.48E-14, 0.02, 1.87E-14, 5.21E-3, 2.70E-14, 1.95E-3, 4.22E-14, 7.81E-4])
(49199, 2, 1, 10, [0.18, 0.06, 0.03, 0.02, 8.84E-3, 5.21E-3, 3.16E-3, 1.95E-3, 1.23E-3, 7.81E-4])
(49201, 2, 1, 10, [0.35, 0.19, 0.12, 0.08, 0.05, 0.04, 0.03, 0.02, 0.01, 8.59E-3])
(49207, 2, 1, 10, [0.18, 0.06, 0.03, 0.02, 8.84E-3, 5.21E-3, 3.16E-3, 1.95E-3, 1.23E-3, 7.81E-4])
(49211, 2, 1, 10, [0.18, 0.06, 0.03, 0.02, 8.84E-3, 5.21E-3, 3.16E-3, 1.95E-3, 1.23E-3, 7.81E-4])
(49223, 2, 1, 10, [0.18, 0.06, 0.03, 0.02, 8.84E-3, 5.21E-3, 3.16E-3, 1.95E-3, 1.23E-3, 7.81E-4])
(49253, 2, 1, 10, [0.18, 0.06, 0.03, 0.02, 8.84E-3, 5.21E-3, 3.16E-3, 1.95E-3, 1.23E-3, 7.81E-4])
(49261, 2, 1, 10, [0.18, 0.06, 0.03, 0.02, 8.84E-3, 5.21E-3, 3.16E-3, 1.95E-3, 1.23E-3, 7.81E-4])
(49277, 2, 1, 10, [0.18, 0.06, 0.03, 0.02, 8.84E-3, 5.21E-3, 3.16E-3, 1.95E-3, 1.23E-3, 7.81E-4])
(49279, 2, 1, 10, [0.18, 0.06, 0.03, 0.02, 8.84E-3, 5.21E-3, 3.16E-3, 1.95E-3, 1.23E-3, 7.81E-4])
(49297, 2, 1, 10, [5.31E-14, 0.06, 4.43E-14, 0.02, 5.58E-14, 5.21E-3, 8.06E-14, 1.95E-3, 1.26E-13, 7.81E-4])
(49307, 2, 1, 10, [0.18, 0.06, 0.03, 0.02, 8.84E-3, 5.21E-3, 3.16E-3, 1.95E-3, 1.23E-3, 7.81E-4])
(49331, 2, 1, 10, [0.18, 0.06, 0.03, 0.02, 8.84E-3, 5.21E-3, 3.16E-3, 1.95E-3, 1.23E-3, 7.81E-4])
(49333, 2, 1, 10, [0.18, 0.06, 0.03, 0.02, 8.84E-3, 5.21E-3, 3.16E-3, 1.95E-3, 1.23E-3, 7.81E-4])
(49339, 2, 1, 10, [0.18, 0.06, 0.03, 0.02, 8.84E-3, 5.21E-3, 3.16E-3, 1.95E-3, 1.23E-3, 7.81E-4])
(49363, 2, 1, 10, [0.18, 0.06, 0.03, 0.02, 8.84E-3, 5.21E-3, 3.16E-3, 1.95E-3, 1.23E-3, 7.81E-4])
(49367, 2, 1, 10, [0.18, 0.06, 0.03, 0.02, 8.84E-3, 5.21E-3, 3.16E-3, 1.95E-3, 1.23E-3, 7.81E-4])
(49369, 2, 1, 10, [0.35, 0.19, 0.12, 0.08, 0.05, 0.04, 0.03, 0.02, 0.01, 8.59E-3])
(49391, 2, 1, 10, [0.18, 0.06, 0.03, 0.02, 8.84E-3, 5.21E-3, 3.16E-3, 1.95E-3, 1.23E-3, 7.81E-4])
(49393, 2, 1, 10, [5.28E-14, 0.06, 4.40E-14, 0.02, 5.55E-14, 5.21E-3, 8.02E-14, 1.95E-3, 1.25E-13, 7.81E-4])
(49409, 2, 1, 10, [1.76E-14, 0.06, 1.47E-14, 0.02, 1.85E-14, 5.21E-3, 2.67E-14, 1.95E-3, 4.16E-14, 7.81E-4])
(49411, 2, 1, 10, [0.18, 0.06, 0.03, 0.02, 8.84E-3, 5.21E-3, 3.16E-3, 1.95E-3, 1.23E-3, 7.81E-4])
(49417, 2, 1, 10, [5.27E-14, 0.06, 4.39E-14, 0.02, 5.54E-14, 5.21E-3, 8.00E-14, 1.95E-3, 1.25E-13, 7.81E-4])
(49429, 2, 1, 10, [0.18, 0.06, 0.03, 0.02, 8.84E-3, 5.21E-3, 3.16E-3, 1.95E-3, 1.23E-3, 7.81E-4])
(49433, 2, 1, 10, [1.76E-14, 0.06, 1.46E-14, 0.02, 1.84E-14, 5.21E-3, 2.67E-14, 1.95E-3, 4.16E-14, 7.81E-4])
(49451, 2, 1, 10, [0.18, 0.06, 0.03, 0.02, 8.84E-3, 5.21E-3, 3.16E-3, 1.95E-3, 1.23E-3, 7.81E-4])
(49459, 2, 1, 10, [0.18, 0.06, 0.03, 0.02, 8.84E-3, 5.21E-3, 3.16E-3, 1.95E-3, 1.23E-3, 7.81E-4])
(49463, 2, 1, 10, [0.18, 0.06, 0.03, 0.02, 8.84E-3, 5.21E-3, 3.16E-3, 1.95E-3, 1.23E-3, 7.81E-4])
(49477, 2, 1, 10, [0.18, 0.06, 0.03, 0.02, 8.84E-3, 5.21E-3, 3.16E-3, 1.95E-3, 1.23E-3, 7.81E-4])
(49481, 2, 1, 10, [1.75E-14, 0.06, 1.46E-14, 0.02, 1.84E-14, 5.21E-3, 2.66E-14, 1.95E-3, 4.15E-14, 7.81E-4])
(49499, 2, 1, 10, [0.18, 0.06, 0.03, 0.02, 8.84E-3, 5.21E-3, 3.16E-3, 1.95E-3, 1.23E-3, 7.81E-4])
(49523, 2, 1, 10, [0.18, 0.06, 0.03, 0.02, 8.84E-3, 5.21E-3, 3.16E-3, 1.95E-3, 1.23E-3, 7.81E-4])
(49529, 2, 1, 10, [1.75E-14, 0.06, 1.45E-14, 0.02, 1.83E-14, 5.21E-3, 2.65E-14, 1.95E-3, 4.13E-14, 7.81E-4])
(49531, 2, 1, 10, [0.18, 0.06, 0.03, 0.02, 8.84E-3, 5.21E-3, 3.16E-3, 1.95E-3, 1.23E-3, 7.81E-4])
(49537, 2, 1, 10, [5.24E-14, 0.06, 4.36E-14, 0.02, 5.50E-14, 5.21E-3, 7.95E-14, 1.95E-3, 1.24E-13, 7.81E-4])
(49547, 2, 1, 10, [0.18, 0.06, 0.03, 0.02, 8.84E-3, 5.21E-3, 3.16E-3, 1.95E-3, 1.23E-3, 7.81E-4])
(49549, 2, 1, 10, [0.18, 0.06, 0.03, 0.02, 8.84E-3, 5.21E-3, 3.16E-3, 1.95E-3, 1.23E-3, 7.81E-4])
(49559, 2, 1, 10, [0.18, 0.06, 0.03, 0.02, 8.84E-3, 5.21E-3, 3.16E-3, 1.95E-3, 1.23E-3, 7.81E-4])
(49597, 2, 1, 10, [0.18, 0.06, 0.03, 0.02, 8.84E-3, 5.21E-3, 3.16E-3, 1.95E-3, 1.23E-3, 7.81E-4])
(49603, 2, 1, 10, [0.18, 0.06, 0.03, 0.02, 8.84E-3, 5.21E-3, 3.16E-3, 1.95E-3, 1.23E-3, 7.81E-4])
(49613, 2, 1, 10, [0.18, 0.06, 0.03, 0.02, 8.84E-3, 5.21E-3, 3.16E-3, 1.95E-3, 1.23E-3, 7.81E-4])
(49627, 2, 1, 10, [0.18, 0.06, 0.03, 0.02, 8.84E-3, 5.21E-3, 3.16E-3, 1.95E-3, 1.23E-3, 7.81E-4])
(49633, 2, 1, 10, [5.21E-14, 0.06, 4.34E-14, 0.02, 5.47E-14, 5.21E-3, 7.90E-14, 1.95E-3, 1.23E-13, 7.81E-4])
(49639, 2, 1, 10, [0.18, 0.06, 0.03, 0.02, 8.84E-3, 5.21E-3, 3.16E-3, 1.95E-3, 1.23E-3, 7.81E-4])
(49663, 2, 1, 10, [0.18, 0.06, 0.03, 0.02, 8.84E-3, 5.21E-3, 3.16E-3, 1.95E-3, 1.23E-3, 7.81E-4])
(49667, 2, 1, 10, [0.18, 0.06, 0.03, 0.02, 8.84E-3, 5.21E-3, 3.16E-3, 1.95E-3, 1.23E-3, 7.81E-4])
(49669, 2, 1, 10, [0.18, 0.06, 0.03, 0.02, 8.84E-3, 5.21E-3, 3.16E-3, 1.95E-3, 1.23E-3, 7.81E-4])
(49681, 2, 1, 10, [5.19E-14, 0.06, 4.32E-14, 0.02, 5.45E-14, 5.21E-3, 7.88E-14, 1.95E-3, 1.23E-13, 7.81E-4])
(49697, 2, 1, 10, [1.73E-14, 0.06, 1.44E-14, 0.02, 1.81E-14, 5.21E-3, 2.62E-14, 1.95E-3, 4.09E-14, 7.81E-4])
(49711, 2, 1, 10, [0.18, 0.06, 0.03, 0.02, 8.84E-3, 5.21E-3, 3.16E-3, 1.95E-3, 1.23E-3, 7.81E-4])
(49727, 2, 1, 10, [0.18, 0.06, 0.03, 0.02, 8.84E-3, 5.21E-3, 3.16E-3, 1.95E-3, 1.23E-3, 7.81E-4])
(49739, 2, 1, 10, [0.18, 0.06, 0.03, 0.02, 8.84E-3, 5.21E-3, 3.16E-3, 1.95E-3, 1.23E-3, 7.81E-4])
(49741, 2, 1, 10, [0.18, 0.06, 0.03, 0.02, 8.84E-3, 5.21E-3, 3.16E-3, 1.95E-3, 1.23E-3, 7.81E-4])
(49747, 2, 1, 10, [0.18, 0.06, 0.03, 0.02, 8.84E-3, 5.21E-3, 3.16E-3, 1.95E-3, 1.23E-3, 7.81E-4])
(49757, 2, 1, 10, [0.18, 0.06, 0.03, 0.02, 8.84E-3, 5.21E-3, 3.16E-3, 1.95E-3, 1.23E-3, 7.81E-4])
(49783, 2, 1, 10, [0.18, 0.06, 0.03, 0.02, 8.84E-3, 5.21E-3, 3.16E-3, 1.95E-3, 1.23E-3, 7.81E-4])
(49787, 2, 1, 10, [0.18, 0.06, 0.03, 0.02, 8.84E-3, 5.21E-3, 3.16E-3, 1.95E-3, 1.23E-3, 7.81E-4])
(49789, 2, 1, 10, [0.18, 0.06, 0.03, 0.02, 8.84E-3, 5.21E-3, 3.16E-3, 1.95E-3, 1.23E-3, 7.81E-4])
(49801, 2, 1, 10, [0.35, 0.19, 0.12, 0.08, 0.05, 0.04, 0.03, 0.02, 0.01, 8.59E-3])
(49807, 2, 1, 10, [0.18, 0.06, 0.03, 0.02, 8.84E-3, 5.21E-3, 3.16E-3, 1.95E-3, 1.23E-3, 7.81E-4])
(49811, 2, 1, 10, [0.18, 0.06, 0.03, 0.02, 8.84E-3, 5.21E-3, 3.16E-3, 1.95E-3, 1.23E-3, 7.81E-4])
(49823, 2, 1, 10, [0.18, 0.06, 0.03, 0.02, 8.84E-3, 5.21E-3, 3.16E-3, 1.95E-3, 1.23E-3, 7.81E-4])
(49831, 2, 1, 10, [0.18, 0.06, 0.03, 0.02, 8.84E-3, 5.21E-3, 3.16E-3, 1.95E-3, 1.23E-3, 7.81E-4])
(49843, 2, 1, 10, [0.18, 0.06, 0.03, 0.02, 8.84E-3, 5.21E-3, 3.16E-3, 1.95E-3, 1.23E-3, 7.81E-4])
(49853, 2, 1, 10, [0.18, 0.06, 0.03, 0.02, 8.84E-3, 5.21E-3, 3.16E-3, 1.95E-3, 1.23E-3, 7.81E-4])
(49871, 2, 1, 10, [0.18, 0.06, 0.03, 0.02, 8.84E-3, 5.21E-3, 3.16E-3, 1.95E-3, 1.23E-3, 7.81E-4])
(49877, 2, 1, 10, [0.18, 0.06, 0.03, 0.02, 8.84E-3, 5.21E-3, 3.16E-3, 1.95E-3, 1.23E-3, 7.81E-4])
(49891, 2, 1, 10, [0.18, 0.06, 0.03, 0.02, 8.84E-3, 5.21E-3, 3.16E-3, 1.95E-3, 1.23E-3, 7.81E-4])
(49919, 2, 1, 10, [0.18, 0.06, 0.03, 0.02, 8.84E-3, 5.21E-3, 3.16E-3, 1.95E-3, 1.23E-3, 7.81E-4])
(49921, 2, 1, 10, [5.12E-14, 0.06, 4.26E-14, 0.02, 5.37E-14, 5.21E-3, 7.76E-14, 1.95E-3, 1.21E-13, 7.81E-4])
(49927, 2, 1, 10, [0.18, 0.06, 0.03, 0.02, 8.84E-3, 5.21E-3, 3.16E-3, 1.95E-3, 1.23E-3, 7.81E-4])
(49937, 2, 1, 10, [1.70E-14, 0.06, 1.42E-14, 0.02, 1.79E-14, 5.21E-3, 2.59E-14, 1.95E-3, 4.03E-14, 7.81E-4])
(49939, 2, 1, 10, [0.18, 0.06, 0.03, 0.02, 8.84E-3, 5.21E-3, 3.16E-3, 1.95E-3, 1.23E-3, 7.81E-4])
(49943, 2, 1, 10, [0.18, 0.06, 0.03, 0.02, 8.84E-3, 5.21E-3, 3.16E-3, 1.95E-3, 1.23E-3, 7.81E-4])
(49957, 2, 1, 10, [0.18, 0.06, 0.03, 0.02, 8.84E-3, 5.21E-3, 3.16E-3, 1.95E-3, 1.23E-3, 7.81E-4])
(49991, 2, 1, 10, [0.18, 0.06, 0.03, 0.02, 8.84E-3, 5.21E-3, 3.16E-3, 1.95E-3, 1.23E-3, 7.81E-4])
(49993, 2, 1, 10, [5.09E-14, 0.06, 4.24E-14, 0.02, 5.35E-14, 5.21E-3, 7.73E-14, 1.95E-3, 1.21E-13, 7.81E-4])
(49999, 2, 1, 10, [0.18, 0.06, 0.03, 0.02, 8.84E-3, 5.21E-3, 3.16E-3, 1.95E-3, 1.23E-3, 7.81E-4])
